record_id,community_name,entity_name,inside_boundary_of,km,total_capacity,latitude,longitude,map,my_read,decision,your_value,notes
{E7B9AC7C-E3C6-4313-A350-5414BFE26A53},Noatak,AVEC Power Plant,Marshall,630.48,95300,61.87844406,-162.084732,"https://www.google.com/maps?q=61.87844406,-162.084732","village power plant 630 km away in Marshall: coordinate error, likely AVEC office/other plant",,,
{EF7B6BA1-2FF6-404A-9A5F-01A83B09D969},Sand Point,AK DOT&PF Sand Point,Unalaska,415.34,2000,53.896944,-166.54,"https://www.google.com/maps?q=53.896944,-166.54",DOT station inside Unalaska: coordinate error,,,
{996CA338-3112-43BA-964E-BAC877F58828},Healy,Alaska Power & Telephone - Healy Lake Power Generation Plant,Healy Lake,170.17,14000,64.000306,-144.734444,"https://www.google.com/maps?q=64.000306,-144.734444",Healy Lake plant labelled Healy: label error (Healy Lake is its own community),,,
{C9E914FB-038D-497D-9C7E-7920E1429211},Eielson Afb,Eielson Airforce Base - Oklahoma Range,Fort Greely,104.28,32075,63.83333,-145.82217,"https://www.google.com/maps?q=63.83333,-145.82217",Oklahoma bombing range near Fort Greely: genuine remote site,,,
{807124A8-0A6D-42E6-98ED-616888004B49},Fort Yukon,Yukon Flats School District,Beaver,96.19,42000,66.35966616,-147.3966131,"https://www.google.com/maps?q=66.35966616,-147.3966131",school district row inside Beaver: coordinate or label error,,,
{E6AB9F80-923B-43FA-B7E0-74FB0874B59A},Palmer,AT&T - Palmer - Sheep Mountain,Glacier View,76.36,3000,61.788126,-147.675583,"https://www.google.com/maps?q=61.788126,-147.675583",Sheep Mountain repeater: genuine remote site,,,
{14C061AA-262D-4039-AB9A-C4C93FF6ACD2},Fairbanks,AT&T - Fairbanks - Buck Microwave Repeater,Harding-Birch Lakes,72.01,5000,64.3795,-146.3972,"https://www.google.com/maps?q=64.3795,-146.3972",Buck microwave repeater: genuine remote site,,,
{6E8C9118-7533-452B-9658-1DC4DFD6FA05},Glennallen,AT&T - Glennallen - Kimball Pass,Tonsina,65.71,5000,61.5135,-145.029,"https://www.google.com/maps?q=61.5135,-145.029",Kimball Pass repeater: genuine remote site,,,
{464FE024-2A99-4A73-956B-AFDC49328212},Valdez,DOT&PF APT / MS,Cordova,61.81,14000,60.499369,-145.479589,"https://www.google.com/maps?q=60.499369,-145.479589",DOT airport/maintenance inside Cordova: coordinate error (Valdez has its own),,,
{E2EBBB67-58E8-4EED-B69B-A03B77169EB6},Wasilla,State of Alaska Department of Corrections - Goose Creek Corectional Center,Point MacKenzie,32.93,77000,61.360181,-150.012503,"https://www.google.com/maps?q=61.360181,-150.012503",Goose Creek / Pt MacKenzie corrections: genuine remote site (label could be Point MacKenzie),,,
{65DFB897-7E85-4456-850D-913C7D010004},Wasilla,State of Alaska Department of Corrections - Point Mackenzie Correctional Farm,Point MacKenzie,31.89,3000,61.41665,-150.079139,"https://www.google.com/maps?q=61.41665,-150.079139",Goose Creek / Pt MacKenzie corrections: genuine remote site (label could be Point MacKenzie),,,
{32574618-B703-4A8E-85F9-35EC4E4EA4A9},Pilot Point,AK DOT&PF Pilot Point,Ugashik,27.57,1000,57.578333,-157.053889,"https://www.google.com/maps?q=57.578333,-157.053889",DOT inside Ugashik: coordinate error (airport is at Pilot Point),,,
{BA4EE9C3-1152-401B-9F6A-8BEA6C9A7894},Delta Junction,State of Alaska Department of Fish and Game - Delta Junction,Deltana,22.36,1000,63.909763,-145.27708,"https://www.google.com/maps?q=63.909763,-145.27708",Fish & Game inside Deltana: genuine remote site,,,
