record_id,facility_pid_2022,source_row_2022,community_name,field,old_value,new_value,reason,evidence,reviewer,reviewed_on,status,decided_in,present_in_2025
{5AEE4579-120C-418C-965A-911EFB7A4873},f000120,1011,Kodiak,latitude,54.853056,57.794680,approve,Address verified on AEA raw Bulk fuel facilitiy CSV,JC,2026-10-05,approved,corrections_decisions.xlsx/Decisions,True
{5AEE4579-120C-418C-965A-911EFB7A4873},f000120,1011,Kodiak,longitude,-152.39288,-152.392880,approve,Address verified on AEA raw Bulk fuel facilitiy CSV,JC,2026-10-05,approved,corrections_decisions.xlsx/Decisions,True
{D0D325AD-A296-437B-9213-8A2FD2F3621D},f000268,457,Coldfoot,latitude,67.252778,67.278080,approve,Confirmed via satelitte imagery on google maps,JC,2026-10-06,approved,corrections_decisions.xlsx/Decisions,True
{D0D325AD-A296-437B-9213-8A2FD2F3621D},f000268,457,Coldfoot,longitude,-131.699722,-150.268770,approve,Confirmed via satelitte imagery on google maps,JC,2026-10-06,approved,corrections_decisions.xlsx/Decisions,True
{8D408F52-5CE0-4A95-A586-79D54041D7C7},f000283,313,Bethel,latitude,67.79558,60.795580,approve,Confirmed via satellite imagery & address on raw AEA bulk fuel facility CSV,JC,2026-10-07,approved,corrections_decisions.xlsx/Decisions,True
{8D408F52-5CE0-4A95-A586-79D54041D7C7},f000283,313,Bethel,longitude,-161.7611,-161.761100,approve,Confirmed via satellite imagery & address on raw AEA bulk fuel facility CSV,JC,2026-10-07,approved,corrections_decisions.xlsx/Decisions,True
{978F2CF3-F873-42E9-A4F4-4744D455FBA9},f000093,1206,New Stuyahok,latitude,59.4571,59.457100,approve,Places it at airport,JC,2026-10-08,approved,corrections_decisions.xlsx/Decisions,True
{978F2CF3-F873-42E9-A4F4-4744D455FBA9},f000093,1206,New Stuyahok,longitude,-159.3748,-157.374800,approve,Places it at airport,JC,2026-10-08,approved,corrections_decisions.xlsx/Decisions,True
{E4CF3B9E-8613-49C3-94A8-E46B9248AE34},f000917,507,Delta Junction,community_name,Delta Junction,Healy Lake,reject,"This tank belongs to Healy Lake, not Delta Junction. Confirmed with satellite imagery",JC,2026-10-05,pending,corrections_decisions.xlsx/Decisions,True
{A5E8D42A-4A72-4380-B9D4-5CC0084B55D2},f001606,1770,Unalaska,latitude,63.89194,53.882740,approve,confirmed on AEA raw bulk fuel facility CSV,JC,2026-10-05,approved,corrections_decisions.xlsx/Decisions,True
{A5E8D42A-4A72-4380-B9D4-5CC0084B55D2},f001606,1770,Unalaska,longitude,-160.6842,-166.550742,approve,confirmed on AEA raw bulk fuel facility CSV,JC,2026-10-05,approved,corrections_decisions.xlsx/Decisions,True
{621FCC2F-3A90-426E-A211-00250864F71E},f000147,1756,Unalakleet,latitude,53.88274,63.891940,approve,confirmed on AEA raw bulk fuel facility CSV,JC,2026-10-05,approved,corrections_decisions.xlsx/Decisions,True
{621FCC2F-3A90-426E-A211-00250864F71E},f000147,1756,Unalakleet,longitude,-166.550742,-160.684200,approve,confirmed on AEA raw bulk fuel facility CSV,JC,2026-10-05,approved,corrections_decisions.xlsx/Decisions,True
{5CE97A73-0D33-4600-836B-A3E084CE3826},f000534,481,Craig,(undecided),,,,The supporting detials in the raw CSV value support the facility being located in Craig. It is just the coordinates that are placed in Coffman Cove,JC,2026-10-05,pending,corrections_decisions.xlsx/Open questions,True
{B15A52C6-6F30-470D-9BA8-5037E9F1F1EC},f000508,552,Eielson Afb,community_name,Eielson Afb,Anchorage,approve,Located on JBER and labeled as JBER on raw CSV table,JC,2026-10-05,approved,corrections_decisions.xlsx/Decisions,True
{BFC59C95-ABE4-4959-BE52-7F09A5308991},f001192,607,Fairbanks,community_name,Fairbanks,Fort Yukon,approve,Located in Fort Yukon. The University of Alaska Fairbanks most likely caused the switch,JC,2026-10-05,approved,corrections_decisions.xlsx/Decisions,True
{2B48564F-DF5A-4814-B2B3-21E3157048CA},f000531,626,Fairbanks,(undecided),,,,,JC,2026-10-05,pending,corrections_decisions.xlsx/Open questions,True
{9D56DBE7-1A09-4398-8622-73AF3113418C},f001218,628,Fairbanks,(undecided),,,,,JC,2026-10-05,pending,corrections_decisions.xlsx/Open questions,True
{BDC6AEBD-A6BF-4D0C-929B-36D15018837C},f000732,649,Fort Wainwright,community_name,Fort Wainwright,Seward,approve,"Military facility, main office in Fort Wainwright, but facility is physically located in Seward",JC,2026-10-05,approved,corrections_decisions.xlsx/Decisions,True
{BFF9DB9E-CA56-440D-B966-058492E9DF73},f001585,955,Ketchikan,latitude,58.37542,55.353511,reject,This facility is located in Ketchikan and has the incorrect coordinates. Confirmed via raw CSV file,JC,2026-10-05,pending,corrections_decisions.xlsx/Decisions,True
{BFF9DB9E-CA56-440D-B966-058492E9DF73},f001585,955,Ketchikan,longitude,-134.574986,-131.684099,reject,This facility is located in Ketchikan and has the incorrect coordinates. Confirmed via raw CSV file,JC,2026-10-05,pending,corrections_decisions.xlsx/Decisions,True
{BACAEA02-40B4-467A-B3B9-39C3197CF50D},f000358,972,King Cove,community_name,King Cove,King Salmon,approve,"Address is located in King Salmon, verified via satellite imagery",JC,2026-10-05,approved,corrections_decisions.xlsx/Decisions,True
{EE49D47C-9B92-431B-9D0B-77844BA21CF8},f001399,1643,Stevens Village,community_name,Stevens Village,Arctic Village,approve,Confirmed on satellie imagery that it is a school in Arctic Village,JC,2026-10-05,approved,corrections_decisions.xlsx/Decisions,True
{835A9532-B50F-4307-8766-44E644F988D9},f001469,935,Kenai,latitude,64.856066,60.678540,approve with my value,"The address is noted as 48237 Kenai Spur Hwy, Kenai, AK 99611 on the raw CSV data",JC,2026-10-05,approved,corrections_decisions.xlsx/Decisions,True
{835A9532-B50F-4307-8766-44E644F988D9},f001469,935,Kenai,longitude,-147.802751,-151.380010,approve with my value,"The address is noted as 48237 Kenai Spur Hwy, Kenai, AK 99611 on the raw CSV data",JC,2026-10-05,approved,corrections_decisions.xlsx/Decisions,True
{6D4B4A33-4BA6-4F24-B682-8F598BC19947},f000292,1006,Klawock,latitude,66.54924307,55.550680,approve with my value,The facility was confirmed and lat/long was manually found,JC,2026-10-05,approved,corrections_decisions.xlsx/Decisions,True
{6D4B4A33-4BA6-4F24-B682-8F598BC19947},f000292,1006,Klawock,longitude,-152.6327214,-133.096710,approve with my value,The facility was confirmed and lat/long was manually found,JC,2026-10-05,approved,corrections_decisions.xlsx/Decisions,True
{FE1C1D96-F623-4694-ADA9-82D02F405415},f000129,1218,Newtok,exclude,,true,reject,Newtok was relocated and Kipnuk was evacuated due to Typhoon Halong. This facility can be dropped,JC,2026-10-05,pending,corrections_decisions.xlsx/Decisions,True
{056D0E34-0F8F-4089-8FD4-38E6687C1E94},f001579,1273,Noorvik,(undecided),,,,"The raw CSV data lists this address ""Alaska Village Electric Cooperative 4831 Eagle Street Anchorage, Alaska  99503"". It seems like this may be apart of the tank farm, but need to confirm",JC,2026-10-05,pending,corrections_decisions.xlsx/Open questions,True
{60E9F7B5-8A63-4781-81E6-69A693BAD37D},f001783,433,Clarks Point,community_name,Clarks Point,Clark's Point,approve,,JC,nan,approved,corrections_decisions.xlsx/Decisions,True
{4BEF8811-2274-4D00-AC1C-998D040903CB},f001658,434,Clarks Point,community_name,Clarks Point,Clark's Point,approve,,JC,nan,approved,corrections_decisions.xlsx/Decisions,True
{14E28DA5-69A4-4D2F-BB92-286834F0B46F},f000037,1483,Saint Marys,community_name,Saint Marys,Saint Mary's,approve,,JC,nan,approved,corrections_decisions.xlsx/Decisions,True
{E7455FE8-21D1-4DB9-B9A2-3E131F07722C},f001832,1484,Saint Marys,community_name,Saint Marys,Saint Mary's,approve,,JC,nan,approved,corrections_decisions.xlsx/Decisions,True
{FB96C24B-7E2D-41A4-BB41-17A5FC20670F},f000451,1485,Saint Marys,community_name,Saint Marys,Saint Mary's,approve,,JC,nan,approved,corrections_decisions.xlsx/Decisions,True
{D74EF297-A73B-4181-A759-56C37FDE41DF},f001107,1486,Saint Marys,community_name,Saint Marys,Saint Mary's,approve,,JC,nan,approved,corrections_decisions.xlsx/Decisions,True
{8AD14672-6D41-4612-9C63-B8526F36290D},f000726,1487,Saint Marys,community_name,Saint Marys,Saint Mary's,approve,,JC,nan,approved,corrections_decisions.xlsx/Decisions,True
{15B249BC-700E-47F6-A75F-F39B21D66AD6},f000266,1480,Saint George Island,community_name,Saint George Island,Saint George,approve,,JC,nan,approved,corrections_decisions.xlsx/Decisions,True
{9F3D036A-E04E-431E-919E-5677FE81308D},f000879,1481,Saint George Island,community_name,Saint George Island,Saint George,approve,,JC,nan,approved,corrections_decisions.xlsx/Decisions,True
{1FF8EE87-BBCC-416D-9B93-4AE5B2704310},f001280,1482,Saint George Island,community_name,Saint George Island,Saint George,approve,,JC,nan,approved,corrections_decisions.xlsx/Decisions,True
{569725C5-F6E9-4B28-96C7-8BDF5BCB6C06},f000057,1509,Saint Paul Island,community_name,Saint Paul Island,Saint Paul,approve,,JC,nan,approved,corrections_decisions.xlsx/Decisions,True
{66E08F69-68FD-40AD-99B3-7A2007C0697D},f000464,1510,Saint Paul Island,community_name,Saint Paul Island,Saint Paul,approve,,JC,nan,approved,corrections_decisions.xlsx/Decisions,True
{7AFEC631-2122-4F7A-AA44-2584FAFBC1D0},f000002,1511,Saint Paul Island,community_name,Saint Paul Island,Saint Paul,approve,,JC,nan,approved,corrections_decisions.xlsx/Decisions,True
{8D19934A-76B9-4669-B600-BFECB43DCCF3},f001566,1512,Saint Paul Island,community_name,Saint Paul Island,Saint Paul,approve,,JC,nan,approved,corrections_decisions.xlsx/Decisions,True
{52B7BAA3-AC93-4AF7-8E9A-0DEEE954C6EE},f001560,1513,Saint Paul Island,community_name,Saint Paul Island,Saint Paul,approve,,JC,nan,approved,corrections_decisions.xlsx/Decisions,True
{C2EE3D68-85C8-4D15-8DCF-735AE274FD08},f000615,1514,Saint Paul Island,community_name,Saint Paul Island,Saint Paul,approve,,JC,nan,approved,corrections_decisions.xlsx/Decisions,True
{4F994E16-6208-479F-B3B2-22194B179F84},f000087,320,Bettles,community_name,Bettles,Bettles Field,approve,,JC,nan,approved,corrections_decisions.xlsx/Decisions,True
{086531C1-92F4-4C8B-95C4-BA197AAAD587},f000466,321,Bettles,community_name,Bettles,Bettles Field,approve,,JC,nan,approved,corrections_decisions.xlsx/Decisions,True
{DFFEA010-C78E-4C70-A5A9-0089FFA544FA},f000762,322,Bettles,community_name,Bettles,Bettles Field,approve,,JC,nan,approved,corrections_decisions.xlsx/Decisions,True
{0C5BEC21-0D02-4217-BB25-11C53F2A57C2},f001757,323,Bettles,community_name,Bettles,Bettles Field,approve,,JC,nan,approved,corrections_decisions.xlsx/Decisions,True
{95BA79A7-EECB-4B9D-8F6C-82D0C48A0838},f000105,324,Bettles,community_name,Bettles,Bettles Field,approve,,JC,nan,approved,corrections_decisions.xlsx/Decisions,True
{A530462C-BE7E-4917-B358-72FCC00AFB68},f001735,1198,Naukati,community_name,Naukati,Naukati Bay,approve,,JC,nan,approved,corrections_decisions.xlsx/Decisions,True
{114FF0DE-E8A1-487F-8505-67999F6000EC},f001058,894,Kalskag,community_name,Kalskag,Upper Kalskag,approve,,JC,nan,approved,corrections_decisions.xlsx/Decisions,True
{013ABDFD-DB31-4E01-B9E3-9FF760C2BB05},f001538,895,Kalskag,community_name,Kalskag,Upper Kalskag,approve,,JC,nan,approved,corrections_decisions.xlsx/Decisions,True
{6B2DF7B5-09D6-4DC1-81C3-144F567B9178},f001396,896,Kalskag,community_name,Kalskag,Upper Kalskag,approve,,JC,nan,approved,corrections_decisions.xlsx/Decisions,True
{41C39C16-6197-4AF1-A699-E8B804A72331},f001160,897,Kalskag,community_name,Kalskag,Upper Kalskag,approve,,JC,nan,approved,corrections_decisions.xlsx/Decisions,True
{488BFE21-36C1-4EF2-9D43-1DE0A36534D0},f001305,520,Dutch Harbor,community_name,Dutch Harbor,Unalaska,approve,,JC,nan,approved,corrections_decisions.xlsx/Decisions,True
{8911BFBD-59A5-485A-86C4-7EA6C3180F66},f000895,521,Dutch Harbor,community_name,Dutch Harbor,Unalaska,approve,,JC,nan,approved,corrections_decisions.xlsx/Decisions,True
{7D987B23-D133-42DE-B929-973C9C816886},f000335,522,Dutch Harbor,community_name,Dutch Harbor,Unalaska,approve,,JC,nan,approved,corrections_decisions.xlsx/Decisions,True
{F1376769-3624-43A5-9248-CADA5B67B566},f000532,523,Dutch Harbor,community_name,Dutch Harbor,Unalaska,approve,,JC,nan,approved,corrections_decisions.xlsx/Decisions,True
{39943186-EB34-4A7C-B510-E1F60F6E5B77},f001250,1228,Nightmute,community_name,Nightmute,Iliamna,approve,relabel to keep AEA tank farm 621 (Iliamna) which has no correctly-labelled row,JC,2026-10-06,approved,corrections_decisions.xlsx/Stacks review,True
{4533136B-B178-4EEB-8F4E-1BBF21C03ABE},f000632,1362,Perryville,(no change),,,reject,owner rejected the suggested move,JC,2026-10-06,rejected,corrections_decisions.xlsx/Stacks review,True
{E8C7FE98-2833-47DB-A566-8D25750D48D2},f000950,1189,Napakiak,community_name,Napakiak,Kwethluk,approve,relabel to keep AEA tank farm 830 (Kwethluk) which has no correctly-labelled row,JC,2026-10-06,approved,corrections_decisions.xlsx/Stacks review,True
{83F3B425-DC65-4A0B-94B5-14D3D08E5901},f000140,1713,Toksook Bay,(no change),,,reject,owner rejected the suggested move,JC,2026-10-06,rejected,corrections_decisions.xlsx/Stacks review,True
