record_id,outcome,own_boundary_km
{0038F2D1-22F0-45C9-B78F-02C0A50909B1},match,0.0
{004D8597-2D52-4BB0-AB89-AC4CF13F28D8},match,0.0
{0088E9DC-A0A4-44B1-8A01-BD8C0F5EF8E1},match,0.0
{00A49923-D74F-435D-B25E-CB942DD684FB},match,0.0
{00AFD389-4C3E-4212-91BE-EFC91119FCDF},match,0.0
{00CFB075-110B-4FAE-AD61-956F3ABCF6D8},match,0.0
{011468FB-129F-4341-B443-F20118579BB5},match,0.0
{013ABDFD-DB31-4E01-B9E3-9FF760C2BB05},match,0.11
{0143D47A-7E82-4EB8-866B-68F9FCC0626C},match,0.0
{014FC20F-A187-4730-9063-3A6FD183BF0F},match,0.0
{01744D37-24A3-4287-8792-B3ABA3E36990},match,0.0
{0188F5E2-C4B3-4A32-B75A-E7E6F6A72CE9},match,0.0
{01A9966D-C1DC-47AA-949A-89D610D1E56E},match,0.0
{01C203B4-DBFF-4226-80A5-9FC0219681DA},match,0.0
{01CC0E0C-B1D0-4ACE-BB8C-7D124D55C13C},match,0.6
{01FC2D37-9430-4C4C-8FB2-A70260C93481},match,0.0
{0232A859-6ACA-4830-96D2-A1F36E44D4C2},match,0.0
{0283A5A4-459A-49DA-B8ED-DEF2FCEC9908},match,0.0
{02C430B2-B9D2-4141-B9BE-FBFCB517E885},match,0.0
{0348C10F-900C-4DEE-B116-5841EADCA147},outside,8.89
{0382E721-45D3-49C3-AA1A-07F5088F21E7},outside,16.37
{03C1AF71-A09C-47AD-9B97-6661F8E87833},match,0.0
{03F321AF-CAA8-4847-90D5-81CA044AF4AA},match,0.0
{0411680E-36BE-42E5-838F-43ACC390DB99},match,0.0
{04274DBD-1CBE-4D49-BE5E-C0038176D2C6},match,0.0
{045934AD-2BCF-44F0-84B9-C7E3EBDD9156},match,0.0
{0491888E-6920-4836-8099-4A0EE9529B8A},match,0.0
{0499C749-EF7C-49B6-B569-A3CC570BC16C},match,0.0
{04C5B487-CBD8-4D4D-AAC8-176B1871C27C},match,0.0
{04F78EFB-A590-4C71-9C7D-734A6BB28282},match,0.0
{05391BD2-6123-4ACE-8BCF-6651882699D5},match,0.0
{056D0E34-0F8F-4089-8FD4-38E6687C1E94},mismatch,297.51
{05940B17-A438-4A05-A779-1DA030BFADD7},match,0.0
{05CC38AB-A05B-4F94-A85B-F972828E21CA},match,0.0
{06020A2C-EF28-4F96-B0C9-5E1ACFDCCE87},match,0.0
{0603769B-74B3-4779-9406-0C322B1770A9},match,0.0
{0616261B-5C6C-4C13-A78B-D76C3F4C4780},mismatch,3.86
{06185C17-CBAF-4E61-89A3-B934B49C0168},match,0.0
{0791B938-8883-46B3-BF0D-A325ED762DC1},match,0.0
{079DDBF2-3AC1-4CAF-A2E7-355251502294},match,0.0
{07D80506-7548-4842-9341-A037E3C35474},match,0.0
{086531C1-92F4-4C8B-95C4-BA197AAAD587},match,0.0
{087E5597-2E93-4DDC-A089-439BD1AD3295},match,0.0
{08A09353-8C0F-47F7-850E-77DB129A1B41},match,0.0
{08DF0E56-0A7D-4977-AD97-99A7EA583DA8},outside,54.77
{08F52340-FE40-4C20-B7D8-2922E0841D71},match,0.0
{08FBA8A0-92C4-4FCE-A99B-AF2EAE8B1E3B},match,0.0
{09049BF3-80A1-449D-8DD9-F6F3D988870D},match,0.0
{09939AF9-7257-4724-BC0B-9F4C389518C1},match,0.41
{09A5DE30-C78A-449E-9D21-B18DF6D8A5C0},match,0.0
{09FFCC6F-D44E-4B62-B7B4-EEA2D70056F3},match,0.0
{0A1579D5-A92D-4837-B2EC-95B2608B962B},match,0.0
{0A397502-B97C-4DFF-B1D7-BD80D81BAC33},match,0.0
{0A4DC447-9742-4966-8414-FE0937DE7487},match,0.0
{0A5FA4B6-C7EF-4488-B4D6-B4532765F844},match,0.0
{0A8E46F6-85F9-461E-9D8A-7B10FBCC5F4A},match,0.0
{0A9A2F3F-4A66-4DB9-95B5-EF76EEBA63F2},match,0.0
{0AEF0513-6EE5-4AAE-AC95-75FC279EA120},match,0.0
{0B072B69-6A65-4BF2-A67F-BDC7BC3573A5},match,0.0
{0B585140-BD0B-4D35-80CF-331764B7BBFE},match,0.0
{0B7A618A-4185-4D5C-8B45-57361B2432E2},match,0.0
{0B8943D5-9AE2-4E8E-AF73-D41B884F6BE4},match,0.0
{0C480E12-87D5-45E9-813F-9B396422A9F8},match,0.0
{0C5BEC21-0D02-4217-BB25-11C53F2A57C2},match,0.0
{0C8FE23A-EFDE-4FF0-8A74-D3F9F8D2A0F7},outside,10.85
{0C9AC49C-C828-4A4E-96CF-F1D42D769F14},match,0.0
{0CA1F24C-70BD-456D-A855-67322ADA7ECC},match,0.0
{0D44C3AF-5DC1-4518-BBEA-FB3F0C68D860},match,0.0
{0DD524A1-60B5-4049-833A-BCD12122BD6A},match,1.93
{0DE678C6-4B7C-4C87-95F2-EF1B81C0A3C4},outside,131.93
{0DEA1588-048C-4EEB-BAB6-F885D02F870F},match,0.0
{0F01BB32-5A29-4652-976C-10E724180102},outside,52.95
{0F656157-B21E-40D4-8524-2319155AFBB3},match,0.0
{0F6E52E2-A85E-4BB6-92EA-34C3232C9855},match,0.0
{0F86901E-02A6-4561-89BC-A618E5245256},match,0.0
{0FA216D2-7ACC-4EFF-AA2B-EEB5F7C95A78},mismatch,2.81
{0FA60D29-5FDB-45C0-8C23-DBEF952F6C70},outside,40.33
{0FEDC2D8-085A-43FE-B5FB-451D906348F4},match,0.0
{103D66F1-55ED-45EA-ACBF-965862157104},match,0.0
{10C293FA-932B-464D-A923-2CE29D264905},match,0.0
{10E17596-EA7D-4231-BFF9-570A63ADEA9E},match,0.0
{110EF110-7B9A-4124-8FD4-03B28B4DBDF1},match,1.44
{11278BDC-1003-43CC-AC1A-EF01CB28FBE5},match,0.0
{114FF0DE-E8A1-487F-8505-67999F6000EC},match,0.12
{11C61E2B-C979-4D51-A901-5BDF8ABBF907},mismatch,738.67
{11F1668C-4A0E-4ABC-AA8D-6FCBE49F48B1},match,0.0
{121E93CF-71BA-4B5B-93E8-A8A301C129CB},match,0.0
{123EF56C-C6EF-4645-B929-EF11B578B022},match,0.0
{12A13951-6E36-475D-8947-BB0A95EB953D},outside,8.71
{12AB835A-E2CA-498A-B5EB-BA0FDA8EBD71},outside,2.07
{12AF761E-4E98-4313-8B18-67C630E34B81},match,0.0
{12B0F97A-7477-4F96-8DB3-E0011D684287},match,0.0
{131A1E41-6632-44F1-9501-ABA1E95CE7E8},match,0.0
{1339630D-DD58-4DA8-BE58-827A4869D20E},match,0.0
{1357CE94-8168-435D-90F7-C00A036EE70A},match,0.0
{13B3E9E9-88BD-4D8B-9BCC-BF79E45636FE},match,0.0
{141859AB-9A88-4E21-AFB2-06797206FEC1},match,0.0
{142D8A26-7B1C-468A-9C61-A1395DAFB343},match,0.0
{146F9100-1BBD-4C57-87C4-EA4BC5064C1D},match,0.0
{149089F2-4FC8-4451-8DA0-29F251F2342A},match,0.0
{14BD9A76-B93C-4CE2-899B-ED7D4C319475},match,0.0
{14C061AA-262D-4039-AB9A-C4C93FF6ACD2},mismatch,72.01
{14C297C3-2167-4D23-8B3D-FDD12520BFB1},match,0.0
{14E28DA5-69A4-4D2F-BB92-286834F0B46F},match,0.0
{15028AA5-F109-4744-BF76-7BF60743660D},match,0.0
{150EB6CF-7262-4ABF-AAA4-E58A6587C34C},match,0.0
{1515E810-A497-476A-AFB4-632BA14A6973},match,0.0
{155C8EA1-74BC-42EB-9C4F-1BCE89188BB7},match,0.0
{1565B7EF-19B4-4703-A9F8-62D9D2AC6885},match,0.0
{15B249BC-700E-47F6-A75F-F39B21D66AD6},match,0.0
{15BD4EB8-C4BB-4C12-82E1-C88B6BBF46BE},match,0.0
{15BF1AC8-F89B-48D5-B561-12A84722E9E9},match,0.0
{15C391A6-C587-4419-BEA9-7C324886C14D},match,0.0
{15F42230-AEBD-4A55-B59D-170175A8B3BE},match,0.0
{1629B350-C98B-4525-A641-3C0396489C45},match,0.0
{16694921-0732-4982-AD5B-A93BF197F037},match,0.0
{169427EF-CD53-4AE7-800C-C4BD422D33B0},match,0.0
{16ECC698-F851-4017-8C0C-19961D441BDC},match,0.0
{16F606AE-A8A1-4DC1-A796-D156260875C4},match,0.0
{17167C82-B94D-4D95-9821-759B8F922368},match,0.0
{1737C177-FB89-49A7-AC6E-857178178F6D},match,0.0
{17383E1F-DD0F-48AC-80E4-1826186772F5},match,0.0
{173A65EE-29AC-4AA7-AA27-766F4B89A6C3},match,0.0
{17693B2B-AB4E-40C5-94D9-81021DD4C37F},match,0.0
{177A8782-8C79-44EA-AA37-CDDBE4DD9E40},match,0.0
{17AE2E7D-2835-4E26-B1ED-BE3B1E2035DA},match,1.05
{1829B647-73C9-46F7-A8B5-BA17AD6D60EE},match,0.0
{18381280-8622-4315-B237-C77F25FE577F},match,0.0
{183A8E95-D80D-4CAE-9F17-F67AC2C20CFE},outside,48.09
{18521C94-5BEA-4B54-9043-F330F2BBC359},match,0.0
{1888FF7D-A817-4439-8206-FB12949AC6F9},match,0.0
{18A0F761-6B93-4198-82BD-6BEAA7405909},match,0.0
{18BC4EB8-ECA2-4EBA-91BF-FA7BF073AD23},match,0.0
{18E12583-BE85-4409-BB78-FE88AF66E31D},mismatch,7.03
{18E7D5C9-193D-44BC-B51F-F737E1FE5C33},match,0.0
{1949D4CD-4AE9-4857-B85C-60F9E7B4E24A},match,0.0
{1973D7CD-DCB2-4263-84C7-FC0656D1FEEE},match,0.0
{198362A5-508C-4395-8391-42808AB5823A},match,0.0
{199DCD38-B4D0-4C40-B569-F661EB0257D1},match,0.0
{19A80AE5-C3F6-4CD4-9420-5EBE3D700780},match,0.0
{19C3BA91-EE4F-4E21-89D8-1D3FC0EDF306},outside,29.69
{19F9BC71-4564-4B4E-A915-5CB5DC25D415},match,0.0
{1A2F20D8-0EC8-48FB-BF8A-3CD11F54461A},mismatch,9.04
{1AF09CDB-0CF2-49E8-AB5D-E1914905790C},match,0.0
{1B293629-AD2E-4C83-91D3-3350830FD212},match,0.0
{1B526668-A75F-4655-81E4-CD1636D7B664},match,0.0
{1B58621C-9C3B-44AE-87C8-600ED9975067},match,0.0
{1B5CBE2A-BBA2-4726-A10F-5A4D615E2CF8},match,0.0
{1B7ADC5D-27C3-4015-B623-9E74C855045C},match,0.0
{1B7CC7FC-1C14-46E8-8611-7A87DEBB6A85},match,0.0
{1B9700AB-35C9-4023-A262-4A95B4E49C8F},match,0.0
{1C2508B3-735C-43E0-9062-C168E05E150F},match,0.0
{1C4700D7-8EB2-4516-9DE8-4074B1D1A203},match,0.0
{1C49E7B5-4A11-4F71-8688-C1B006050B00},mismatch,4.74
{1C4ACFE0-0158-45D7-ACA9-C070DB72B892},match,0.0
{1C4C49F2-17CB-4764-9E37-D5AA272237CB},match,0.0
{1C7A5084-32EF-4D32-9B21-FCA8F4E126C5},match,0.0
{1C7E00F7-FF5D-4FA7-8DA7-64B429F2682D},match,0.0
{1C8923BB-1BB1-40AD-9EB8-1432E351A4A4},match,0.0
{1CB3B2C8-5A1C-47C2-9944-447BF7AF404F},match,0.0
{1D1891A5-BB40-4550-944B-3437313732A5},match,0.0
{1D1A98B5-D9D0-40A5-82C8-01218C8450C7},match,0.0
{1D3152B7-FC9D-4968-B000-12057FAB74D7},match,0.0
{1D57EE39-37F0-4F10-BC87-F3FFB32C5B2B},match,0.0
{1D71BA09-6508-45A9-9D77-00122CE95EE9},match,0.0
{1D74665A-CC9A-41A2-A6E3-DB563298ACE6},match,0.0
{1DC2552B-7FE7-4148-A95D-24CE7E9B7ABB},match,0.0
{1DF623E1-B266-4C31-BB2D-2ABE4B807661},match,0.0
{1DFE0049-CD5E-4363-8E45-9C1BD35E298B},match,0.0
{1E4F5A63-4728-4AB5-B065-D3C091AC8E28},match,0.0
{1E567F40-129D-48E5-AF98-68298F01439F},match,0.0
{1E6B3861-0BB7-44C5-B50C-1F7046320EAE},match,0.0
{1E8B6CD0-23A6-46F4-B08A-F60D09F8CD91},match,0.0
{1E92352C-691A-49A5-B8E8-782773562097},match,0.0
{1F236E12-D209-41AD-B142-115193CFD5C5},match,0.0
{1F3399A7-FBC2-40CA-9B93-794EAE08D2F5},match,0.0
{1F3E5119-0B67-402E-BCC6-A6FB3D649C1A},match,0.0
{1FC36070-6859-4383-9040-51DA754947F1},match,0.0
{1FCCD80E-981C-4337-B5CA-6CECAEAC8D74},match,0.0
{1FE614D9-633B-49DC-A233-193E56910FE3},match,0.0
{1FF7A1D5-A8B5-49A0-BF91-D7BC0D3F5FB3},outside,125.68
{1FF8EE87-BBCC-416D-9B93-4AE5B2704310},match,0.0
{1FFEB283-7638-4BB4-A7B7-A262F90CC0BA},match,0.0
{20037641-A51B-4BDC-8495-1E81F40E75A4},match,0.0
{2017458D-BB37-4241-8770-3494EBE5EE60},match,0.0
{20D927A8-361D-43C0-BD76-C7A27D0A4DC0},match,0.0
{20DD3A01-5B0A-472D-A396-C9118EE2DB95},match,0.0
{2120284C-BF36-47C9-B064-FF414EB4FE7E},match,0.0
{215BE7CB-672B-465B-A6A9-E47D982AE06E},match,0.0
{21834ECF-DD77-4715-AAE4-CF990659EA4F},match,0.0
{21A977B8-BC7C-4CEF-BB22-B9EE62F3B91B},match,0.0
{21DDAD1B-9C61-47BD-A8C6-33E062CB10ED},match,0.0
{21EE8D6B-9546-4920-A291-30B520F15B15},match,0.0
{22013382-A10C-4076-B29A-822BB4B68ECA},match,0.0
{2252CEB0-6807-417D-BB44-607C323ACE41},match,0.0
{228185AD-273F-4302-A688-10350338C49D},match,0.0
{228C21E5-6D74-4B43-86E6-C553172271CA},match,0.03
{22A07DE1-5430-4283-9AE0-D92320A0EFA1},match,0.0
{22B4264A-345B-409D-A28D-70E9EFBA5DEE},match,0.0
{22D8D20B-5B11-4D38-A226-711A10FC53FE},match,0.0
{2330F1A6-65BB-416F-B313-08A7AE8D495D},match,0.0
{233BA067-6BF5-4221-8448-2A6DD3131467},match,0.0
{23438583-E320-48B3-8C36-733AAA636B53},outside,50.53
{235636AE-E29E-4AAC-8696-5F02D103CDE8},match,0.0
{238D30F6-758B-4499-8535-0CED8540916F},match,0.0
{23971D5E-A473-4A82-921B-EA3545F06790},match,0.0
{23A5FE3D-9473-4B6C-AEAA-A953E6CB4879},match,0.0
{23D2D90A-3907-4924-B37C-86BB9044A895},match,0.0
{240D7405-12A0-4369-8158-75A6C0E0136D},match,0.0
{2425287B-91A3-44C7-8A88-44E42DF0BFD8},match,0.0
{242DF498-1FE8-4CF2-9961-E0B7533A4355},match,0.0
{244CDA16-C245-4007-ABC2-3A8251B00F31},match,0.0
{2454F76D-02D9-4ABB-9E2C-9AE77AE9E9E7},match,0.0
{245C6061-B9C9-4F8F-AF7E-346343A5D94C},match,0.0
{248652B4-D9D2-4A72-90D6-67D7D8F1B4FB},outside,2.8
{24A96028-6719-465B-9311-C7FBFF278384},match,0.0
{24C9FD54-6B5B-4128-A231-C770333A63C0},match,0.0
{24CCA6CF-4088-407D-BF53-36411FF7A44D},match,0.0
{251778BF-3735-4E77-8E9B-5ABB3A33E2AA},match,0.0
{25B5D119-20BE-4211-91E4-E75BF7969171},match,0.0
{25C41539-EFB9-4782-8641-837493BF05AF},match,0.0
{26138EA6-C276-480E-BD37-260733B682D2},match,0.0
{262CA1C1-4C87-44F2-AE72-4AF7E944AF9C},match,0.0
{26336E7B-4494-4624-B15D-14BC073F0E91},match,0.0
{2678E393-F35F-445F-9255-1156CDCA6C7C},match,0.0
{267923CC-B079-457C-AE8E-665ECAC1C97E},match,0.0
{267D2EF2-63DA-4FEA-ABB6-EB7BFB60BF26},outside,372.31
{268070AA-D83E-449C-BB0D-3A25985D3464},match,0.0
{26F3706A-EF0A-4C2E-99BB-9BC0372D55BA},match,0.0
{274BE704-9989-4248-B765-A537F1193A53},match,0.0
{2759C0BB-C0D5-4543-AED2-2BF2DC54F247},match,0.0
{27836AC8-344A-4140-8EBE-9B551A586869},outside,425.52
{27972340-89DF-4B21-B947-C94211050A21},match,0.0
{279DD612-28E0-4868-B801-AFCF16AE85B6},match,0.0
{27B88589-90C2-450B-9FDE-9781E9220650},match,0.0
{27EDC9A0-1301-4693-A50A-7C327EA724C9},match,0.0
{27EE94C1-0090-43B3-BBF7-F9034AE6B955},match,0.0
{2815501C-6816-45E9-9738-4E61188D06E4},match,0.0
{2875753A-54D1-4AC4-9D2F-244B4D37B6ED},match,0.0
{287A73F4-6B01-4BC5-9764-647FA3359303},match,0.0
{2884A5C2-BA00-4DBF-BC7C-C793B3D0CBD7},match,0.0
{2953E0F0-E16B-4151-819A-C5B384689FB0},match,0.0
{295FD225-B6F2-4408-B6BB-01783A2C272A},match,0.0
{2987CCEB-7A5C-41D0-A9DE-C028E4D0605D},outside,7.13
{29891D9C-5E68-4937-B0ED-CB59B250A0D8},match,0.0
{29A9858B-A138-476A-942F-BA787BE7179B},mismatch,528.26
{29B2013B-4675-4DBE-83DB-FE0BE549E55E},match,0.0
{29C04990-053F-44BA-A0A4-2BBF5E2CF374},match,0.0
{29EDFCE9-CDDB-4679-B507-BF60F8DA6E24},match,0.0
{2A23D579-10CA-4A9D-BB28-767301C1B066},match,0.0
{2A288E05-E61D-4E46-AE4D-C7D9102802EA},mismatch,43.8
{2A2F0E07-8AD2-4D14-8DED-80191257F7F4},match,0.0
{2A805635-FBF8-4D78-9462-6183C5D358C5},match,0.0
{2AA22D28-8BC1-4219-A165-3D5E10EE9EC5},match,0.0
{2AA31D47-1FA0-4B12-855A-4442D50FDB7B},match,0.0
{2AF943FF-83E3-4FC5-B107-FB1FE63168A0},match,0.0
{2B1BB9DC-F56A-461B-A9C9-0BD7DCA2E0E5},match,0.0
{2B46951B-0771-4DA5-B85E-08528246F05C},outside,70.81
{2B48564F-DF5A-4814-B2B3-21E3157048CA},mismatch,838.67
{2B4C0A41-A893-4B32-A211-6203CA1A3E7E},match,0.0
{2B8CA0EE-A6A3-426A-B347-A135F7B81054},match,0.0
{2B9BCCF0-A8EA-4A79-A9A5-E5459C1CB96E},match,0.0
{2BD1EE1A-DAA3-4141-955A-87A40EAD9087},match,0.0
{2BE14DE6-6F88-4708-9D02-A0D0695E325F},match,0.0
{2C29BFFD-EE44-4623-AB67-8AD4B8047DCD},match,0.0
{2C5EE7B4-B6FD-490D-A50C-76C7122A724C},match,0.0
{2CD379B1-9DA0-4E0E-9EA6-013BA2B85C2C},match,0.0
{2CF279D7-7465-4DE6-B7F7-C8078D9808C0},match,0.0
{2D0BF1A6-B953-4D89-9CA0-EF4A333A17EA},match,0.0
{2D3C9A98-7E19-4E00-9BCB-CF2BE0589B99},match,0.0
{2D4608DF-39F1-4BF7-A6E8-1204529443BC},match,0.0
{2D742A13-062B-4111-A3EA-AA77C7360838},match,0.0
{2D7DADDE-8A80-4AA3-B5F5-FC6E61425E86},match,0.0
{2D94CADD-0758-4D2E-8ED4-C1BB651EDDDA},match,0.0
{2DD74DCA-D8CE-4395-86AB-A9B3B04453A3},match,0.0
{2DE3C9D9-65AB-402D-9940-9217BA3EB1B0},match,0.0
{2EEB9F86-9E52-4DB2-8CFB-F76BC37F6086},match,0.0
{2FB3911F-A242-4BDC-B123-373E5C2F731E},match,0.0
{2FC94A57-252B-464C-AE5D-7FEC48FF42DE},outside,16.71
{30075FA5-1B85-4EBC-8E2B-939C3065DC3C},match,0.0
{31253619-C27C-45C2-B04C-29DC2F737A49},match,0.0
{315BB5AA-A0D8-4C55-AE93-3B532A903517},match,0.0
{316442FE-F21C-4BAD-B4A4-700329BA1914},match,0.0
{31748366-F5A6-4B80-A966-0BEA4B94E1F7},match,0.0
{31AA9173-FC92-45FC-BE99-7FE4ACDC88A9},match,0.0
{31AFC5F9-52E9-4580-9502-B9A75D6096CC},match,0.0
{32574618-B703-4A8E-85F9-35EC4E4EA4A9},mismatch,27.57
{32598407-07A8-463F-A3C6-E55AC9BC9DDD},match,0.0
{3282A734-D7C0-4BDC-988C-4806E34D3B0F},match,0.23
{32E46B3B-A68A-4AED-A995-44AABFBA609D},mismatch,245.1
{32EC90DB-A78A-4F44-A541-6F8413A60FA1},match,0.0
{32EFC37E-347F-4AB4-B724-D1533B96A091},match,0.0
{3329718C-57DB-4741-9526-28493B9AFBF7},match,1.16
{332D3B7F-3381-46AA-8D87-8B750D32974D},match,0.0
{33CE5488-B9E3-4D2C-9002-C9070398F548},mismatch,2.78
{33FD53A5-78B9-4370-85C6-63EDE4FE8184},match,0.0
{3422CFAB-36FA-4948-819D-BF43C5EBA6EE},match,0.0
{34A3BF09-BB74-4346-A4B0-FC8B8ADC229C},match,0.0
{353A5042-21AD-4457-BA26-5213430A7E03},match,0.0
{356DC4A7-68DF-460C-9CDC-D6F6F2ACCC75},match,0.0
{3585D40E-898B-4939-9239-5E8763D652DB},match,0.0
{364570AC-CE66-4B24-A88F-55A73DA9A405},match,0.0
{364E303A-DABA-49E2-9A59-DF3D2E1C6CDA},match,0.0
{366F32F8-C6B1-4774-BC82-2D10FA4CDEA5},match,0.0
{3679B53D-9AE5-4B42-BEE4-D8A171EAB2C1},match,0.0
{369BD22E-80EC-4EA0-89F9-C6FFE57A172E},match,0.0
{36D107A2-A916-43C3-928F-29ACD9874AD9},match,0.0
{36F83444-DBD2-4AD3-A139-81A0F56C2A2D},match,0.0
{3727BA95-7C2C-449A-BE09-8E3FA65E6C0D},match,0.0
{3734C771-7E3F-4526-A652-56D9779C6F09},match,0.0
{3758A00D-FA89-45EA-85FB-DE30F19E5DBC},mismatch,139.73
{375B0BE8-37A8-4560-8FF4-1D5C1841820D},match,0.0
{376EBA89-4D26-4E3E-9BBE-1F3848E6B697},match,0.0
{37AB6F34-681B-4D19-B653-CE206E88FC2C},match,0.0
{37BF6ABF-D9BD-4081-B9B2-BBE31A214D2A},match,0.0
{37E9912D-6B47-48B5-A018-C41BFD73CCA0},match,0.0
{38BA658A-4660-449D-9654-ED0895FECEB6},match,0.0
{38E7CF68-F312-4AC0-8AC0-8200B684215A},match,0.0
{38E82315-8B3C-44A8-8C51-723335301BFB},outside,6.8
{38F563B1-7DA1-41FB-8710-987CB4E1C088},match,0.0
{3933D80F-39D4-48E4-B969-6CF6060FD916},match,0.0
{398E44E8-E70B-4752-9C5D-72E9B35CFE48},match,0.0
{39943186-EB34-4A7C-B510-E1F60F6E5B77},mismatch,543.34
{39B31BE9-3E59-4729-89B1-63A59C31F2D7},match,0.0
{39BED115-6EC9-4598-8396-F20395351B98},match,0.0
{39D03317-EED1-4E0E-B1CF-3A9479C9357E},match,0.0
{39D39C45-2B34-4C54-9DE9-165016D302D5},outside,2.63
{39ED9F42-2893-4AB7-B3C0-318A6CD5E318},match,0.0
{3A004E0D-AF41-4BAE-8AC7-D2B77DBE62FD},match,0.0
{3A1AD328-7F5C-4BD3-8EEA-B71BFE108918},match,0.0
{3A778B46-748E-42C0-9547-3C3B6F7C4E15},match,0.0
{3A7D8FB2-40D2-426B-B2CA-0708168B90C1},match,0.0
{3ACCCEC3-494E-4C62-BEDC-7721843C1601},match,0.0
{3AD3B973-0229-490F-8D29-1B8223DDA68E},match,0.0
{3AE11B7A-9B95-4700-8C9A-FA09FF447888},match,0.0
{3AF5B78A-D633-4C80-AE00-103C435D22D2},match,0.0
{3B2B6CA7-1382-4D85-95B1-02BFB635F737},match,0.0
{3B7A4949-DC0C-4487-A692-3A82A1E0208D},match,0.0
{3B823603-BB28-48C8-93C3-8622DFC647EC},match,0.0
{3B87C0C1-1E1C-4249-B3A5-9446F600ABB9},match,0.0
{3C1D37EC-8ACF-4B66-9712-5053F5C05C7A},match,0.0
{3CC9100D-2C2B-4C2F-B01F-7B06C7ED4603},match,0.0
{3D022116-FC74-4A74-85B7-3FF086A4E087},match,0.0
{3D2816B2-1E4C-4829-8327-9D3E324174AF},match,0.0
{3D4292B1-2476-4370-9C0A-38D9681783E2},mismatch,2.41
{3D59252C-9203-4025-9B29-73D718F93C7D},match,0.0
{3DC23E6C-2C08-4283-9119-F36339ABBD1A},match,0.0
{3DF22722-8282-47E1-8E71-78EB77A66857},match,0.0
{3E008AE5-2D53-4204-ABED-2229B0816697},match,0.0
{3E126E10-1FB3-4698-B4A2-1CE1635F721D},outside,39.42
{3E41E641-35DA-4E24-B24E-1FD9B7F0881D},match,0.0
{3EA0F247-55BA-42BB-BE13-C99C28D121C8},match,0.0
{3EBA99FF-2688-434F-B811-41CC22EBD898},match,0.0
{3EDBC3D9-B754-435F-8C6D-2BA2FDBB9607},match,0.0
{3EDD2A9C-65E1-4B69-95C6-B86EF44C2A59},mismatch,41.85
{3EF25FC2-55B4-4BFE-9DB0-1D0359115778},match,0.0
{3F306805-C39B-439C-8FAB-996948D604C0},match,0.0
{3F4D3DE2-6539-41BA-9378-0C54BD000B01},match,0.0
{3F596E2B-A780-43C1-A340-4B36328A1F83},match,0.0
{3FA95472-66EF-46BC-A7EF-18C4B0302C1D},match,0.0
{3FF37BD1-5EF6-44F1-A580-1D075BF23D76},match,0.0
{400DF95A-C142-4FA6-A7F5-4D7D370AF326},outside,17.56
{402FC105-DF52-4DB7-A9F7-FED492CD2892},match,0.0
{405CC19C-36AB-4808-8AB1-CDE994AED352},mismatch,39.94
{4095831C-DD72-4AA7-84A9-24C5050007C5},match,0.0
{40B65273-A8C5-4017-AF78-8A65C850D928},match,0.0
{40ECB6D0-1843-4EA2-85DA-4B150AB646AA},match,0.0
{4145B20F-484E-433C-A165-E475386E2DF1},match,0.0
{415F06AF-2D4C-4C1A-879F-FCF2BE8760AF},match,0.0
{4161C397-A0E9-4D17-A7C4-A1B5869F650F},match,0.0
{41752EEE-403A-4394-8AF1-3D255A7A8F9F},match,0.0
{41AA42C0-BF55-4E9B-A88E-0578D52BAF81},match,0.0
{41B1DA99-9DED-42C1-A3BD-E191A86BAEE9},match,0.0
{41BB80C2-006E-426F-9920-D13010CE5C2D},match,0.0
{41C39C16-6197-4AF1-A699-E8B804A72331},match,0.0
{41EEA5A2-FDA1-4DC9-973C-3DD0D62E1328},match,0.48
{41F25397-8168-4A24-BE43-C7E6935BB5AB},mismatch,29.89
{420AC3D5-63CC-4D15-8B27-63AEDD2C02D2},match,0.0
{428ABEF1-08E0-4B0F-88D9-94AADA3CE711},match,0.0
{4299A108-428F-4C46-BB6C-90DD2E681FD9},outside,5.61
{42A88935-54F4-4F69-BCEE-122B4C3D5570},match,0.0
{42A9122C-DCF9-4935-A1B4-67D244B3FD79},match,0.0
{42BE0729-57F3-409D-990B-0667528A16F1},match,0.0
{430A2281-F102-4389-A982-C017D19E885F},match,0.0
{434E09F8-0BC0-4400-9C37-090E2AC9AC89},match,0.07
{436C8E35-D254-4FBA-8564-6DE2E2BAAD3C},match,0.0
{43954A97-4351-4BF0-967A-29A64D36C646},match,0.0
{43AF95F7-DBE3-4585-87E8-E416FF06342B},match,0.0
{43B781A0-2BFF-47EF-A784-555A71603EA7},match,0.0
{43DD9874-FC62-4F32-AC8A-D99446EB7491},match,0.0
{4423FEAA-6CA7-48F5-B89D-7EDDC5DFF1F2},match,0.0
{44244771-16B8-40ED-9FF2-2D77E405955A},match,0.0
{445446BF-8151-4996-BF23-899DCB9133B1},match,0.0
{44725B4B-BE85-44D7-B855-A2B0FAE8A4A2},match,0.0
{449628B5-6B03-41F8-92FA-E931C030D353},match,0.0
{44A8C085-BF24-471E-871F-5A8A8E0BED6F},match,0.0
{44B0BB3F-E0E5-4C98-9CB6-BBE0C8E54750},match,0.0
{44D5A7BD-3E91-4753-9077-7934F7745FB4},match,0.0
{450BB183-9E66-4ABC-966A-165BD8839798},match,0.0
{452B04B0-F1CD-49B3-BBA7-3AABA29C1CB4},match,0.0
{4533136B-B178-4EEB-8F4E-1BBF21C03ABE},mismatch,491.82
{4597868B-DAB9-43AA-A082-D0652EF78EEC},match,0.0
{45A65B7E-EC2D-4DEA-8128-8BB70F8BBC83},match,0.0
{45F72F82-F146-48B7-8510-EC81B37616DD},match,0.0
{46458926-F688-4612-ABF5-300ABAE53C25},match,0.0
{4647BABE-15E4-4187-9385-1C62344CD6BC},match,0.0
{464FE024-2A99-4A73-956B-AFDC49328212},mismatch,61.81
{465146AD-FB3B-45ED-AE32-8A6CC9625813},match,0.0
{4669A088-FDE7-4974-9B95-0EEA23C33FC4},outside,32.25
{46B7841A-6BC9-41E3-A253-23EF7D0D8FC9},match,0.0
{470F1396-C8AE-477E-848A-7BE1F18CBBC7},match,0.0
{473D6546-4125-4228-8C36-95B76AA0FC27},match,0.0
{4772434D-F5AF-48B9-8585-F49B2EDACA93},match,0.0
{47AEF73D-6FD9-41C6-AA25-FEB3B53DFC9A},match,0.0
{47D2944D-42AD-431F-975F-E10C14A3CAC9},match,0.0
{481B7FA5-019D-40DA-9EE2-D0C2CB23EE1C},match,0.0
{485090BC-7E66-492A-A558-7CD6303CC673},match,0.0
{488BFE21-36C1-4EF2-9D43-1DE0A36534D0},match,0.0
{49254AE2-8D43-4937-AF5B-27770C31B4DB},match,0.0
{499800EC-20F2-45F2-AFC1-7AAB952DCA55},match,0.0
{4999327D-B23E-4564-B1CE-95ED4317DEBD},match,0.0
{49BC4240-FDF1-4E25-9410-050D27C154B8},match,0.0
{49C03361-C246-451F-A9B7-E62E298F2BF3},match,0.0
{4A687B18-56BC-47EE-AE19-F5B59F929D13},match,0.0
{4A73D3E0-116B-4AF8-A2F3-038C017E8809},match,0.0
{4A8981F9-BC70-4F6B-8692-1C3091AC9F2A},match,0.0
{4AF313D9-947D-4640-8D44-71F6891E9724},match,0.0
{4B0AE969-B2AA-4C9A-8CDC-8C82BEB37F87},match,0.0
{4B2ED0D3-F659-41CA-904B-34FD763C99E5},match,0.0
{4B38321E-ED50-4C94-A6BF-B66BFE86FB86},match,0.0
{4B5EFC28-233C-4089-A53B-8CFE817994BA},match,0.0
{4B9917B3-ECED-4935-AA32-00AE4F9FBAB1},match,0.0
{4BAF775A-D866-4D12-81DE-CE93DE008CF2},match,0.0
{4BB48263-7E3B-4C23-AFB4-7F080EE47448},match,0.0
{4BCF95D3-0532-4523-B45E-D24C6F765E35},match,0.0
{4BEF8811-2274-4D00-AC1C-998D040903CB},match,0.0
{4C27052C-C2CF-4508-B7D0-79656E5BD037},match,0.0
{4C46574A-2B37-44A1-87E2-4C1A17B2A4D1},match,0.0
{4C820FFA-B9B8-45FD-8186-606B829A7418},match,0.0
{4CEE5FA2-FBE0-425C-A4B0-4AF20625DC4C},match,0.0
{4D06EDBB-76ED-4BC8-B6B8-D96FC8B60FD3},mismatch,5.98
{4D256757-A50A-438F-B0F5-270751D24162},match,0.0
{4D4F9FAC-94B3-4589-A30B-47466C3D493F},match,0.0
{4D884AEB-1C3D-4C4F-80B2-843ED0A9459E},match,0.0
{4DB9B26B-6708-445E-8807-973AB9424037},match,0.0
{4DBA97A7-7784-44F2-9ECF-001A573B6035},match,0.0
{4DE683E4-9661-425B-927E-86B2F7AFB3DF},match,0.0
{4E2499EB-5842-459B-B3A2-CB4C6798626A},match,0.0
{4E912B7F-3F82-42E3-94E4-B403A00103B9},match,0.0
{4EA87B2D-C068-44CC-970C-0D53111ACA7E},match,0.0
{4EB90598-665E-44BF-BABD-1D75C638BCF2},mismatch,73.16
{4EE59B93-7660-4A46-98B0-D8E8DCE49350},match,0.0
{4F217687-58E4-41F1-BC02-DE4F52EDB4EC},match,0.0
{4F994E16-6208-479F-B3B2-22194B179F84},match,0.0
{4FECB5C8-1B1B-43E1-809A-82580669F105},match,0.0
{501A14A2-615F-49CE-907A-D8E2EE6E3746},match,0.0
{50539CE7-AE72-4BE5-B34B-5CFE5FD44568},match,0.0
{5071DA87-0E0C-4F44-A6F1-39C4A054DAC1},match,0.0
{5080792E-6BE2-4D7A-BD57-AF8BF71FFF30},match,0.0
{509CF7C1-AE7E-4289-8EFE-3298B15AD90D},mismatch,485.46
{509F4BA3-BB26-4969-8300-CF3DFA06FAC2},match,0.0
{50B0DA07-CC55-4458-825A-5EAD7328F878},match,0.38
{51417ED5-3E1D-4A90-98BE-EE63632631CB},match,0.0
{51E9D9BB-4D2D-4E8E-8793-49B295C1AA4D},match,0.0
{51FA77EC-8692-4F71-B5BE-AE060C540739},match,0.0
{5283F15A-66DA-4487-8444-EC1A2C43934D},mismatch,580.98
{52B7BAA3-AC93-4AF7-8E9A-0DEEE954C6EE},match,0.0
{52EA8B6C-5DEE-4586-9B19-043A22000B12},outside,622.1
{52EBE454-0EBE-4C8B-84CF-5CD690AA1A3C},match,0.0
{5318062B-2912-4651-85F2-985B9025DFCC},match,0.0
{531FCE13-5F37-4206-ABD6-E479328F3B28},match,0.0
{532C1372-1D15-4036-9A8B-4ADC4480E152},match,0.0
{5398334A-0C02-4F38-A0B1-92FE564CB5BB},match,0.0
{540E628D-EFC5-404A-8464-202C7439F12E},match,0.0
{5456D64C-D158-422D-A371-B6F74124189E},match,0.0
{547B1211-2230-4412-9DDA-A428F900442B},match,0.0
{5491897A-FF63-4987-8BF9-8F41FF9B65A8},match,0.0
{54D20E55-8F84-41A6-B0F3-24B04EA0E52E},match,0.0
{553EA5B8-F7A2-4B10-AC7C-2CE7F6E2B7DD},match,0.0
{5552FD2D-2175-4D63-B47E-37AD4AFE647F},match,0.0
{5553F08E-643A-415D-8BA6-6C25914904DC},match,0.0
{55769367-D290-4411-8FA6-01549B3A022A},match,0.0
{558AB51A-7628-4CB4-B3E5-7A6B1532B027},match,0.0
{559A13A2-8320-416A-BEC8-2097305335E9},match,0.0
{559D9A9C-9221-48BD-8906-31B25B07DCD5},outside,12.22
{55F0B751-1B5E-452C-A8ED-BDF068920FE9},match,0.0
{56278046-41C5-406E-AC92-1B6A785FE9A1},match,0.0
{563BB483-9F52-411F-98B6-114988EB26AF},match,0.0
{569725C5-F6E9-4B28-96C7-8BDF5BCB6C06},match,0.0
{569DF6D7-2D48-451A-B7D9-BF65E546D40F},match,0.0
{56FA3AE0-76F4-46DF-84EB-F201D2D15CD8},match,0.0
{56FFA4FE-D7F5-417E-8CC6-DF2476255BD0},match,0.0
{5724C91B-F6B4-4EF2-B050-67E266B4E600},match,0.0
{576E8567-E85B-419E-9B43-1C4C0B1093F8},mismatch,5.68
{57802F02-1FE2-4D07-A325-DC027155B116},match,0.0
{57CBFD5A-B0B9-4C1D-A73B-1CED62471744},match,0.0
{587A9516-FAF3-407A-88FB-213E57091443},outside,2.05
{58EE35A2-3A08-4BA7-BF4C-04E89E4D064C},match,0.0
{591FEE4C-4EAA-4F0F-A6EE-B6FA2F107E7B},mismatch,9.1
{5966569A-E364-492E-AF3E-4EE7DCE3828B},mismatch,676.96
{596974D7-F780-4D0D-AD2B-2F58BAC71571},match,0.46
{59B6F627-42C1-487F-9A00-76D9F63FA010},match,0.0
{59E906D7-37C0-4DDE-A16A-8B52C5FE2DF3},match,0.0
{5AA9BCDF-259D-4BC9-81C5-9630A137311C},match,0.0
{5AEE4579-120C-418C-965A-911EFB7A4873},match,0.0
{5B0C866F-F775-4190-B09B-985A2B276D31},match,0.0
{5B3A4427-3CF1-47FE-8D8F-D47DD33BE928},match,0.0
{5B6D7E1C-3FCD-4202-88E8-14F202F1FE92},outside,43.25
{5BA42C76-D40B-475E-BE1F-1AC1210A7126},match,0.0
{5BC6B33B-BBDA-455D-BEBA-624BEDA7F496},match,0.0
{5BD9746B-58B7-4F77-8EED-A244DE54F62D},match,0.0
{5BFB43F5-855A-4897-8C0E-293579F1C6C9},match,0.0
{5C01B036-AAC1-4876-BF5E-30428802A639},mismatch,130.85
{5C421205-5987-413D-96B8-2DE9EBCF4A59},match,0.0
{5C4B0813-680E-47D6-A697-FE76F3230475},outside,122.0
{5C69DCCA-C3EA-4055-A242-C577155B97AB},match,0.0
{5C8BA5EB-7A40-4B8F-80DD-58E08A2E84BF},match,0.0
{5CD6F72F-BE50-4016-AC72-80DF8A393B12},match,0.0
{5CE63EE1-AE92-409F-8DF0-21A5339183C7},match,0.0
{5CE97A73-0D33-4600-836B-A3E084CE3826},mismatch,57.65
{5CEED9A4-3489-41F3-BE24-92F9FC2039C0},match,0.0
{5D38C80C-477A-42F1-83C9-E26877DCD969},match,0.0
{5D38D34D-5AB2-45F5-AA22-BE25817C0538},outside,4.68
{5D5D6679-F398-4FC0-A386-A00300F67B5E},match,0.62
{5D6D86C0-354F-48E0-A12F-CD12687033EC},outside,11.65
{5D6DD34B-DAEE-49F9-988E-21E080CB537A},outside,5.42
{5D9A3A99-CEFE-445E-AC2A-F20DDFF484A3},match,0.0
{5DEC0033-91A2-4B58-93E2-945AFDAA8725},match,0.0
{5E372C3D-3EF8-4DF7-832F-612BE448C469},match,0.0
{5E39BCC6-8EBB-4E87-8E24-53576A9C08B3},match,0.38
{5E4E7BC6-A837-44F6-8087-8D9B8D2BD86B},match,0.0
{5E5BAF5F-E77E-438F-A387-FBAE0D5613C7},match,0.0
{5E94939C-C4FF-4F31-8656-D1955C13B0F2},match,0.0
{5EB1AA1E-67B9-4C04-8A91-2EEE1893AB22},match,0.0
{5EEAAC19-79D9-4423-BAAC-E8C448C4BBD1},match,0.0
{5EFE5B88-520E-45A1-A234-AB53C41E434B},match,0.0
{5F071BE6-B2D3-4258-BB7E-50DE04BBB504},match,0.0
{5F66D6A9-1B61-40A5-B639-1546DF189A85},match,0.0
{5FAA65FF-9E91-4893-ADFF-78AC5B432EE0},match,0.0
{5FCBFA7A-738A-4726-A6FC-375ADA4BD577},match,0.0
{5FF04C70-0A1C-488B-8F6A-046A0EA1877C},match,0.0
{60A14302-A0A8-47DD-8BD2-C6091FA92BC0},match,0.0
{60AC36FC-11A2-4126-B20C-4FC3BB51A21A},match,0.0
{60BD1DF4-D095-4F2B-A8BE-5B989A77E9D6},match,0.0
{60E89C03-0731-48F9-9A8D-E0F338FFE0CD},match,0.0
{60E9F7B5-8A63-4781-81E6-69A693BAD37D},match,0.0
{60EDEA84-04E5-4ED4-912D-1CDA85E970A2},mismatch,527.2
{61590B3C-7B6F-4882-9598-3D11DCDC4FE5},match,0.0
{61BCB350-6C68-42DC-BA7E-44DD28C4B1C4},match,0.0
{61CBFB0D-FEBD-4177-A368-3463C5B78DE0},match,0.0
{61F5A0C8-0096-477F-A2EB-4D9F39B59FA2},match,0.0
{6200DA3C-6A75-4E38-B994-E2B0E427839F},match,0.0
{62115B99-42C5-489F-B5A0-22C9EC99DAB0},match,0.0
{621FCC2F-3A90-426E-A211-00250864F71E},outside,3.87
{6280955D-A73E-4167-B155-9FE66EA27BEF},mismatch,3.65
{62BDFC20-7D02-406B-AE7B-E8E3A792568A},match,0.0
{62CC57DA-769A-48CA-AC8A-2338BE283096},match,0.0
{62EAA10A-C62B-41F4-914C-0D161B46FE25},match,0.0
{63033420-1BE9-4793-99BA-20FB95E2F16F},match,0.0
{6326F4C4-82C0-47FA-8A97-704CCB99399C},match,0.0
{63499130-C393-4124-906B-08DA99CA5EB8},match,0.0
{63A1EA3E-67AB-4F08-96E2-50D651BB69F1},match,0.6
{63C5CA7F-C393-4342-8E80-D7F62055405D},match,0.0
{63C660C1-0960-4011-81E0-33F443CB730D},mismatch,196.66
{63D13EF4-A0F0-4895-B5BD-141FD7541375},match,0.0
{63F62819-A90B-4541-A5A3-05D54AEF64DC},match,0.0
{643042A2-CA9E-4BF2-B2DA-99F186999078},match,0.0
{645417DA-4F8B-4031-A517-C48025BF221B},match,0.0
{646135BE-4BDA-41E6-BB75-8D7817C4BD00},match,0.0
{646C9FA3-4B5F-4C6C-ABE9-8F27FA0B7280},match,0.0
{653555F4-0E48-4EEC-B326-6042DDD62DC0},match,0.0
{6553CDC8-80FA-4178-8880-C3D596370C35},match,0.0
{659310D0-09A0-45D3-AF45-AA1F2A9E1F62},match,0.0
{65DFB897-7E85-4456-850D-913C7D010004},mismatch,31.89
{6640F7BB-49A4-49F4-A25C-85DF1B38168B},match,0.0
{666AF2B3-097B-4007-AC06-0BEC7A92A08C},match,0.0
{66A8B98E-8DF9-476D-8B05-5CAA90850960},match,0.27
{66D787F9-17BE-4A5B-8890-8AC36424CD55},match,0.0
{66E08F69-68FD-40AD-99B3-7A2007C0697D},match,0.0
{66EF6F7E-91BA-4537-8B1E-897ADBAE771C},match,0.0
{6703BC9D-F2E8-4C08-A4D3-CEB43610384B},match,0.0
{67812973-1F5E-4F2F-9E8E-A8FEDA823FAF},mismatch,9.26
{678A81B7-2420-44FE-AABF-C45E6E48CC82},mismatch,215.94
{679C1FC6-00CF-4BC3-93B7-21630B847652},match,0.0
{679E2DA1-DC50-426B-B1F2-F6DC8D2DB1AD},match,0.0
{67A427B8-24AF-46E3-82E0-0740A89A2760},match,0.0
{683148F1-46BD-434C-AB08-C53F625B71F6},match,0.0
{683F0B16-0349-48D4-94B5-27C2D5DCB65B},match,0.0
{68CEEBF4-3767-4E8A-8301-6323FA775299},match,0.0
{68FC80A6-76F3-461C-B2C9-691F86D13882},match,0.0
{697E1F9D-6660-4785-A1A5-3883D9ED9847},mismatch,14.8
{699323F4-730E-4B7A-9FCE-3485E983A725},match,0.0
{69EA3EB2-DC90-4B6E-9FB4-5A0E23225411},match,0.0
{69EE33D2-8A4D-4652-A816-1E3DE66C69A4},match,0.0
{69EE9C79-67EB-416E-9868-DDF61D587BF5},match,0.0
{6A12D0A8-816C-47B5-9A9D-934875250393},match,0.0
{6A226C6A-23B9-4C71-923E-F34176506FF2},match,0.0
{6A6FAD87-D981-43FB-B310-DD4E6D7E5005},match,0.05
{6A7E5E6F-FF46-455D-88CD-E1A277E01EA5},match,0.0
{6A9CD630-686F-474E-9CE9-6031808EFEC7},match,0.0
{6AB69FE3-8865-4F3E-929D-ADAA25394B3E},match,0.0
{6B2DF7B5-09D6-4DC1-81C3-144F567B9178},match,0.05
{6B8B493B-8184-4051-A68A-5E838AE19317},match,0.0
{6B8D0DD4-3D0D-4B97-8BBD-AB4B3D7333DF},match,0.0
{6BA7F264-7B69-4DB3-9C00-22810922225F},match,0.0
{6BF83DA9-AFD6-420C-BA70-0BCC46214100},match,0.3
{6BFD6489-5B36-4DC3-B14C-F950751A2138},match,0.0
{6C13BFD5-738C-446F-9571-94F911FE6187},outside,171.98
{6C1A4CF5-8F39-4798-9B02-FF6DDAE8AD0A},match,0.0
{6C27264B-0B0D-4D54-8E6E-15F1518AAFC9},match,0.0
{6CC77A07-14DE-4D62-824B-C2858DC4D5FC},match,0.0
{6CE5C5C5-1A21-4866-8D92-163EB710A180},match,0.0
{6D2C0D30-6E8C-4094-B60B-FE6B27FAA8CF},mismatch,2.79
{6D4B4A33-4BA6-4F24-B682-8F598BC19947},match,0.0
{6DDFF002-8AD8-4274-9BB0-7EC701513845},match,0.0
{6E246E33-5F7D-4CA3-B421-60A0EF328649},match,0.0
{6E5C4B48-52F2-45E9-BFA5-C7CCE180C9F9},match,0.0
{6E789582-AAC2-485A-B989-37C7DF0A9867},match,0.0
{6E8C9118-7533-452B-9658-1DC4DFD6FA05},mismatch,65.71
{6EB566C2-0246-4043-B2DA-4488096CC6C6},match,0.0
{6EB6FBF9-7227-46E6-9566-9CDFE3039517},match,0.0
{6EE0E40F-5A4C-4F71-BA4A-EF0463967C3F},match,0.0
{6EF0C04D-FA10-46F4-A9C4-91EC73504366},mismatch,538.49
{6F0B4405-777D-4F6C-A85C-D26FEB5C8373},match,0.0
{6F583D81-6839-467F-9E95-2BFB4381CCB2},match,0.0
{6FFCF56E-AE3D-44CF-A8C6-62083A75AD34},match,0.0
{7010ACCB-CD36-42F3-B74C-6B7F199CB2DE},match,0.0
{7038E498-0B28-4CEC-9C24-3F94EE184F85},match,0.0
{707557AC-2FD8-459E-93CE-C5109AF191DD},match,0.0
{70972937-9205-4869-88C9-F47DBC3ADEA7},match,0.0
{70BB636F-D062-4A27-A409-C97B7E62A741},match,0.0
{711EA1EB-4271-4CCB-B942-0EE7EBF7C038},match,0.0
{7170A605-FFC2-47EF-AEDC-440948DAFE5D},match,0.0
{7194E7D0-61E4-4529-9365-D335C386020F},match,0.79
{71A53B1D-97A9-40E4-BD9D-A9C1956FE6E9},match,0.0
{71B2729A-1D1D-4425-A8C9-0B2EE92A5A23},match,0.0
{71E15B58-4B6E-4550-B046-0061972C68C1},match,0.0
{71EC5B24-7855-441C-A05D-9F2E5682E052},match,0.0
{71EF2656-042E-4F42-A78D-E48CD254C0EB},outside,14.55
{720D43B6-8FEC-4D1D-A5CD-FBBE51863E44},match,0.0
{721D7D28-9E11-4A58-A705-BE3CBA892C42},match,0.0
{721F79AC-0E90-4CB1-85AC-8A9BE73E51DE},match,0.0
{7232E8F4-5E65-4714-8708-386B0CA2CA09},match,0.0
{72365B62-C5FD-4862-96DB-CC1CB42EF93F},match,0.0
{72CC1CF3-EBE3-4E3B-9B08-97203635FA45},match,0.0
{72D561CA-BBAD-4D27-A4F4-0FC17DF9CAD6},match,0.0
{72E67206-F008-47E9-AE98-4C85EAD98765},mismatch,136.88
{72FC3FC4-C253-4EB8-92A4-8219876AD426},match,0.0
{733759D7-CB44-4A5E-A706-DE653583CF62},match,0.0
{73ACA469-578C-476D-86A7-11DD7C982D20},match,0.0
{73C63010-C645-41DF-8242-C6D3424317F8},match,0.0
{73EF2225-6598-4DE7-AFC3-A4F4A4A8712F},match,0.0
{73FD0062-5B5A-4BB4-A9C6-33FD2843A69A},match,0.0
{743459E3-FCB1-4860-9E07-61BE3B6A04B3},mismatch,283.48
{7468E915-540F-4DD3-9191-E29646D8AD4F},match,0.0
{748B2C47-6F53-4F18-A713-48B459244BC0},match,0.0
{75270031-386E-446D-8718-2254299400DD},match,0.0
{753FD735-3081-4808-8B14-73A0463F3BC5},match,0.0
{759C64F5-DB1B-455D-85C0-2F0F02803E51},match,0.0
{75D73E2E-6972-443E-B451-01F8EC0448D5},match,0.0
{76B6513B-5CFF-4872-96F9-6D2907D54615},match,0.0
{76FC16FB-A51A-44A4-BBB0-138C892695CB},match,0.0
{77011D21-7ADA-4557-BF17-0EA44E8DD280},match,0.0
{77333D69-86A6-415C-B007-BED39EBE37A6},match,0.0
{775F9BF3-A84A-4D16-99F8-0FD90EB06CE5},match,0.0
{77612800-0D07-46EF-A3BD-AF20E41D610E},match,0.0
{7786B49A-CFD5-4175-B3BC-4F71C71275F3},match,0.42
{77B9E568-6D73-4FF3-B12F-9E3ED9120891},match,0.0
{7811C706-626D-4B66-9F85-1F802EFF04D4},match,0.0
{783EBD25-B5D8-4056-9E13-9080E10AD0E8},match,0.0
{7862A45C-5E05-4C4F-B7FA-EBECBA73483E},match,0.15
{787EC87D-7389-4E27-A739-748992563E44},match,0.0
{78AF0717-CE98-45E5-A347-D7BE6E9C97B8},match,0.0
{78B0D1D5-FF20-4A58-881C-647D1EFDD2B9},match,0.0
{78FF04C4-4FF5-44FB-9845-D1752F0F23FE},match,0.0
{79DEAD08-49F9-444F-9111-EFAC1EBFCDD1},match,0.06
{7A04FB3B-C9C5-4C98-B74F-393C46715566},match,0.0
{7A15F83D-F6C9-40A8-ACC1-4D1B644A5224},match,0.0
{7A206A94-00D4-4121-BA0A-35593A0FADDC},mismatch,289.32
{7A3D0B3B-5FC9-4B1B-A087-222C99BD5703},match,0.0
{7A634204-0D42-424E-B19E-058E52FB63DB},match,0.0
{7AC691F0-663D-4947-B5B2-783A7B0ADA02},outside,48.95
{7ADDFF04-A12F-4F20-9F36-FAD9B1F27C15},match,0.0
{7ADFD434-2937-469D-9454-AB530C9D44EE},match,0.0
{7AFEC631-2122-4F7A-AA44-2584FAFBC1D0},match,0.0
{7B159976-97D0-498B-8D9A-99A0BDC3D898},match,0.0
{7B2C8A93-1209-4F1C-86B4-830CF883B118},match,0.0
{7B5BCFD2-7BED-41D4-9BC8-06B061D0765A},match,0.0
{7B696AAD-579A-4E64-8A07-8E8A1EEEB9F2},match,0.0
{7BB86274-5C89-4083-9160-7B35466B0C5B},match,0.0
{7BDCCAAA-AE32-4A90-A622-015CBC9E9CBE},match,0.0
{7C0A5075-DEE5-4F29-B64A-0D729DA587AC},match,0.0
{7C257586-80F1-486E-8553-C7820F24243E},match,0.0
{7C4C1CA2-B985-4749-9FD0-D2D21DBC3867},match,0.0
{7CD62740-2CC2-47F0-B0F9-2C76B695BC47},match,0.0
{7CD84E5B-2773-4604-800C-1C400D6AD79E},match,0.0
{7CF2C4CB-7FFF-4BA5-BCAD-B26DBAECFA39},match,0.0
{7D5A2F92-603F-4A0C-A125-C4F4103E475E},match,0.0
{7D5A8BD8-2EC3-4F0D-B29C-8A0C58165A4B},match,0.0
{7D8DADC6-63EA-4BF0-A33B-AF25CB5B3CBF},match,0.0
{7D987B23-D133-42DE-B929-973C9C816886},match,0.0
{7DAF9711-C096-4FF4-9D11-1669A43A122B},match,0.0
{7DDAB030-F316-43A2-8F5A-E3D3249A6C49},match,0.0
{7DEE60DC-CB05-47C2-A254-58789C9467D2},match,0.0
{7E0F11B3-4341-4BBB-BAD4-E3A3F00A110A},match,0.0
{7E123490-F0E5-496F-86D3-91FDF4B5F41F},mismatch,2.92
{7E320E02-ED16-4013-AA62-D9862E3AEE6F},mismatch,5.79
{7E331BCD-38FC-45CA-B676-38CFC2492CC6},match,0.0
{7E4D8AE1-7843-49A3-9585-9B6F01F7736A},match,0.0
{7E73E0F8-E2C3-435D-88DC-F981B21B96C2},match,0.0
{7EA59D7C-879D-4AD7-BC92-953B56AC58C1},match,0.0
{7EEB830F-716D-4B7E-B1AA-0E90DA5C1C9A},match,0.0
{7F2075CE-6833-4592-BBDB-EDAFAFC5045D},match,0.0
{7F82FA64-8EC3-41DE-B358-5745EA81032B},match,0.0
{7F9C4747-8957-4871-8E6F-F1ED7917FB36},match,0.0
{7FAAB439-FAD9-4983-9F0D-8B67F366F7BA},match,0.0
{7FC94AF0-E66C-48D3-8197-1854A8ADE01F},match,0.0
{7FD6FBDB-244E-42CD-84F3-B8C11ED50D6D},match,0.0
{7FD81069-D51F-4034-9EFC-B817378DA498},match,0.0
{7FE51A83-103F-4C96-A750-59C5C1860B52},match,0.0
{80173C7B-A7CB-4EA6-B291-FCB452208371},match,0.0
{801CC974-B897-41D3-A9FB-A3B7C883E0FA},match,0.0
{8036C5D7-767C-4593-A72A-15CA64AC8BD0},match,0.0
{80449CC7-A8AC-4CA0-AD2A-2DD0B92CF5B9},match,0.0
{807124A8-0A6D-42E6-98ED-616888004B49},mismatch,96.19
{80AD0D72-EDDF-414A-AB9A-6958587FD3E6},match,0.0
{80B1E5C2-BB9E-4ADA-B223-19A86DAEE9E4},match,0.0
{80B22708-BF6D-46B9-AEB3-1AF02C2A7D4F},match,0.0
{811E6ABE-AD0B-4DE5-BC2B-46B69105F5EF},match,0.0
{812EE745-86FB-46CA-BCD5-0923DCA97BDF},match,0.0
{81330027-5DF1-4FFC-9D97-F8CAFFAA18BB},match,0.0
{8165CCA3-56E8-47A2-8CFE-A8EAD7AB657B},match,0.05
{81AAA6DF-C293-4238-81DE-867DEA949B15},match,0.0
{81F15798-5642-47BA-92D1-9D31759AF769},match,0.06
{81F57A32-C25E-45ED-8E5B-08EB3D597D66},match,0.0
{8246435C-38B7-4C06-83AD-E741DB114913},match,0.0
{827B291B-0875-400B-B99C-BAB1F97A5A3F},match,0.0
{82DB30CE-DB64-49B3-872D-4EB71DD98B99},match,0.0
{82F478F7-CC16-44C5-85B8-F5BB3B1201BA},match,0.0
{8353797D-296E-4920-83C7-1E71CB31BC64},match,0.0
{835A9532-B50F-4307-8766-44E644F988D9},mismatch,10.03
{838491D3-14F7-4317-AFC9-3570A079A523},match,0.0
{83932FE5-91EE-4880-BB83-A9D1757E16E1},match,0.0
{83BF471D-E5BB-4A9E-B610-9B332CDCCFA5},match,0.0
{83E88E4B-2856-41B9-B5D4-97F9A4C21BC1},match,0.0
{83F3B425-DC65-4A0B-94B5-14D3D08E5901},mismatch,197.19
{83F44065-C39A-46E4-ABDF-30950D435ED3},match,0.0
{844A9392-863B-4FA8-889B-0947AB68248D},match,0.0
{847E852A-C3F8-4E3F-8540-1D5838E47248},match,0.0
{84B1808F-27AC-4CA6-8BC7-55D136BFC0C3},match,0.0
{84F06B79-99E4-427C-83B3-79E25AA7481C},match,0.0
{84F7D2A4-B82A-4EB2-B094-6A324A7066EB},match,0.0
{852A9253-8E7F-4AE9-B965-550A2EBFA180},match,0.0
{8536A199-0B19-4F30-9F38-76088DDD4D1B},match,0.0
{853920D1-6D8A-4C73-B673-398EF4E1A137},match,0.0
{855FBE7C-9B33-45BC-8C4D-2394A0C95208},outside,12.68
{85A8FB35-A2EF-4BA5-BF8F-C4766AD36804},match,0.0
{861754D6-9098-4EE9-991A-8A67BE29D4E1},match,0.0
{8628475F-5F6A-41CC-9E19-59184B52A870},match,0.0
{86E650B9-1319-42EF-B571-A4AFD46E468A},match,0.0
{86F201C8-8EC4-4EC4-8A63-3339D2F4DC72},outside,182.27
{8736694E-B515-4A19-AB80-2C87B923D457},match,0.0
{874475C1-7248-408E-B0F1-2E36A1CA3F6A},match,0.0
{875DCE4F-F3F0-4D9C-9E0D-2F07D38F6400},match,0.0
{876E6B25-489C-4734-9FED-335A8FEA21D0},match,0.0
{87CD167B-6282-4F43-A82E-3D0636CC1156},match,0.0
{881A7E25-6B8E-43C5-872F-FBB1810B9115},match,0.0
{88271815-7933-4E45-98AD-F580F1F4EAE0},match,0.0
{887DB1BB-123E-4376-ADAC-6E12268D877B},match,0.0
{8899CFDC-080E-43A2-825F-DF52659E8B93},match,0.0
{88A5A8CE-033C-48C5-B537-5CDF4ED67B25},match,0.0
{88AED113-8FB3-4795-8643-8390D01668AE},match,0.0
{88B8198F-E3E4-4060-94E8-60F4A41385FA},match,0.0
{8911BFBD-59A5-485A-86C4-7EA6C3180F66},match,0.0
{892AE18F-C639-4A7B-919E-5536BD309E88},match,0.0
{894AC954-4844-4F69-B96A-3ED58FAA4D88},match,0.0
{8970B1E0-DE4E-4A98-8A1B-5C858F18F05A},mismatch,262.61
{89DA62E0-9930-40F0-B0CD-EFE4FCB70133},match,0.0
{8A0AA12B-5E97-4768-80B0-F2E86C50DFDD},match,0.89
{8A108F8E-4CF4-4400-BB47-FDB696592362},match,0.0
{8A2972AB-84F2-46F0-A771-6C8C7C0AD31B},match,0.0
{8A31306C-D494-4731-9E1B-923BC30C4942},match,0.0
{8A61B008-E3EC-4C08-8075-DDF79CCEE7F8},match,0.0
{8A77CC14-5CFE-4749-8376-7AA7F17E5A30},match,0.0
{8AD14672-6D41-4612-9C63-B8526F36290D},match,0.0
{8ADDB08B-141C-463F-AF0D-00CB11ED85BB},match,0.0
{8B560984-93A7-477C-9DB1-FD4EDC9D3DF1},match,0.0
{8B741A03-8655-4FDD-999F-F92837F2B6E8},match,0.0
{8B7B524E-71CF-40B9-BE1E-CAE473BC5CE7},match,0.0
{8B8C1349-1A6E-4941-81A5-24E96C455522},match,0.0
{8BB67B9D-C0EA-4475-BE85-76933EAE09C2},match,0.0
{8BD0D6E7-2B7D-4848-9B1D-A309ACA94679},match,0.0
{8BE7431D-D7DE-4CE3-9A08-EF985487928F},match,0.0
{8BF97F0B-2103-496C-8E65-620939823407},match,0.0
{8C215872-3DF7-46F5-A5B2-7C694F8BF815},match,0.0
{8C281BCB-FCAF-4D86-A387-5CDD46D6DE01},match,0.0
{8C28EF0F-18CD-407E-8002-921191C21ED1},match,0.02
{8C45602F-E138-4FFD-8E8B-C5CA68675B72},outside,41.65
{8C665C51-6648-478E-81D5-2AA3D18973DE},match,0.0
{8C87980B-33BC-4627-AFBC-6427DFE0F128},match,0.0
{8C88A626-EDAA-4193-BD47-880E50DFC931},match,0.0
{8CC32BC7-7206-4A37-AD96-8E8D803BE4FA},mismatch,5.92
{8CD94505-4EC1-4C3E-A3F9-4648A47F56CC},match,0.0
{8D19934A-76B9-4669-B600-BFECB43DCCF3},match,0.0
{8D3C8994-1BDD-4D5B-9FCF-258A3714140F},match,0.0
{8D408F52-5CE0-4A95-A586-79D54041D7C7},match,0.0
{8D426044-9314-4A84-8C3E-53D7A8E8EF82},match,0.0
{8D44AF61-AB31-4870-AB4E-4D0246D4376E},match,0.0
{8D76DC1E-DDFB-4491-9559-92EF69C41AAA},mismatch,3.55
{8D812624-BDC6-4331-A085-BA75DC62D419},match,0.0
{8D819DD1-0266-4167-8D95-07E8122F761C},match,0.0
{8D84338F-249C-4902-A550-4DE848EDC2B5},match,0.0
{8DD95CDF-8767-4EB6-B07F-09F075FC7FEB},mismatch,3.3
{8DFD230E-C5E7-49E1-B2B1-F1DE440DAE7B},match,0.0
{8DFDEEB4-A8C9-45E0-9A50-01087533E7EA},match,0.0
{8E9C13BE-51FB-4A86-A897-0DC38BB3C6A4},match,0.0
{8EB3E76F-E364-4F3B-B0D5-75669BA8658E},match,0.0
{8EB99286-AF2B-44D9-8E66-3E5984C63B97},match,0.0
{8ED91C17-5C29-4269-B1C3-F14B3B54034B},match,0.0
{8F116362-8543-41B1-84DF-46B0EC78C58B},match,0.0
{8F1DAEF7-4CF1-4340-9398-68F4645A1F18},match,0.0
{8F92D9EF-EF82-4775-BCB3-DF53797AF5C0},match,0.0
{8FB9BBBA-7CE5-433A-A414-4C475FF1F8E1},match,0.0
{8FC5ECEA-A6F5-475B-977C-54D1FBDC9365},match,0.0
{8FD82835-EB2B-444F-ABFE-B24E94439A61},match,0.0
{900E68BF-1D5B-4576-AA79-59EAF14176E7},match,0.0
{902FD68A-9632-42F4-9216-EA07E1A8598E},match,0.02
{90C4118D-4186-4481-B51A-59065E6E841C},match,0.0
{91083E3A-19D1-4D6F-B057-A329E9283F1F},match,0.0
{911BED9C-EC53-44C9-A650-937BDE34EC0D},match,0.0
{9137545A-6738-4180-947F-18EF2B5F7BF9},match,0.0
{9150F0C7-6592-410A-94F0-8D62A5392586},match,0.0
{91739D6D-423C-492C-8F39-4D7FD6DC114F},match,0.0
{919294F2-5937-4637-AEAB-851700C75F7A},match,0.0
{91994F4C-CAB8-4660-93FB-52EF7AC9D2BC},match,0.0
{919C5058-0CBA-459E-8F22-C9D6305E556C},match,0.0
{91B6F056-6DB5-4A7B-A701-5760274B83B1},match,0.0
{91D13034-039C-42D7-A9A4-C1DC142C3BE0},match,0.02
{920525BE-F98F-41CE-AB7F-DBCC02C15A72},match,0.92
{92136E75-35E2-441E-86C7-EB3CFA08A9C6},match,0.07
{9232BC22-0B6C-423A-B37B-CD4B2A279126},match,0.0
{925BEAA7-E1AC-43BE-8EBE-8B54D61F439C},match,0.0
{925D5799-A54B-41FD-8583-D7981B826986},match,0.0
{92D9A297-0605-4AF5-938B-9B434117412A},match,0.0
{931CEEFB-1FB9-4F9D-8D10-D18DBC4CC1DF},match,0.0
{93566EA2-A919-4717-BB31-81D367FFC7F3},match,0.0
{93B075DF-FD65-4374-83EE-F837CEB612AA},match,0.0
{941478E6-074B-4359-9A54-28CA2129D36F},match,0.0
{943CE1E4-8EAA-4570-B982-6837734C51BE},match,0.98
{946D5691-F5D6-4C5E-9205-073F89821A7D},match,0.0
{949B583B-D2A5-4C20-8C1B-E7FB18788B6C},match,0.0
{94C938BE-1557-4311-AE6C-B8BB0565343E},match,0.0
{94DBEDF4-75CF-44C4-9181-226982180808},match,0.0
{94F72FDD-056D-44E9-91B5-9AEAA2646F47},match,0.0
{94FF39D9-B453-4A2D-BD74-6A160024C80D},match,0.0
{952659E7-1F6B-458C-B0BD-64F21D2CB9C8},match,0.0
{9527986F-DC3A-486F-B81A-AC989BA9B5F2},outside,165.13
{9590870E-3874-48C9-A5A1-809FF3E2A8F7},match,0.0
{95AE33D6-5B7B-453A-AC8B-95782D829675},match,0.0
{95BA79A7-EECB-4B9D-8F6C-82D0C48A0838},match,0.0
{95CEF384-5B51-41F9-868C-ED018C6B3051},match,0.0
{95D354A8-7E2A-4D28-A476-37F53ECD6368},match,0.0
{95DCBA93-2554-4903-87A5-DCAB9E99CDD8},match,0.0
{95DF95A0-6956-4D5C-9D73-51AD61ADE160},match,0.0
{95F72083-EED7-4AD1-B7BC-434444DFE20A},match,0.0
{960DA580-1D5B-47A0-BE35-1226E5B9AAF0},match,0.0
{960DC572-560B-4542-95CD-B9560B68ECFC},match,0.0
{96237B31-0C4F-486F-99F1-B7F39326C8FA},match,0.0
{96591F9F-54A5-4054-B859-E0A7C8852D5A},match,0.0
{96705E92-63AB-41A0-B0E8-52639E90CEC8},mismatch,43.97
{96BB9651-60E8-4357-9DC1-C24D1519AF25},match,0.0
{96C86C0C-2A57-4A26-94E5-72600F5A5FCC},mismatch,5.02
{96E5368E-7124-4460-A687-759DC084F019},match,0.0
{96FE6742-CA6A-4170-A567-DAE43F26A7A6},match,0.0
{9744BE1C-30A9-42EA-BE46-A88FA1F98BF3},match,0.0
{978129B6-FA2A-40BE-8F70-0AC2A6AD42BC},match,0.0
{978F2CF3-F873-42E9-A4F4-4744D455FBA9},match,1.06
{97961562-1051-4566-8A91-2EBDE3E2B851},match,0.0
{97A8BEAA-FAAE-41E6-A071-70852AC87F76},match,0.0
{97E77B03-20AE-4291-A9A5-15C73AA55976},mismatch,3.3
{97F241AB-0575-407D-896D-47BC5D61389A},match,0.0
{984C8F00-5900-483B-B4A1-43D255646FAC},outside,58.64
{986F0832-D7FF-48D1-A9F4-9AF8CE00BB51},match,0.0
{98C0B2E1-F078-434C-BF55-6F9EDBAEA7A6},outside,16.47
{98D06281-B559-477C-9060-B1774E8EB752},match,0.0
{991585AC-A293-4D46-8026-D8384688F8F0},match,0.0
{992B0451-5B75-4FCC-A203-B62B2E651A00},match,0.0
{994105DB-6F36-41A1-B230-E0373F9E975F},match,0.0
{9942D7E8-9989-4E76-8408-2E10FCB167C8},match,0.0
{995EFEC8-6A75-4544-A383-B1F0A2AB57A7},match,0.0
{996CA338-3112-43BA-964E-BAC877F58828},mismatch,170.17
{997CADE8-A481-4A8A-A027-66C67951720C},match,0.0
{9986BFFD-064E-4BA2-A9BC-2E9146E041DE},match,0.0
{9989BDD2-2643-43C7-ADC1-42F7C69E5601},match,0.0
{9A01FD57-CBD2-4F5D-ABAD-0A5CC6F78CCA},match,0.2
{9A56C5FE-510A-412C-9FCD-D1552C51E820},match,0.0
{9AB2CBDA-D17F-41F4-8F72-7DAB908CC9D1},match,0.0
{9ADD91D4-F447-462A-9EFB-96369EBC0BD7},match,0.0
{9AF54278-0AC3-48DB-83EF-B042D108462E},match,0.0
{9B515F41-7F7E-44D5-9473-004F31942046},match,0.0
{9B58B56D-A2A6-4894-BE2A-B2BBC4F4E153},match,0.0
{9B6E707C-3648-4486-86B1-87811824DA67},match,0.0
{9BA9AAC2-A297-4D86-BA33-73597A255D86},match,0.0
{9BCB41EC-DF28-4A3E-BDB7-216A0745DF9E},match,0.0
{9BD1E836-06B9-4EAA-A631-8CCC69261C22},match,0.0
{9C729250-0809-4D28-8591-7130D402279B},match,0.0
{9CEC70E8-E407-458B-A62B-57821D8B6094},match,0.0
{9CEDCD36-9995-4BC2-BF28-E57031C681F3},match,0.0
{9D116191-6B6E-4AD2-B09D-41FE4B38B659},match,0.0
{9D247D7F-51AC-49F0-89FD-59E47C2F2FC9},match,0.0
{9D2D53BE-A6BE-4C90-B542-326627B0F06A},mismatch,10.02
{9D3A72F4-AA05-49D7-B2C6-F108BFE5084F},match,0.0
{9D56DBE7-1A09-4398-8622-73AF3113418C},mismatch,838.67
{9D76FA1D-AF1E-40E9-8EA2-47C4C9B0D071},match,0.0
{9D8271CA-C47C-4335-86DB-840808B20357},match,0.0
{9D8422E9-699D-4E93-870C-660389356C64},match,0.0
{9D9BC94E-DF98-4E24-9001-CA01A8CA56F0},match,0.0
{9E08B983-031B-412A-99CF-E3CD28560FC4},match,0.0
{9E268AE2-297F-439B-9514-9CF4C2F92C36},match,0.0
{9E27F54B-1C0A-4D44-BDBA-3BA09D587DC3},match,0.0
{9EE26DD2-4A76-4497-A338-80454B55D00E},match,0.0
{9F1EAB80-15AC-4B09-9B0B-09F30E3772F1},match,0.09
{9F3D036A-E04E-431E-919E-5677FE81308D},match,0.0
{9F79FB88-D416-4714-9F4E-8F1FEC0570C2},match,0.0
{9FCB9E11-BCB9-4736-AB12-985E5D526459},mismatch,4.92
{9FE39ADD-F730-47D5-AB1A-CB525E786000},match,0.0
{9FE4EA49-0ACD-4C6A-89BF-F196359859F6},match,0.0
{9FF07A4A-E872-482A-AE33-1D74601D306C},match,0.0
{A01AEC49-0662-40CE-84C2-FF4805EE2D8D},match,0.0
{A07FF7A6-29DD-4F0C-8ED2-992C6C8DC2A6},match,0.0
{A081B9F8-3FE6-48E7-981D-D43D941BC8FF},match,0.0
{A0835329-AF65-4E84-84CE-7747EB08843C},match,0.0
{A0E8B87A-66B0-4FAF-AF1E-22BC549E09C6},match,0.0
{A11B75DB-3AE4-4352-854F-00945DBA7130},match,0.0
{A13608F5-7F72-484F-9ABF-102B38FF6875},match,0.0
{A168E5AD-EFD4-408B-8604-155ACC08560E},match,0.0
{A16F2934-D0B1-4C18-8E5B-9ED57B2C5421},match,0.0
{A1715C2D-0EE2-43E1-A0EE-B1F07DFECCB7},match,0.0
{A1945276-60BA-4DE2-8B03-D3ED2EAEBA26},match,0.0
{A1ACAD7B-9BE0-491A-951F-BE7A6A70D642},match,0.0
{A1B0FDAC-70EF-4983-B621-720E37481700},match,0.0
{A1EC74F9-781B-4035-B9D3-8CD0AC3E7511},match,0.0
{A203032F-1412-4EF3-918D-A214669EF4B4},match,0.0
{A205A972-EE54-419C-A784-22F6C5EFBEA2},match,0.0
{A210FF9F-C75E-419E-A0E0-E4D737704853},match,0.0
{A24C50F8-2F52-4515-9587-E777B549DF91},match,0.0
{A27942C2-FA2F-492A-A3C3-0F16D8FB9618},match,0.0
{A27DE0D0-3E19-44DB-8FE0-4DB5895E4CD2},match,0.0
{A28261CE-B417-46F6-A18A-F59D145A763C},match,0.0
{A28C0559-38B5-4735-BF6B-26311071B63D},match,0.0
{A2A6565E-0AB3-4959-BD55-0557CA9A3A1E},match,0.0
{A2AD11A6-2429-4E57-BB30-097D389AED9F},match,0.0
{A2C4E584-2F29-4B2A-BAF5-5D57224E0CE8},match,0.0
{A2E2E76C-E71B-4696-9936-258011512563},match,0.0
{A2EC8460-8ABE-4893-B4D3-7CEEDDC03597},match,0.0
{A3070A39-1285-484C-AA8A-075CF281AD63},match,0.0
{A33F94B4-31AE-48BE-B2E6-07A4BA6B6E4C},match,0.0
{A36D0D2B-DD3E-4F4D-82C7-556B48F7B05E},match,0.0
{A3B3F429-09A4-455B-893A-2952BC47D69B},match,0.0
{A3C09E30-FF98-4742-A0FB-3CBE3697ADBC},match,0.0
{A3C5A24A-8CD9-4E80-B046-F4962CD034BE},match,0.0
{A40B8C7B-DF45-4488-8F49-74757BD35050},match,0.0
{A41AD6AE-236E-4BD3-9AB7-77691DD47DA1},match,0.0
{A446513F-92EF-4674-A337-D582E472D82A},match,0.0
{A4713C99-5157-4572-A54F-A37EA3C662B9},match,0.0
{A47A5CD5-7E81-47E9-8195-533AEBF62CEA},match,0.0
{A4BAA2CF-A008-4738-A346-372CD20F7805},outside,68.29
{A4BFB65F-3817-45CA-8B53-0E122E14A4C1},match,0.0
{A4C45CB7-78AE-4218-B7EC-684EAC385193},match,0.0
{A4C680D0-130E-4F05-9998-29522329BAF6},match,0.0
{A4DCAADC-7778-42DC-AE34-3DB4F7E5B534},match,0.0
{A4E5681F-EF6B-483C-AF08-BFC129E2D93D},match,0.0
{A5155750-38EC-47C7-B827-7975F4A90D3E},outside,2.38
{A530462C-BE7E-4917-B358-72FCC00AFB68},match,0.0
{A5398AFB-3BA8-40B9-8A1A-2886C4335A54},mismatch,83.79
{A582CD1B-2461-42BC-AD24-4957D48F8D0C},outside,106.59
{A588F617-E750-41C4-86BE-2B7559AFFFFE},match,0.0
{A5E8D42A-4A72-4380-B9D4-5CC0084B55D2},match,0.0
{A60A4DC2-B791-4D51-AC2C-5A319BB965F7},match,0.0
{A6438E8E-EC86-43B8-A939-ECCBB039056D},match,0.0
{A6656A06-FB6E-44F6-8DEB-0A79C30970C9},mismatch,113.23
{A6931EBC-3E8A-4E86-827E-9214C8482A3B},match,0.0
{A6BE53B1-F755-448C-BD1F-63099BD047E5},match,0.0
{A6CB6477-FB04-4004-957A-50D44B89565D},match,0.0
{A6F3D5DB-5508-4B0A-8A10-9BFCA0BFA601},match,0.0
{A711DDDE-1999-4493-A3CD-A603CD67B3FF},match,0.0
{A767B6F4-71AF-4BEF-8A8F-CFC0C88774D2},match,0.0
{A7EA9E25-E914-4577-97C7-9D9E1A63BD1C},match,0.0
{A7EBAE89-F17F-40AC-8D9F-B0C83C6758D0},match,0.24
{A8127B68-83B7-4431-8F66-D91552206E5C},match,0.0
{A816C762-5E40-489E-89F9-BA4C1D7C7825},match,0.0
{A82B5A6A-FC3F-4B18-8C71-C5DD4E03ECC4},outside,236.1
{A83E2FB7-E147-4DD4-BD40-5D5698C340FA},match,0.0
{A84D01CD-5627-44BC-ADBD-1E3AF860E970},match,0.0
{A88A4221-EFB5-4D98-BE34-4E1A9CA8C2A3},match,0.0
{A8982EF5-33DF-4199-A007-78C5331E926A},match,0.0
{A8B50C02-94E9-4108-AA7E-7EE23CC1EEF2},match,0.0
{A8BBF513-E14C-4B7B-82CC-147958FFDAD0},match,0.0
{A8C51656-470A-4DE2-9586-AAE7535B2919},match,0.0
{A8DD319B-5CCE-40D5-ACBC-8E90A95348B9},match,0.0
{A8E15613-2636-4E8E-A76D-BF767EC36F40},match,0.0
{A919E785-7508-4B03-B79B-5726EAAEF7FC},match,0.0
{A933ED2A-778A-45EB-8CF9-59AB7F424859},match,0.0
{A958F4D2-051D-4E8F-AF6E-9B74D92FE917},match,0.0
{A9993CC3-DCF0-49EA-9210-B68096AC8937},match,0.0
{A9A5D050-3B47-437F-80C0-8BD0FAA3A474},match,0.0
{A9C3A000-424E-4DCA-83F3-1BAEAB5E58D3},match,0.0
{A9C92D12-FAE6-4509-996E-95FCD6FDAEA8},match,0.0
{A9D42BE2-8741-44EB-9D76-C45071496923},match,0.0
{A9ECBD54-7C82-4C47-932F-979C91AFCEB1},match,0.0
{AA02A331-9867-4BA3-99F7-81F5B4789144},match,0.0
{AA03A04C-1699-4D6B-9606-784F5118684C},mismatch,7.98
{AA46E999-9021-49E7-9F8E-58ADC5E2C929},match,0.0
{AA4C91F1-4525-4ADD-93A3-F931F44C5C74},match,0.0
{AA7002E5-8CA3-4134-810A-4979F830E599},match,0.0
{AAB281BB-64C6-44DD-AE7A-FBCC90EE0783},mismatch,5.7
{AAB3F5C1-2AD5-4A34-BB01-B155229C18D5},match,0.0
{AABB804C-6713-48DB-8B61-4A5A582D0DE5},match,0.0
{AAE0CDFD-B257-4827-AB4E-3FA700BE29A7},match,0.0
{AB04C3B7-730E-44F4-AD27-ADC5B4B13493},outside,157.56
{AB061DFF-3825-4970-BD3B-DCD11F9B692B},match,0.0
{AB23A4FE-2B44-4EE0-9ECF-0D11705EC96D},match,0.0
{AB75DEC6-BE12-4BD6-8039-6FCBEFD315E7},match,0.07
{AB994952-3C53-44E5-816D-B6C2A1A9012A},match,0.0
{ABAD2EE2-9E85-4C4A-B842-A3C00F4B54B7},match,0.0
{ABC8D56B-A787-4CE7-A688-D7B9AAD7DE8B},match,0.0
{AC024D0B-F6A8-4873-A2E6-17A620B1D007},match,0.0
{AC2A183B-9056-4584-A18C-B39363D95AD7},match,0.0
{AC79B6DF-37F4-4141-A2B0-20447B7A3E1C},match,0.05
{ACBD4800-17CA-4F80-8DDE-714558A21D6F},match,1.56
{ACC2E82E-44B3-4A22-9FB0-A4E7A2571A04},match,0.0
{ACE4A6F5-F863-43EC-A3D7-F3D44ED62F64},match,0.0
{ACFDB0DB-4CB5-4622-965E-BDE30178DF29},outside,61.31
{AD0AB2B7-65FB-40CB-A1A9-2316C82F20FA},match,0.0
{AD383347-C78A-4F0E-84E7-0A07975B206C},match,0.0
{ADA92A6C-1168-4113-9B0F-A9E279CD5BC0},match,0.0
{ADDAB7A9-008D-4294-A74F-B722E49B32DC},outside,64.05
{AE061686-3F3E-4156-A901-5DDB6E3F0237},mismatch,133.32
{AE259A2D-93B6-4E34-AEE3-3F39B37685ED},outside,40.33
{AE3A12BF-C938-4998-B176-94765EAE7B73},match,0.17
{AE4C81AC-F533-4FFF-B91D-80DD9CF22EF2},match,0.0
{AE5F3E72-8390-444C-8C46-BB22FFFF9A8A},match,0.0
{AEBDC0B1-4030-4175-AE7E-71B9DE474AE5},match,0.0
{AEC3F544-FBA6-450A-BA4E-FC337AFB6FCA},outside,3.36
{AEE5AF01-1BA4-4D7E-BD47-22025EB97CE9},match,0.0
{AF00A56B-27C0-4A8F-8C02-0B6F58B1FB45},match,0.0
{AF0ABF99-24F8-4E84-AB63-AA9019770C31},match,0.0
{AF0B22FA-9863-4EEB-8301-672C0FE42AEB},outside,3.56
{AF6A455C-7DE7-475E-B400-0270987FA395},match,0.0
{AF91A6A4-0D88-461C-A1B2-664558EEBACB},match,0.0
{AFA96D1A-F5E6-4F43-B736-7A1701B0E813},match,0.34
{AFF28455-DC30-427A-8DD4-AEA794FA40B2},match,0.0
{B0066921-3F79-4DC7-A0D1-CDB913214CE5},match,0.0
{B00C34E3-78CF-4E85-BB72-D9C79AF1A27A},match,0.0
{B05026CD-3A84-439D-A809-4C9614FB88CD},mismatch,12.64
{B057ED6C-AB74-4C0C-A33E-C27C193AC3EA},match,0.0
{B05FDC3E-7883-499D-B81D-800F7708DB3C},match,0.0
{B07EB472-F08E-4523-850D-3B55EC1020B6},match,0.0
{B0D43C0D-743A-444E-BA07-F893397FE358},match,0.0
{B111E91E-EB87-4AAA-8E4E-8BE0A7677641},match,0.0
{B121A7B4-DF9E-473A-AA2E-5B54FF74D1E3},match,0.0
{B14FE478-41B4-4B67-BF61-8D60B9964248},match,0.0
{B15585A9-81DC-44FE-B56A-EDA5807B30C5},match,0.0
{B180DDDE-3929-4A7B-8974-8163ACFD6C3A},match,0.0
{B18E95A5-0733-4D86-A729-454A57417F73},match,0.0
{B1C31D12-4C17-457D-9F1D-668A0A5F6225},outside,59.84
{B1C3993C-E3D4-4232-8551-C55E13B0EA36},match,0.09
{B1E2DF31-83AC-4972-AEB7-DBBB326D649D},match,0.0
{B2287974-A30A-4154-B089-CD95A7185409},match,0.0
{B2361FF5-97F3-44BE-B463-E1BEA5098719},match,0.0
{B247D73E-FA98-4ADA-B5A2-DF5D34CAB83B},match,0.0
{B27809F4-1A92-40D2-B92B-31644CA598B4},match,0.05
{B2CB3063-B2FF-4B00-8451-105642A700DD},match,0.0
{B2D66571-9AF4-41D6-B083-AB1294B64E39},match,0.0
{B343C91A-25D7-42DF-B513-17A326BD56A4},match,0.0
{B35105C7-0E6D-4238-ABF1-8D7EF7F936A0},mismatch,2.54
{B35757F9-6BED-4813-9B71-D1F6F2DCA0DF},match,0.0
{B366EDFE-8B21-4D77-AFDB-D1639DE91AE0},match,0.0
{B410D852-150D-4717-90A5-44DAC736B163},match,0.0
{B41C346B-C17B-4154-A14C-3B28B36C4C1D},match,0.0
{B46E79C4-84C1-4A2D-87CF-4831E82CA4A9},match,0.0
{B46ED03F-5DB4-4255-A1AC-59B085DBF727},mismatch,3.93
{B4946844-727D-478C-B06B-3C7EC55D583C},match,0.0
{B4C2906B-6DF1-4DA7-BA8F-6C9D0CEF2F20},match,0.0
{B4D5EE26-39E2-46BF-B83C-B634BBA008EB},match,0.0
{B4D6D584-2183-46FA-A49A-8007A9A27B9B},match,0.0
{B50C3F10-1576-41B3-84F8-FA0CA4542BC6},outside,9.57
{B5257EDF-FE10-458B-9388-8397A316873E},match,0.0
{B5302F24-7BC3-4365-B265-9200D736044A},mismatch,12.55
{B5897603-E5C9-4D4B-9F7C-B66E6EBB82A8},match,0.0
{B5A77B3F-AAE4-4D2E-B070-88205D10B320},match,0.0
{B5C82EF4-79DB-417C-9A44-A90C8CBCF6EC},match,0.0
{B5D70A47-AC0D-44DA-80B7-98684B3A142F},match,0.0
{B5E90817-D98F-4DBE-8C24-C42163277CEA},match,0.0
{B5F8918F-A855-4169-9042-2A713EF776E9},match,0.0
{B5F9DF89-516A-4284-9CF3-8F1871A3A263},match,0.03
{B70644C4-0854-45E2-B80A-F541CEB000BF},match,0.0
{B718A85C-8F35-4926-949D-1A17CD92D97A},match,0.0
{B764FB91-117D-48DF-94E6-BD2A0C3925B6},match,0.0
{B7865DED-BA93-4C1A-8624-E2191CB6ED2E},match,0.0
{B7885440-B2E6-4B50-8FB3-A4D4295D9536},match,0.0
{B78D59B6-B929-4BBF-83B0-AFBDE59D3954},match,0.0
{B7C1513A-81D7-4D29-B32B-B54EF5E38F76},match,0.0
{B7E68FA8-CBBD-45FD-8AAC-B95EF13A029A},match,0.0
{B80548E9-C5CF-4823-A943-82BB8ADF4D12},match,0.0
{B809753A-7350-4257-8302-029E3DAC7A41},match,0.62
{B80B9117-2A48-449E-839A-C42855A531BB},match,0.57
{B82A34CB-3CD0-4A7F-BFEE-BA349A32E157},outside,6.72
{B82BCD44-0AB9-477F-AB04-130B254298CD},match,0.0
{B82E0630-287E-4591-89C8-CEBAB608667F},match,0.0
{B83E08B4-8B8B-4C46-992F-3376059CFB8E},match,0.0
{B8B70286-B51A-4677-91C7-E04F9EB3A1E5},match,0.0
{B8D4BCC5-2A6C-4A5F-A0E1-F1F3FDE9F2B4},match,0.0
{B9036553-889F-4AA5-B39F-08B8BACE8D3F},match,0.0
{B90D6701-CFBA-411A-AA88-820AA5501C37},match,0.0
{B989A1D4-E1F6-49C4-AE4A-EE42004D4E92},match,0.0
{B9A277E6-8FA2-412D-B000-F529103122C0},match,0.0
{B9AACFC4-FEA7-440D-9A2F-69CBCDAB04A1},match,0.0
{B9EB1A03-7098-44D3-8382-43D1EC13C97A},match,0.0
{BA4EE9C3-1152-401B-9F6A-8BEA6C9A7894},mismatch,22.36
{BA85C1A4-F6AC-4ED4-82F8-22E205D1445F},match,0.0
{BA9A56A1-5224-45F0-B0DD-070DBFFB2559},mismatch,685.27
{BACAEA02-40B4-467A-B3B9-39C3197CF50D},mismatch,520.88
{BB305CE8-F6DD-43BD-84C8-0B5E833AF5C6},match,0.0
{BB50F72C-CB36-4632-9736-BFCF1FD13E72},match,0.0
{BBA36534-3C4E-43D6-BD17-8021C056B7C1},match,0.0
{BBE5B557-5508-4F7D-AC95-E0CD329CFF20},match,1.51
{BC2E8F21-077A-42DF-8F52-DE001B0C90B7},match,0.0
{BC39EB0F-6814-4625-93FE-8E550E89A942},match,0.0
{BCB8E82D-3D1A-42BE-80FF-E02EE58FAC8E},match,0.0
{BCD651E8-4423-42E9-8590-DAE2B2CE66E6},match,0.0
{BDA7F567-7CCB-440D-B865-2323652B61EB},match,0.0
{BDC6AEBD-A6BF-4D0C-929B-36D15018837C},match,0.0
{BDEC4C5C-D118-4F4E-B272-32B64D6613A9},match,0.0
{BEDF4DA1-CE41-487E-97C9-7DD236954746},match,0.0
{BEF19A88-DBAC-4119-9202-5151653EB319},match,0.0
{BF76F338-B8AA-4609-AA28-F3921F9695DC},match,0.0
{BF854CB0-CF80-43E3-A809-F6B36D83690B},outside,4.22
{BFADDBCA-BBE5-4380-8B00-E203145EC46E},match,0.0
{BFB14370-94DF-41D5-859D-B21FCE998FE3},match,0.0
{BFB7DB54-CA46-4BD6-9543-C377A3C476CC},outside,132.0
{BFBBB1DE-3035-4277-A6A1-635A35EF1A6C},match,0.0
{BFC59C95-ABE4-4959-BE52-7F09A5308991},mismatch,214.64
{BFF9DB9E-CA56-440D-B966-058492E9DF73},outside,374.71
{BFFC22DE-8C43-473B-A696-5370C6EB2162},match,0.0
{C0078B6F-6E82-4228-8A2C-24B01CE556CE},match,0.0
{C0223FF5-B95B-4CF2-80C4-FB5DCC124ADC},match,0.0
{C03E703A-17F5-454E-AF91-23C2A4AAD5D1},match,0.0
{C0620CC1-EBEF-4F2F-AF56-158342519586},match,0.0
{C07AC1AD-4251-4C10-86A0-278F8ECD612C},match,0.0
{C0A918AD-D63C-470D-8B6E-750AAAA6A2B9},match,0.0
{C0D0ADB5-AA69-4FA8-9D2A-B8FD8003517D},match,0.0
{C104E278-22E5-4954-A955-C765E7F547CA},match,0.0
{C1258475-1FC1-491C-9142-9658BFEEF0FB},match,0.0
{C1443882-281A-4530-989F-8E2696B6131E},match,0.0
{C1777E18-0538-46D5-9FD1-1AB070AA933F},match,0.0
{C1A959C4-95BB-47A3-8681-6A5776CDD88D},match,0.0
{C1ADC4CF-10B4-46CB-869B-B99E2F70453E},match,0.0
{C1CE1A5B-F613-4687-9FF3-B36494EFC3AC},match,0.0
{C253B60F-62F5-4774-B931-D13375BD8265},mismatch,14.35
{C26441CB-9315-4F5F-A109-D3725C17B586},match,0.0
{C27C9D60-E59E-4014-ADA0-9D09317C648F},match,0.0
{C2D61671-EB4E-40BE-96BC-49F296E8D8A2},match,0.0
{C2EE3D68-85C8-4D15-8DCF-735AE274FD08},match,0.0
{C313ACE1-83FE-465B-9DB3-436CB2D48F7D},match,0.0
{C3238FD9-9D5F-4558-AB66-9F0E37FF8191},match,0.0
{C343C747-D430-467B-8173-BE496195CA2C},match,0.0
{C34CCB22-D514-4F25-9E87-638161362114},match,0.0
{C366C8A6-C327-46CE-AE00-04C0BE38C7E2},match,0.0
{C39D8402-2AA1-4195-A7AF-F5576A67671A},match,0.0
{C3CF8123-C2E0-4D7E-B1D7-DC3226B21876},match,0.0
{C3F7371E-FD52-4FA5-BEF2-1E1AAA9C2F2D},match,0.0
{C42E7D33-D740-4F3C-88CE-CDCB54F1E1C1},mismatch,3.4
{C47D7DBA-4047-4D31-BD3A-280B320E6442},match,0.0
{C4C5D0B6-E282-4658-B458-82DFF089E607},match,0.0
{C4E7CA6C-65FB-42A3-887B-D4A9C17BFC85},match,0.0
{C5239287-43F6-4C25-8984-4C975E90503E},match,0.0
{C558007A-A0AB-4C4D-A836-9CA4EA3BD493},mismatch,426.26
{C5CD2299-5D48-457E-A887-9914B94A3D80},match,0.0
{C5F32E6B-816C-473F-B868-AC94234612E8},match,0.0
{C5F4D4C2-7256-4841-A844-75F247DB7AEB},match,0.0
{C5F70E6F-558B-494F-8A4B-85362B35A220},match,0.0
{C60251DB-41AE-4DAB-AC00-F999EA235D54},match,0.0
{C668154A-D1ED-4408-B774-186E91D7BC7E},match,0.0
{C6F86AE2-7719-442B-88C0-08D0176E33BE},match,0.0
{C70F025D-17AF-456C-8E48-D5735931DDB5},match,0.0
{C7184088-386E-4C35-A4AB-2D0D9F2B3A77},match,0.0
{C73C3438-575C-42A1-B923-9C7224431065},match,0.0
{C7474B3B-DBB9-4CAF-B697-A0283730EE6B},match,0.0
{C79DD2E6-D5FF-43CB-B4E3-362A2D1FD2CD},match,0.0
{C7AFD7D7-F9B4-4937-A4B4-AEDADCEAD51A},match,0.0
{C8717693-9691-48EF-828D-267CFD4347C9},match,0.0
{C8837112-5BF5-4885-80C3-89AC55F0D248},match,0.0
{C89DCAD2-C6AE-44E9-A966-0697EE252D72},match,0.0
{C89E8FC3-B4E0-4B5C-BB68-B3E740D304C5},match,0.0
{C8EC9D39-F5C7-4B8E-94A5-4B7BE891EF44},mismatch,57.71
{C9115959-A754-41E2-9301-60F06A3FCABD},match,0.0
{C995496F-83BC-4D90-B7A0-8346CD6E515C},outside,18.33
{C9AFF599-4CD8-41B4-97E2-04CEFD79683A},mismatch,549.44
{C9BC00FA-491A-4D02-BFB8-B40977DA2016},match,0.79
{C9E914FB-038D-497D-9C7E-7920E1429211},mismatch,104.28
{CA12C55C-A65F-44D1-BF96-F6C28B1C5113},match,0.0
{CA25E36E-8FCA-45E3-AB5A-0B05B3A26097},match,0.0
{CA46A88C-BFAC-4DAA-87F9-5F98FFA280A8},match,0.0
{CA683C07-E679-44CC-AEB6-F59AE56BC91A},match,0.0
{CA9377E2-F045-4E12-899E-A00B06C00908},match,0.0
{CAAC5221-829D-4B94-872F-BF7B98979A46},outside,440.44
{CAAE0ACC-7057-49EF-8361-8E6DB054D284},match,0.0
{CAC8C78D-3D19-4C6F-A779-DE02FB53C120},match,0.0
{CB3D1D62-2E1D-4B0D-94E5-48A58F4CFBBF},match,0.0
{CB4253E4-9DE9-4D95-AF37-62AF93235BC4},outside,246.73
{CB5F15FA-D66B-441C-BF8C-63502D037209},match,0.0
{CB76F2D9-3BE8-4FBD-AA72-19659BA88B47},match,0.0
{CBB7DC3E-0AF5-41C6-A7B3-5C65F6397177},match,0.0
{CBC48C5B-1B5E-410F-97DE-D67332C3B6DD},match,0.29
{CC18CA40-3547-4E41-A733-8A4082DD1FA6},match,0.0
{CC464040-DC6C-40F1-8945-651DE5EAB4F4},mismatch,3.37
{CC640165-0D81-487D-A9C2-561FACFE5085},match,0.0
{CC88A802-1D40-443D-9C55-23F9F8729518},match,0.0
{CCE658EB-BACB-4015-9254-BEC151035E99},match,0.0
{CD097E8A-4E3A-4726-A8A1-A9E1F06AE093},match,0.0
{CD1EA217-9CF2-47B5-94D1-728942BB55A6},match,0.66
{CD59A84B-EAA2-435A-B68A-251A0FA02239},match,0.0
{CDF44668-FCE1-412E-9AED-B6E36850A02B},match,0.0
{CDFDD706-0D5A-4E70-8BBE-5C6E499DC2C1},match,0.0
{CE3676FB-5E29-4BA0-ABC8-A95B8EA061B0},match,0.0
{CEBBA7D6-6120-4AEA-8289-21EF73999913},match,0.0
{CEBF6A18-6725-4A8C-8A3A-A21D32473D23},match,0.0
{CEDEBA38-2030-4837-8FFD-E164080B8CC2},match,0.0
{CEFEF0C0-D1C6-4A0B-ABF5-66311BFEFFF9},match,0.0
{CF093664-3A16-4A3C-9347-0A6A8D6A81B2},match,0.0
{CF53613F-3E89-446F-98A3-CA1D7E676BA7},match,0.0
{CFEEF21E-22F1-43C9-9C18-375689F362A6},match,0.0
{D006AEA8-FB4B-4EC8-8B12-A7A3D223249C},match,0.0
{D01D9DD1-1629-411F-9602-1EBA924BC4D1},match,0.0
{D01F6BDD-1243-4DD4-8535-C3B8E665FA0C},match,0.0
{D044CE70-F602-4D76-8E80-C741490CDEC2},match,0.0
{D09AC76A-E60F-4EFE-915F-BDE854349BA0},match,0.0
{D0D325AD-A296-437B-9213-8A2FD2F3621D},outside,3.36
{D0E49797-847C-4472-A8D7-96DC9775EAFE},match,0.0
{D0F2748C-7DEB-450F-8C52-E8CB21ECA1B0},outside,18.34
{D12CFD70-6484-4BD7-8274-44742430D06D},match,0.0
{D16B7CA0-CE7A-4D65-864E-5B2599DECFA6},mismatch,564.81
{D1E9B280-33D0-4584-B779-96F3378A1E4B},match,0.0
{D1EB681F-FE8B-4DEF-BC9B-29CC5CC7CE27},match,0.0
{D259579F-391E-4012-8B57-3FBC580FC61B},match,0.0
{D2806126-38C8-426E-99E5-86A20E20DD7E},match,0.0
{D288D4AE-A1D2-4647-BFB5-535070CDD4C4},match,0.0
{D290AE1E-2F5C-419B-A813-0A64071A1325},match,0.0
{D2A1D2AB-3C74-4DF2-9B24-C49AF3155E70},match,0.0
{D2B6AD33-B4EC-4CBE-8876-6A89A68C69DB},match,0.0
{D2C6A9F9-037C-4AA8-8FDC-6D9CE0A36EEC},match,0.0
{D2C96C71-BCAE-424D-9393-241DF0F42EE0},match,0.0
{D32639C4-3E15-4313-904F-B53FE9C4C207},mismatch,150.17
{D32C5145-0F7B-4CCD-98DA-4F63C5C70400},match,0.0
{D33E9F72-38F5-4436-A633-27A623F29032},match,0.0
{D3AB658E-4DCD-4C78-969F-0BA4EA63EC9F},match,0.0
{D3C67F95-4D95-4DED-8E34-558CEA3B78CE},match,0.0
{D41F7208-7E6A-4C09-8B46-B4441F8857CF},match,0.0
{D4480803-987D-48DA-80DF-D4C7F0E68FE3},mismatch,2.01
{D4587BF4-E139-47DD-BC30-428544F2F8A8},match,0.0
{D45BE12C-652A-4463-9CA9-3542B3E29AC2},match,0.0
{D4DC4358-AD2A-4F62-A059-4266EFCD6437},outside,27.69
{D4FB8AB8-618F-4FBA-BDDC-292B669758E6},match,0.0
{D528E31C-2076-4981-8108-ACAE1377AAB6},match,0.0
{D5406CE7-E5F0-4CD2-9308-D182C109FBFF},match,0.0
{D54CE33A-6C0C-486B-ABA1-2034B64E891D},match,0.0
{D54EFE07-2827-4A72-B381-179D181BB4F4},match,0.0
{D56D7018-E852-420A-B32D-D20B5B07A893},match,0.0
{D573C229-77DD-4562-A220-718A3BE11844},match,0.0
{D5803C6E-27CF-4FEB-A024-8178DC9ED46E},outside,20.05
{D5834F27-2798-4F85-ACD2-68A063A0C5AD},match,0.0
{D5BCC064-B7B2-4BA0-8911-B9BB258591BB},outside,2.33
{D5D3CEB4-1913-4496-9C63-0A9124E8357A},match,0.0
{D6060993-C880-4CFD-9A13-0D44D3A81F53},match,0.0
{D60C23D0-11CC-4BD4-ACD0-86109EA5F37A},match,0.0
{D60CDEBF-4FAB-4440-A647-D4CC1187D243},match,0.0
{D61C075A-5C1A-4E6A-BCE5-D342E1793C3B},match,0.0
{D6A3659F-8B2C-4447-BE15-E82D27D62AF2},match,0.0
{D6DCE4DB-5CDA-4A88-843D-D8ACEF31E2C5},match,0.0
{D6E3DB89-1C97-4D38-98FF-7A9988BCDCFE},match,0.28
{D6E40633-C0D4-4AF8-9429-3CEC7CADC45F},match,0.0
{D7037064-2B6C-4EB3-8145-FF0C714AEA24},match,0.0
{D7310362-3F08-4501-8005-DF61067A12BF},match,0.0
{D74EF297-A73B-4181-A759-56C37FDE41DF},match,0.0
{D76F15DE-85A3-44BE-AE59-2A6533F81512},match,0.0
{D7CDBBEC-A81A-4C94-965B-2B315201ED4A},match,0.0
{D87C846D-981B-4E88-AB27-A2DDBF25E98C},mismatch,667.11
{D8ACD98E-7DEB-42E9-A3B7-80BBD2D3E1C8},match,0.0
{D8DD03D1-0045-4F20-808E-99BCCD553C35},match,0.0
{D8E39A41-4ACE-4C9A-8FA8-F5201ED04032},match,0.0
{D90B5B01-B43C-47E6-AFBE-60E05BEBF7DC},match,0.0
{D92BD537-BC5E-45D8-B5D5-467F33E6FB74},match,0.0
{D98885C5-A822-4810-810F-CB8B2F5DFDB0},match,0.0
{D99442DA-9542-41C2-88DE-A2C473548FDD},outside,110.07
{D99D1073-2B1A-442D-A734-E3D9DCEDD425},match,0.0
{D9A24C50-F9F2-454E-B9C8-750EE585D541},match,0.0
{D9A44F25-7BD5-452C-B8EC-E436366772FE},match,0.0
{D9B91291-5840-478F-A822-A19E95DA2C23},match,0.0
{D9EF5217-BAAC-4EEF-8883-FE240CA4CBDC},match,0.0
{D9FE15B2-31C8-46BC-9A6D-F66958E9E233},match,0.0
{DA9AE6EB-3E04-4550-A71C-981B511781C4},match,0.0
{DAC83E96-633B-4414-8CEC-1D32B57B3ED9},match,0.0
{DAEC5650-5C4C-492E-B977-651DB9917A01},match,0.0
{DB8F47BD-14D1-4503-BECA-6523E2C003B7},match,0.0
{DBA4C5BF-0B56-42B8-8DE2-271388AAFF3D},match,0.0
{DC1660F8-7010-4048-8650-DFA40389687F},match,0.0
{DC3FECD9-9A70-472C-8141-F082D544889E},match,0.0
{DC5823E8-AB66-4C44-A453-9F0A1FFBA77F},match,0.0
{DC601FC1-3A2B-4C80-9F95-10FE3EDD9761},match,0.0
{DC60B9F5-62A5-457E-A0B7-8BA4851ABE97},match,0.0
{DC7AB0D0-85E7-4037-A97D-5136255831FA},match,0.0
{DC804955-7654-4EBB-AC92-0A0266163C08},match,0.05
{DCB13A71-B53D-45F9-928A-929F2BF933C1},match,0.0
{DCE1573C-EE52-4563-81A1-532110C2CE26},match,0.0
{DCEA69CC-0392-4D6B-83AF-6DF819F9F130},match,0.0
{DD445EE1-3F10-4146-A63C-843325C1AEA0},match,0.0
{DD6207A5-AD90-42B2-93C6-4A2AF3EF6A60},match,0.0
{DDA6FB76-5380-4BC4-93FD-1522BFE1A796},match,0.0
{DDBEA947-84DD-4443-88BD-348496D95D9D},mismatch,3.46
{DDD6686D-1B80-4635-9915-CF8C6D9CC472},match,0.0
{DDE35DBE-E122-4919-AC13-F1C44D4FA731},match,0.0
{DE0B34DB-8C02-4D9D-94E1-A19418FBBABD},match,0.0
{DE28396A-DEE2-44C9-B2DA-6D1A8CF2EFCE},match,0.0
{DE33EAF6-CE90-4E59-BD71-AC863E6D0244},match,0.0
{DE51C970-B898-40CE-AADC-9FA47BA4D7DB},match,0.0
{DE58A4B0-4535-43C7-A7EF-69081AB2F18A},match,0.0
{DEB163BB-3EFE-46BC-8642-B72714A3D58C},mismatch,12.99
{DEC23BD2-8C24-47A8-8716-E64D51BA97CC},match,0.0
{DECC4CB4-9217-4FA6-A6F1-FB5AF9F5A76D},match,0.0
{DEF25DC7-2502-4A06-BE1A-12930080D395},match,0.0
{DF089F3D-FF57-46E4-926F-17F5878F0CE9},match,0.0
{DF0BDB23-DC4E-4D7C-9FBB-24B6A044714B},match,0.0
{DF0D091B-FBBB-4517-AA45-0BAA2F320FDE},match,0.06
{DF11E142-0A1B-4FD7-870D-B2432FB23B38},match,0.0
{DF60A289-BFB7-4882-92EA-89D65B32D0B7},match,0.0
{DF6648FB-7E01-4D97-AD35-9477293F4C57},match,0.0
{DF7DE3EA-8366-4CB9-8D57-C492F2B43793},outside,4.16
{DF8A51FF-9743-44F6-9433-B5029478C477},match,0.0
{DFFEA010-C78E-4C70-A5A9-0089FFA544FA},match,0.0
{E01A6243-BF36-4B61-A01B-F4A0F8AEA260},match,0.0
{E01B3F6B-7D46-4185-BC28-80C76DB7851D},match,0.0
{E02F82E9-0CBA-4960-8280-19B03E874280},match,0.0
{E044B030-CE0C-407D-9875-B4B4609B1B50},match,0.0
{E06E92CB-E637-4120-967B-1F567B0B9489},match,0.0
{E09E2D7A-3D9D-4BC8-8FB4-8E2A425B1C82},match,0.0
{E0A8AC68-CE38-4642-AC6E-8E5679E9D539},match,0.0
{E1382C04-8BCB-4CB3-8640-A3678801E8F8},match,0.0
{E1693C3D-F6A9-432D-8B18-315BB5BCFB77},match,0.0
{E17122C9-87B6-4F81-A62D-DA62D26F8FA0},match,0.0
{E1A25DB3-FA3A-4228-B3DF-72F39484C323},match,0.0
{E20099E2-C75B-43CE-A5A2-EA64F5F047EF},match,0.0
{E2092758-6B1B-4406-9634-61C15D25036D},match,0.0
{E21C4E02-36BA-461C-B1E8-98CFECCDF0C8},match,0.0
{E239BC24-44CF-4882-8407-56CAEAEE0463},match,0.0
{E240391E-9F85-4887-8186-65EAC9A003FE},match,0.0
{E24B5472-872F-4239-A116-FC23CC2087AB},outside,36.93
{E2564600-5F0C-4B9C-8869-F3712D55D68D},match,0.0
{E2861BD3-C905-4D5D-B58F-B62EF99C0B2D},match,0.0
{E28836DE-2C57-40A3-B75C-FB7EB08D38C3},match,0.0
{E2BF956B-CE4D-4E04-954E-9B2D99151089},match,0.0
{E2C20C9D-DC5C-4D14-B512-E8C41312EA92},match,0.0
{E2CFD171-4F72-4EE8-AA24-C3C8C233BAA9},match,0.0
{E2EBBB67-58E8-4EED-B69B-A03B77169EB6},mismatch,32.93
{E2EF0E5B-287E-4122-A175-2E0B85FD9D17},match,0.0
{E32D2921-8176-4468-A0AB-9AE351693922},mismatch,3.78
{E3EF8439-0613-41E1-B9C0-DC105BB3B3C0},mismatch,114.18
{E440AFDF-429C-43EF-97E7-E99BC8872AF7},match,0.0
{E474BE21-EF86-4234-AB76-B32CE68F896D},match,0.0
{E4AB4D46-CF85-4C56-9B07-82B5AA1F0492},match,0.0
{E4B7575E-9F3B-44DD-88D5-F0519B402055},match,0.0
{E4CF3B9E-8613-49C3-94A8-E46B9248AE34},mismatch,44.98
{E4EE10B6-0678-4598-BDAB-CF65C3FE1ABD},match,0.0
{E52F8BF1-0669-4629-8E08-E889F6CF8435},match,0.0
{E53E0A9F-D574-4511-81AC-AF770008F760},match,0.0
{E55B146D-4351-4F1D-838C-CBE8D7A2A8FC},match,0.0
{E670FA80-0EEE-4383-AF9E-7B7B187485C4},match,0.0
{E6878C9C-E636-4C33-A5F5-14420473C72B},match,0.0
{E6AB9F80-923B-43FA-B7E0-74FB0874B59A},mismatch,76.36
{E6B99EC5-748C-4D83-97F7-7E5E958EB571},match,0.0
{E6E8B171-EEAD-4097-8EF3-6EE74CECD474},match,0.0
{E6F89934-850D-4A9A-ACEE-2DD093C349F2},match,0.0
{E7455FE8-21D1-4DB9-B9A2-3E131F07722C},match,0.0
{E762FF48-E51C-4FF1-BB99-94DA3D5D0CB4},match,0.0
{E77A8666-C3DB-4AE5-ABD7-A169FFB122E7},match,0.0
{E77A942D-7D0A-45CD-8F29-13F7F85F71A3},match,0.0
{E784CB11-693E-4ACD-99C8-A9E006782F07},match,0.0
{E7B9AC7C-E3C6-4313-A350-5414BFE26A53},mismatch,630.48
{E7ECD652-D585-4837-8BEC-05FA96860368},match,0.0
{E7F7C72E-3C31-4C85-AC61-D685DE531E55},match,0.0
{E854004D-0A4D-48A9-A6FE-DEC878FA235C},match,0.0
{E867DC72-3920-4177-BBB6-DA377D5FDC91},match,0.0
{E8C7FE98-2833-47DB-A566-8D25750D48D2},mismatch,30.63
{E8D942CE-3386-4DE8-8667-2A8395EDE2F3},match,0.0
{E96D8287-193E-47D7-B6ED-C714E62819BD},match,0.0
{E9721470-3863-4DF0-8FA9-DEE71E0F717F},match,0.0
{E97E7FA3-5A3B-497A-9EFF-6E3E1832C369},match,0.0
{E98F3A3E-E585-4EEE-80D1-92ED1E2D5F56},match,0.0
{EA033FEC-60D8-448B-A49A-6DCACE5AB189},match,0.0
{EA679999-727C-4A29-8C51-BD75D33F8B4C},match,0.0
{EA8037D3-7189-4248-9499-E94F9DEB1ECB},match,0.0
{EA99F3E6-95C7-4A2D-B594-6959266E71F9},match,0.0
{EA9FD404-2758-49CB-81A4-82A43AF09848},match,0.0
{EAEFD0BA-2E87-4EE1-AE9D-B356943D2788},match,0.0
{EB324C93-9396-4768-B372-5073A1FBE274},match,0.0
{EB39FAA6-2449-4158-A5F0-0D771F933278},match,0.0
{EB7C0400-4008-4293-A2E5-5436D5F383E3},match,0.0
{EBAB23EE-9C6B-4BD5-A51F-1E23EFD52514},match,0.0
{EBE4B52C-8327-4736-B32F-36B795B4C16F},match,0.0
{ECBCD8D2-3AC3-4138-99A9-100BBD56D4ED},match,0.0
{ED065D32-B350-4A2B-A53C-282E4A15376A},match,0.38
{ED4F5011-31F9-4D8C-88A0-EED50DDE9C4C},match,0.0
{ED76EDD9-CFFA-446D-983F-B066C8D335BD},match,0.0
{ED80EB74-DD45-4CF1-AF10-93AF97EA137C},match,0.0
{ED965264-815C-46DB-A2C0-252D0EDEEB45},match,0.0
{EDA71B0B-E7D6-4E52-BD75-CDA27756C3FE},match,0.0
{EE035FC2-70D9-42A6-B940-D1F97F642616},mismatch,245.12
{EE1FBA59-8354-45FF-8D5B-ADC9DDBE6A5E},match,0.0
{EE49D47C-9B92-431B-9D0B-77844BA21CF8},match,0.0
{EE90D296-0F4B-47F2-A7ED-8AAE074E53AD},match,0.0
{EEF98AEC-B3D9-49F8-B68D-1051218EE404},match,0.0
{EEFF47E2-0593-4707-A88F-5C25BC48F5D0},match,0.03
{EF0093E9-D1F3-42AA-B772-A3A3E6267575},match,0.0
{EF318649-1C9B-45B9-8616-DCC8F7FB4907},match,0.0
{EF608B80-7931-4342-A64A-98E73B563C54},match,0.0
{EF799C7C-48D8-475B-816B-6D08F25BBB08},outside,2.05
{EF7B6BA1-2FF6-404A-9A5F-01A83B09D969},mismatch,415.34
{EFA2FFD0-5E26-4F0B-AB88-C80C174ED85B},match,0.0
{EFB8BB07-4BF6-42EF-8860-505B1E26AE40},mismatch,3.07
{EFDF3393-228B-44BE-B646-0D8E1DD9AA52},match,0.0
{F0234DED-3087-44A2-B87A-59E8A8561D5E},match,0.0
{F05FA2FA-A821-4D39-B9E0-CC3DD65848FD},match,0.0
{F060B769-BCA9-4B91-A1E7-E936A99285B7},match,0.0
{F0743589-FDEE-4485-B8E0-66C6997B864A},match,0.0
{F0A479C4-125F-4C07-90E6-6C5B434E39C3},match,0.0
{F0B55A5E-4D44-483F-959F-F391B03E5092},match,0.0
{F0DAA8B9-C1E9-4BD4-95C4-640F84ECCF64},match,0.0
{F0DC7758-EFFA-4B91-84B0-2C2C02EBA419},match,0.0
{F0E3811E-BDAC-4B95-A047-6232801A109E},match,0.0
{F0FFCC8F-A5B7-4ADC-8C28-C7FC319FCDDB},mismatch,564.71
{F1134CBD-470B-4F6C-9283-B5D4F61D0DF3},match,0.1
{F121AA8F-FCE6-469A-AD26-98BD7D63BAEA},match,0.0
{F12EDD5E-D488-4E3E-9514-878127D92029},match,0.0
{F1376769-3624-43A5-9248-CADA5B67B566},match,0.0
{F14F033F-F95C-4CFA-AFFE-C591A2DE7B3E},match,0.0
{F19B2D16-1835-43FE-9850-72DF8B05E016},match,0.0
{F207D927-3A36-41F6-8394-36D45D4847EC},match,0.0
{F23482A5-67DC-4289-8D90-2F5BB44CD164},match,0.0
{F2783EA8-D735-446B-A993-92559DEB2E11},match,0.0
{F28E3A63-4862-46AA-A43E-F021AEEE73F2},match,0.0
{F29B8DDC-91DB-4ACC-8F34-04F488ED7F05},match,0.0
{F3136DB4-1CCC-4368-967C-3AC99CF344A2},match,0.0
{F3C6E0AA-DC43-46B0-9BBD-B22D1A9461DF},mismatch,536.89
{F3E0843B-7A8E-4A0B-A1D2-E8B831675754},match,0.0
{F3F5E887-8B3A-4E61-A0EA-95B7A28D000B},match,0.06
{F40348F2-5021-4CCE-92F5-0C245CCF8E63},match,0.0
{F454630A-16D4-4DA7-8F38-7F966AF61A9F},match,0.0
{F495099F-BE9E-49DE-BD7B-1C31183F8BDE},outside,68.35
{F4B4F5F1-E086-430C-BAC8-81ED0B39F112},match,0.0
{F4D6963C-5D38-438F-805F-32542198763E},match,0.0
{F5248E29-E273-4E51-9DE6-31E437308952},match,0.0
{F568A4A6-B0FA-414A-9577-CF79370E1A1A},match,0.0
{F5AD660F-BFB2-45F7-A0DD-3D6376AE81F5},match,0.0
{F5EA86DC-3AD5-4EBB-9B32-1E3296DE10A4},outside,1078.2
{F5EEFC5C-66FC-4AD0-ABCE-A2FE24FE5CEC},match,0.0
{F681A2B1-247E-42A5-9190-DF9189FC6EDF},match,0.0
{F729F6FD-CA95-4695-B3B0-6992D56CFD1B},match,0.0
{F75EDA26-FB7A-4212-9A92-1EFC1B431DCE},match,0.0
{F7B5D498-D033-4DA4-8410-BF6B12F3DF66},match,0.0
{F7BC2F70-DEB3-4539-8EB4-8CE743DC31AB},match,0.0
{F7CD73E8-FFE8-4CCA-9375-B27B2CEE2101},match,0.0
{F838A24B-74C8-4827-BDA2-B393AB91F423},mismatch,2.26
{F842B64F-E61B-446B-B295-990120CE5CA2},match,0.0
{F84F522D-6A01-40D7-9D01-97D1EF0E401B},match,0.0
{F85C69A4-3110-49AB-8573-452FE30EEAB7},match,0.0
{F89CBAB9-8EE3-4852-BC80-4FC7BC0CB3EF},match,0.0
{F8C85392-830A-4255-ABF8-BD69EBAAEBF7},match,0.0
{F9070B81-4310-41C8-A97D-D03C967F42A9},match,0.0
{F90B614D-0126-446C-8EA2-D45D46B53701},match,0.0
{F92B3587-546E-46A3-B6CA-7532E1CA09F9},match,0.0
{F93EBEDC-66D5-4E8B-82A0-9F5BDB091DD5},mismatch,4.52
{F9448E88-297B-4A3D-9C04-D55A61CA4E0B},match,0.0
{F9454094-3027-4D64-990B-DC14F65AD11C},match,0.0
{F9896EFC-C80E-4D8F-9717-DEC9D59550B7},match,0.0
{F9922F7E-63F1-4190-A7B0-695BCB54A77F},outside,233.55
{F9A3F8E4-4D4A-4EC2-9917-B3464DC4BC42},match,0.0
{FA312230-C0C1-4ED5-B3B1-1E14FDD7A61B},match,0.0
{FA4C73B2-596D-48AE-A49A-70B70258ED8D},match,0.0
{FA53E1C8-0845-4954-BE87-36058654B230},match,0.0
{FA7B5845-7940-4C5F-8EAA-A7A359D16B42},match,0.0
{FA9A470E-A5C1-4191-BB0D-7B2A1FC6454C},match,0.0
{FAAF6A17-564C-409A-A614-9F39370808A1},match,0.0
{FAC08AF5-2D55-4F59-A66B-90E72DBC6E90},match,0.0
{FACB07C6-BCA3-48B2-85F6-AC60C6860B65},match,0.0
{FAD572FC-11B2-4DE4-B16A-D59A71D55896},match,0.0
{FAFA9E0C-DDE5-4987-8789-2B08C79EA31C},match,0.0
{FAFEBD1F-25B1-4F8A-87F2-3478B694F763},match,0.0
{FB1215D5-A0E0-4889-8D27-2E9CE4564801},match,0.0
{FB134D16-49E3-46D3-907B-F546E8F4C681},match,0.0
{FB4DD9E6-3392-4E3E-A574-C2E4FF9A0CE0},match,0.0
{FB96C24B-7E2D-41A4-BB41-17A5FC20670F},match,0.0
{FC1A0FF3-1FFB-4CF5-804C-3CB2F5811594},match,0.0
{FC332169-1A4B-42A4-BB5F-E595065D2DED},match,0.0
{FC344191-8F9F-4DF7-84FF-90BA3D492D11},mismatch,3.95
{FC4F1FED-EBC1-4847-BD73-63BF9DA79F57},outside,8.08
{FC5CF6B6-4F4D-419A-9C9C-AF80A016FA7C},match,0.0
{FC7172A9-1AD9-4D0C-A042-488D9BE77C44},match,0.0
{FC75D2A6-024E-4C86-8398-DC9589B89F9C},match,0.0
{FC9DA1C8-6339-4597-A442-0F5C02A65B78},match,0.0
{FCF5DE13-804A-4060-9FE1-B8560D4A7056},match,0.0
{FDBC58AD-8866-43BC-880C-54DBF59C43F6},match,0.0
{FDD95CA1-7593-453A-B389-E07884735185},match,0.0
{FDF3F3FC-28C1-46DD-AF3B-029C231E2328},match,0.0
{FE1C1D96-F623-4694-ADA9-82D02F405415},mismatch,115.36
{FE63D401-849B-48B1-8FAF-6B046322D185},match,0.0
{FE80FFE4-DA2A-4520-83FA-EBF49A90B09C},match,0.0
{FF09F5E1-BD51-4156-859E-5064DAB7B4FE},match,0.0
{FF2FD009-AF6E-448D-A99A-94EBEEAFB344},match,0.0
{FF611883-59A7-4F35-9580-8631875F301E},match,0.0
{FF9C2E22-B0F4-4471-A542-FF86F28C55DE},match,0.0
{FFAACF52-4DDD-43E9-BF72-FE3F8A80F480},match,0.0
{FFC6D08E-A827-4B6C-891F-D6C2D7CA90FC},match,0.0
{FFFDF6A3-B357-4C44-B64A-EFF940529D00},match,0.0
{FFFE3140-EE71-41D1-A6C0-CAE8A0D5466C},outside,16.2
