source_row,record_id,object_id,ast_facility_id,aea_id,uscg_id,tank_farm_id,tank_farm_evaluation_id,community_id,community_name,entity_name,street_address,postal_code,latitude,longitude,map_x,map_y,delivery_method,total_capacity,gasoline_capacity,diesel_capacity,jet_fuel_capacity,other_fuel_capacity,number_of_tanks,source,report,inspected_by_uscg,last_inspected,last_edited,corrections_applied,exclusion_reason
1078,{3EDD2A9C-65E1-4B69-95C6-B86EF44C2A59},1118,,115-BF-07,,108,137,{511EBD11-DE52-4BAB-8C3E-D2E9F870E1EC},Lower Kalskag,Kuspuk School District,,,61.58083535,-159.5510516,-277593.6629,1299211.206,Barge,142100,,,,,,AEA,,True,1998-07-20,2022-12-21T03:55:03Z,,"AEA tank farm 108 is Aniak's farm (its own record {EE90D296-0F4B-47F2-A7ED-8AAE074E53AD} matches the farm's coordinates + community); this row repeats the farm's position and total_capacity 142100 under the label Lower Kalskag. Owner rule 2026-10-08: keep the matching row, drop same-capacity copies."
1701,{405CC19C-36AB-4808-8AB1-CDE994AED352},1770,,115-BF-07,,108,137,{50BD3072-1166-4F66-BB42-2E68C28DE654},Upper Kalskag,Kuspuk School District,,,61.58083535,-159.5510516,-277593.6629,1299211.206,Barge,142100,,,,,,AEA,,True,1998-07-20,2022-12-21T03:55:03Z,,"AEA tank farm 108 is Aniak's farm (its own record {EE90D296-0F4B-47F2-A7ED-8AAE074E53AD} matches the farm's coordinates + community); this row repeats the farm's position and total_capacity 142100 under the label Upper Kalskag. Owner rule 2026-10-08: keep the matching row, drop same-capacity copies."
1403,{A6656A06-FB6E-44F6-8DEB-0A79C30970C9},1460,,115-BF-07,,108,137,{60E24BB4-83DC-44A8-9CFE-7E855DA6622B},Red Devil,Kuspuk School District,,,61.58083535,-159.5510516,-277593.6629,1299211.206,Barge,142100,,,,,,AEA,,True,1998-07-20,2022-12-21T03:55:03Z,,"AEA tank farm 108 is Aniak's farm (its own record {EE90D296-0F4B-47F2-A7ED-8AAE074E53AD} matches the farm's coordinates + community); this row repeats the farm's position and total_capacity 142100 under the label Red Devil. Owner rule 2026-10-08: keep the matching row, drop same-capacity copies."
855,{29A9858B-A138-476A-942F-BA787BE7179B},892,,249-BF-10,,1087,1050,{9B8441F9-AEFE-4E1D-BD2C-725FCCBB0299},Kaktovik,North Slope Borough - Vacuum Building,,,70.48153169,-157.4250802,-130242.4435,2280939.245,Barge,2000,,2000,,,1,AEA,2015 Assessment,False,2015-06-02,2022-12-21T03:55:03Z,,"AEA tank farm 1087 is Atqasuk's farm (its own record {46B7841A-6BC9-41E3-A253-23EF7D0D8FC9} matches the farm's coordinates + community); this row repeats the farm's position and total_capacity 2000 under the label Kaktovik. Owner rule 2026-10-08: keep the matching row, drop same-capacity copies."
1259,{32E46B3B-A68A-4AED-A995-44AABFBA609D},1309,,249-BF-10,,1087,1050,{E24B0E44-1B59-4C79-8A8F-F7A2113EFF2F},Nuiqsut,North Slope Borough - Vacuum Building,,,70.48153169,-157.4250802,-130242.4435,2280939.245,Barge,2000,,2000,,,1,AEA,2015 Assessment,False,2015-06-02,2022-12-21T03:55:03Z,,"AEA tank farm 1087 is Atqasuk's farm (its own record {46B7841A-6BC9-41E3-A253-23EF7D0D8FC9} matches the farm's coordinates + community); this row repeats the farm's position and total_capacity 2000 under the label Nuiqsut. Owner rule 2026-10-08: keep the matching row, drop same-capacity copies."
1352,{678A81B7-2420-44FE-AABF-C45E6E48CC82},1406,,344-BF-03,,1095,1067,{ACCCEEDB-EFD5-4240-87ED-B1D77CEB08B8},Point Lay,North Slope Borough - Wastewater Treatment Plant,,,70.48240452,-157.4253055,-130243.8921,2281046.3,Plane,2000,,2000,,,1,AEA,2015 Assessment,False,2015-06-02,2022-12-21T03:55:03Z,,"AEA tank farm 1095 is Atqasuk's farm (its own record {D45BE12C-652A-4463-9CA9-3542B3E29AC2} matches the farm's coordinates + community); this row repeats the farm's position and total_capacity 2000 under the label Point Lay. Owner rule 2026-10-08: keep the matching row, drop same-capacity copies."
1260,{EE035FC2-70D9-42A6-B940-D1F97F642616},1311,,344-BF-03,,1095,1067,{E24B0E44-1B59-4C79-8A8F-F7A2113EFF2F},Nuiqsut,North Slope Borough - Wastewater Treatment Plant,,,70.48240452,-157.4253055,-130243.8921,2281046.3,Plane,2000,,2000,,,1,AEA,2015 Assessment,False,2015-06-02,2022-12-21T03:55:03Z,,"AEA tank farm 1095 is Atqasuk's farm (its own record {D45BE12C-652A-4463-9CA9-3542B3E29AC2} matches the farm's coordinates + community); this row repeats the farm's position and total_capacity 2000 under the label Nuiqsut. Owner rule 2026-10-08: keep the matching row, drop same-capacity copies."
653,{D16B7CA0-CE7A-4D65-864E-5B2599DECFA6},683,,200-BF-01,,158,575,{9CB98028-F75A-4D46-A951-AB787D2CF82E},Galena,Frontier Flying Service,,,66.56796229,-145.25809,388303.9957,1871189.019,Plane or Barge,10500,,,,,,AEA,2015 Assessment,False,1996-07-25,2022-12-21T03:55:03Z,,"AEA tank farm 158 is Fort Yukon's farm (its own record {58EE35A2-3A08-4BA7-BF4C-04E89E4D064C} matches the farm's coordinates + community); this row repeats the farm's position and total_capacity 10500 under the label Galena. Owner rule 2026-10-08: keep the matching row, drop same-capacity copies."
753,{5283F15A-66DA-4487-8444-EC1A2C43934D},785,,,,171,697,{8D01840C-135C-49A1-A1FE-5C63881EEF8A},Hooper Bay,Yukon Fuel Company,,,64.73391882,-156.9188094,-638103.3526,1341712.351,Barge,100000,,,,,,AEA,2015 Assessment,False,1997-07-16,2025-12-16T09:23:58Z,,"AEA tank farm 171 is Galena's farm (its own record {94FF39D9-B453-4A2D-BD74-6A160024C80D} matches the farm's coordinates + community); this row repeats the farm's position and total_capacity 100000 under the label Hooper Bay. Owner rule 2026-10-08: keep the matching row, drop same-capacity copies."
865,{4EB90598-665E-44BF-BABD-1D75C638BCF2},902,,254-BF-03,,219,171,{5790AC9E-408E-42C0-BDC7-490DB0451EAD},Kaltag,State of Alaska DOT&PF,,,64.87964972,-157.7186676,-176090.1857,1662572.036,Barge,1000,,,,,,AEA,,False,1998-07-08,2022-12-21T03:55:03Z,,"AEA tank farm 219 is Koyukuk's farm (its own record {267923CC-B079-457C-AE8E-665ECAC1C97E} matches the farm's coordinates + community); this row repeats the farm's position and total_capacity 1000 under the label Kaltag. Owner rule 2026-10-08: keep the matching row, drop same-capacity copies."
1670,{60EDEA84-04E5-4ED4-912D-1CDA85E970A2},1738,,120-BF-02,,377,537,{2AAC0BD8-1ED0-49FE-B5DA-1371DF532197},Tununak,Alaska Army National Guard,,,65.33271165,-166.4942242,-579014.1444,1762765.314,Barge,4750,,,,,,AEA,,False,1996-09-20,2022-12-21T03:55:03Z,,"AEA tank farm 377 is Brevig Mission's farm (its own record {43DD9874-FC62-4F32-AC8A-D99446EB7491} matches the farm's coordinates + community); this row repeats the farm's position and total_capacity 4750 under the label Tununak. Owner rule 2026-10-08: keep the matching row, drop same-capacity copies."
1181,{6EF0C04D-FA10-46F4-A9C4-91EC73504366},1225,,120-BF-02,,377,537,{A83F4C9F-FA93-4FC6-974A-39BA917BA023},Nightmute,Alaska Army National Guard,,,65.33271165,-166.4942242,-579014.1444,1762765.314,Barge,4750,,,,,,AEA,,False,1996-09-20,2022-12-21T03:55:03Z,,"AEA tank farm 377 is Brevig Mission's farm (its own record {43DD9874-FC62-4F32-AC8A-D99446EB7491} matches the farm's coordinates + community); this row repeats the farm's position and total_capacity 4750 under the label Nightmute. Owner rule 2026-10-08: keep the matching row, drop same-capacity copies."
1577,{743459E3-FCB1-4860-9E07-61BE3B6A04B3},1638,,120-BF-02,,377,537,{28ACD99B-0BF6-4373-A5BA-4F063E34485C},Stebbins,Alaska Army National Guard,,,65.33271165,-166.4942242,-579014.1444,1762765.314,Barge,4750,,,,,,AEA,,False,1996-09-20,2022-12-21T03:55:03Z,,"AEA tank farm 377 is Brevig Mission's farm (its own record {43DD9874-FC62-4F32-AC8A-D99446EB7491} matches the farm's coordinates + community); this row repeats the farm's position and total_capacity 4750 under the label Stebbins. Owner rule 2026-10-08: keep the matching row, drop same-capacity copies."
373,{C558007A-A0AB-4C4D-A836-9CA4EA3BD493},394,,120-BF-02,,377,537,{8ECE306F-1205-474A-AF5D-5A82326AFDD3},Chevak,Alaska Army National Guard,,,65.33271165,-166.4942242,-579014.1444,1762765.314,Barge,4750,,,,,,AEA,,False,1996-09-20,2022-12-21T03:55:03Z,,"AEA tank farm 377 is Brevig Mission's farm (its own record {43DD9874-FC62-4F32-AC8A-D99446EB7491} matches the farm's coordinates + community); this row repeats the farm's position and total_capacity 4750 under the label Chevak. Owner rule 2026-10-08: keep the matching row, drop same-capacity copies."
1652,{F3C6E0AA-DC43-46B0-9BBD-B22D1A9461DF},1716,,120-BF-02,,377,537,{976DFE6D-5070-41D4-B270-90EB077F8A48},Toksook Bay,Alaska Army National Guard,,,65.33271165,-166.4942242,-579014.1444,1762765.314,Barge,4750,,,,,,AEA,,False,1996-09-20,2022-12-21T03:55:03Z,,"AEA tank farm 377 is Brevig Mission's farm (its own record {43DD9874-FC62-4F32-AC8A-D99446EB7491} matches the farm's coordinates + community); this row repeats the farm's position and total_capacity 4750 under the label Toksook Bay. Owner rule 2026-10-08: keep the matching row, drop same-capacity copies."
1014,{5966569A-E364-492E-AF3E-4EE7DCE3828B},1051,,121-BF-02,,385,744,{833744EB-91EC-4A96-AD90-A5E91FAB1250},Kongiganak,Alaska Army National Guard,,,65.97994995,-161.131753,-324099.4331,1797629.372,Barge,4600,,,,,,AEA,,False,1998-06-24,2022-12-21T03:55:03Z,,"AEA tank farm 385 is Buckland's farm (its own record {DE58A4B0-4535-43C7-A7EF-69081AB2F18A} matches the farm's coordinates + community); this row repeats the farm's position and total_capacity 4600 under the label Kongiganak. Owner rule 2026-10-08: keep the matching row, drop same-capacity copies."
1043,{63C660C1-0960-4011-81E0-33F443CB730D},1080,,121-BF-02,,385,744,{25A4F514-7ADF-4F62-873B-6D2F16141D13},Koyukuk,Alaska Army National Guard,,,65.97994995,-161.131753,-324099.4331,1797629.372,Barge,4600,,,,,,AEA,,False,1998-06-24,2022-12-21T03:55:03Z,,"AEA tank farm 385 is Buckland's farm (its own record {DE58A4B0-4535-43C7-A7EF-69081AB2F18A} matches the farm's coordinates + community); this row repeats the farm's position and total_capacity 4600 under the label Koyukuk. Owner rule 2026-10-08: keep the matching row, drop same-capacity copies."
1057,{BA9A56A1-5224-45F0-B0DD-070DBFFB2559},1094,,121-BF-02,,385,744,{67C5F12A-3F7F-4EAB-88E0-136D880F8DD0},Kwigillingok,Alaska Army National Guard,,,65.97994995,-161.131753,-324099.4331,1797629.372,Barge,4600,,,,,,AEA,,False,1998-06-24,2022-12-21T03:55:03Z,,"AEA tank farm 385 is Buckland's farm (its own record {DE58A4B0-4535-43C7-A7EF-69081AB2F18A} matches the farm's coordinates + community); this row repeats the farm's position and total_capacity 4600 under the label Kwigillingok. Owner rule 2026-10-08: keep the matching row, drop same-capacity copies."
357,{D87C846D-981B-4E88-AB27-A2DDBF25E98C},378,,121-BF-02,,385,744,{A446B551-74BE-4F56-B131-523C342C41BA},Chefornak,Alaska Army National Guard,,,65.97994995,-161.131753,-324099.4331,1797629.372,Barge,4600,,,,,,AEA,,False,1998-06-24,2022-12-21T03:55:03Z,,"AEA tank farm 385 is Buckland's farm (its own record {DE58A4B0-4535-43C7-A7EF-69081AB2F18A} matches the farm's coordinates + community); this row repeats the farm's position and total_capacity 4600 under the label Chefornak. Owner rule 2026-10-08: keep the matching row, drop same-capacity copies."
1351,{11C61E2B-C979-4D51-A901-5BDF8ABBF907},1405,,249-BF-03,ANC-K-001,397,928,{ACCCEEDB-EFD5-4240-87ED-B1D77CEB08B8},Point Lay,North Slope Borough - Dept. of Municipal Services Bldg.,,,70.12919302,-143.6095718,-352340.4005,2220595.091,Barge,4000,,4000,,,1,AEA,2015 Assessment,True,1998-08-19,2025-12-16T09:13:01Z,,"AEA tank farm 397 is Kaktovik's farm (its own record {80B22708-BF6D-46B9-AEB3-1AF02C2A7D4F} matches the farm's coordinates + community); this row repeats the farm's position and total_capacity 4000 under the label Point Lay. Owner rule 2026-10-08: keep the matching row, drop same-capacity copies."
1737,{52EA8B6C-5DEE-4586-9B19-043A22000B12},1807,,249-BF-02,,403,934,{0B9370B1-7BCB-4AA4-B8CF-A63AECD907D3},Wainwright,"SKW/Eskimos, Inc.",,,70.12871985,-143.6220736,399213.9322,2270202.086,Barge,200000,,,,,,AEA,2015 Assessment,False,1998-08-20,2022-12-21T03:55:03Z,,"AEA tank farm 403 is Kaktovik's farm (its own record {EEFF47E2-0593-4707-A88F-5C25BC48F5D0} matches the farm's coordinates + community); this row repeats the farm's position and total_capacity 200000 under the label Wainwright. Owner rule 2026-10-08: keep the matching row, drop same-capacity copies."
1229,{41F25397-8168-4A24-BE43-C7E6935BB5AB},1273,,263-BF-04,,408,39,{E4853413-2729-4F25-AE7D-845D797872A7},Noorvik,Northwest Arctic Borough School District,,,66.97150852,-160.4382573,-310100.2936,1891497.759,Barge,54600,,,,,,AEA,,False,1998-09-02,2025-12-16T11:43:08Z,,"AEA tank farm 408 is Kiana's farm (its own record {E77A8666-C3DB-4AE5-ABD7-A169FFB122E7} matches the farm's coordinates + community); this row repeats the farm's position and total_capacity 54600 under the label Noorvik. Owner rule 2026-10-08: keep the matching row, drop same-capacity copies."
1484,{2A288E05-E61D-4E46-AE4D-C7D9102802EA},1544,,,ANC-K-016,410,41,{E0F2C831-698F-4BCE-8AC1-4162BE7D6DCD},Selawik,"Alaska Village Electric Cooperative | 4831 Eagle Street | Anchorage, AK 99503",,,66.97392587,-160.4291164,-281592.471,1904331.023,Barge,120300,,,,,,AEA,,True,1998-09-03,2022-12-21T03:55:03Z,,"AEA tank farm 410 is Kiana's farm (its own record {7F9C4747-8957-4871-8E6F-F1ED7917FB36} matches the farm's coordinates + community); this row repeats the farm's position and total_capacity 120300 under the label Selawik. Owner rule 2026-10-08: keep the matching row, drop same-capacity copies."
1470,{C8EC9D39-F5C7-4B8E-94A5-4B7BE891EF44},1530,,,,565,92,{72DFDB08-C634-4DC3-BA13-8C7F1E889436},Savoonga,Presbyterian Church,,,63.77911319,-171.7340584,-862654.233,1650681.376,Barge,2700,,,,,,AEA,,False,1998-08-16,2022-12-21T03:55:03Z,,"AEA tank farm 565 is Gambell's farm (its own record {ECBCD8D2-3AC3-4138-99A9-100BBD56D4ED} matches the farm's coordinates + community); this row repeats the farm's position and total_capacity 2700 under the label Savoonga. Owner rule 2026-10-08: keep the matching row, drop same-capacity copies."
1310,{4533136B-B178-4EEB-8F4E-1BBF21C03ABE},1361,,314-BF-04,,621,641,{4C04DC5F-DBC0-42D6-BFF7-62C40E838EAA},Perryville,Unknown,,,59.75552294,-154.9021745,-50516.89971,1085290.971,Barge,2700,,,,,,AEA,,False,1998-05-22,2022-12-21T03:55:03Z,,"AEA tank farm 621 is Iliamna's farm (its own record {39943186-EB34-4A7C-B510-E1F60F6E5B77} matches the farm's coordinates + community); this row repeats the farm's position and total_capacity 2700 under the label Perryville. Owner rule 2026-10-08: keep the matching row, drop same-capacity copies."
1756,{3758A00D-FA89-45EA-85FB-DE30F19E5DBC},1826,,417-BF-02,,706,793,{7B4ACF01-3330-4839-B43B-E98C4902C151},White Mountain,ADOT/Airport,,,63.51568716,-162.2855574,-410478.6899,1531028.939,Barge,3000,,,,,,AEA,,False,1996-09-18,2022-12-21T03:55:03Z,,"AEA tank farm 706 is Stebbins's farm (its own record {95AE33D6-5B7B-453A-AC8B-95782D829675} matches the farm's coordinates + community); this row repeats the farm's position and total_capacity 3000 under the label White Mountain. Owner rule 2026-10-08: keep the matching row, drop same-capacity copies."
1649,{83F3B425-DC65-4A0B-94B5-14D3D08E5901},1712,,299-BF-02,ANC-N-013,830,209,{976DFE6D-5070-41D4-B270-90EB077F8A48},Toksook Bay,Lower Kuskokwim Schools,,,60.8107704,-161.4225578,-401636.3235,1225454.256,Barge,76156,,,,,,AEA,,True,1899-12-30,2022-12-21T03:55:03Z,,"AEA tank farm 830 is Kwethluk's farm (its own record {E8C7FE98-2833-47DB-A566-8D25750D48D2} matches the farm's coordinates + community); this row repeats the farm's position and total_capacity 76156 under the label Toksook Bay. Owner rule 2026-10-08: keep the matching row, drop same-capacity copies."
