record_id,detector,severity,detail,suggested_field,suggested_value,group_key,covered_by
{32574618-B703-4A8E-85F9-35EC4E4EA4A9},one_digit_typo,high,31 km from the PILOT POINT cluster; editing one digit of longitude to -157.5539 lands within 3 km,longitude,-157.553900,,
{509CF7C1-AE7E-4289-8EFE-3298B15AD90D},shared_farm_id,high,"farm 179 sits in AMBLER but this record is labelled Wales; position + total_capacity are the farm's, not Wales's. NO record labelled AMBLER: consider relabelling one row to keep the farm",latitude;longitude,,farm:179,
{C9AFF599-4CD8-41B4-97E2-04CEFD79683A},shared_farm_id,high,"farm 179 sits in AMBLER but this record is labelled Holy Cross; position + total_capacity are the farm's, not Holy Cross's. NO record labelled AMBLER: consider relabelling one row to keep the farm",latitude;longitude,,farm:179,
{A5398AFB-3BA8-40B9-8A1A-2886C4335A54},shared_farm_id,high,"farm 415 sits in BUCKLAND but this record is labelled Selawik; position + total_capacity are the farm's, not Selawik's. NO record labelled BUCKLAND: consider relabelling one row to keep the farm",latitude;longitude,,farm:415,
{E3EF8439-0613-41E1-B9C0-DC105BB3B3C0},shared_farm_id,high,"farm 415 sits in BUCKLAND but this record is labelled Kiana; position + total_capacity are the farm's, not Kiana's. NO record labelled BUCKLAND: consider relabelling one row to keep the farm",latitude;longitude,,farm:415,
{67812973-1F5E-4F2F-9E8E-A8FEDA823FAF},shared_farm_id,high,"farm 694 sits in BREVIG MISSION but this record is labelled Teller; position + total_capacity are the farm's, not Teller's. NO record labelled BREVIG MISSION: consider relabelling one row to keep the farm",latitude;longitude,,farm:694,
{7A206A94-00D4-4121-BA0A-35593A0FADDC},shared_farm_id,high,"farm 694 sits in BREVIG MISSION but this record is labelled Saint Michael; position + total_capacity are the farm's, not Saint Michael's. NO record labelled BREVIG MISSION: consider relabelling one row to keep the farm",latitude;longitude,,farm:694,
{8970B1E0-DE4E-4A98-8A1B-5C858F18F05A},shared_farm_id,high,"farm 694 sits in BREVIG MISSION but this record is labelled Savoonga; position + total_capacity are the farm's, not Savoonga's. NO record labelled BREVIG MISSION: consider relabelling one row to keep the farm",latitude;longitude,,farm:694,
{5C01B036-AAC1-4876-BF5E-30428802A639},shared_farm_id,high,"farm 710 sits in ATMAUTLUAK but this record is labelled Chefornak; position + total_capacity are the farm's, not Chefornak's. NO record labelled ATMAUTLUAK: consider relabelling one row to keep the farm",latitude;longitude,,farm:710,
{72E67206-F008-47E9-AE98-4C85EAD98765},shared_farm_id,high,"farm 710 sits in ATMAUTLUAK but this record is labelled Kipnuk; position + total_capacity are the farm's, not Kipnuk's. NO record labelled ATMAUTLUAK: consider relabelling one row to keep the farm",latitude;longitude,,farm:710,
{96705E92-63AB-41A0-B0E8-52639E90CEC8},shared_farm_id,high,"farm 710 sits in ATMAUTLUAK but this record is labelled Tuntutuliak; position + total_capacity are the farm's, not Tuntutuliak's. NO record labelled ATMAUTLUAK: consider relabelling one row to keep the farm",latitude;longitude,,farm:710,
{AE061686-3F3E-4156-A901-5DDB6E3F0237},shared_farm_id,high,"farm 710 sits in ATMAUTLUAK but this record is labelled Nightmute; position + total_capacity are the farm's, not Nightmute's. NO record labelled ATMAUTLUAK: consider relabelling one row to keep the farm",latitude;longitude,,farm:710,
{D32639C4-3E15-4313-904F-B53FE9C4C207},shared_farm_id,high,"farm 710 sits in ATMAUTLUAK but this record is labelled Tununak; position + total_capacity are the farm's, not Tununak's. NO record labelled ATMAUTLUAK: consider relabelling one row to keep the farm",latitude;longitude,,farm:710,
{509CF7C1-AE7E-4289-8EFE-3298B15AD90D},shared_point_labels,high,same point as records labelled HOLY CROSS,,,point:-168360:1908210,
{C9AFF599-4CD8-41B4-97E2-04CEFD79683A},shared_point_labels,high,same point as records labelled WALES,,,point:-168360:1908210,
{A5398AFB-3BA8-40B9-8A1A-2886C4335A54},shared_point_labels,high,same point as records labelled KIANA,,,point:-324395:1797727,
{E3EF8439-0613-41E1-B9C0-DC105BB3B3C0},shared_point_labels,high,same point as records labelled SELAWIK,,,point:-324395:1797727,
{5C01B036-AAC1-4876-BF5E-30428802A639},shared_point_labels,high,"same point as records labelled KIPNUK, NIGHTMUTE, TUNTUTULIAK, TUNUNAK",,,point:-446983:1236014,
{72E67206-F008-47E9-AE98-4C85EAD98765},shared_point_labels,high,"same point as records labelled CHEFORNAK, NIGHTMUTE, TUNTUTULIAK, TUNUNAK",,,point:-446983:1236014,
{96705E92-63AB-41A0-B0E8-52639E90CEC8},shared_point_labels,high,"same point as records labelled CHEFORNAK, KIPNUK, NIGHTMUTE, TUNUNAK",,,point:-446983:1236014,
{AE061686-3F3E-4156-A901-5DDB6E3F0237},shared_point_labels,high,"same point as records labelled CHEFORNAK, KIPNUK, TUNTUTULIAK, TUNUNAK",,,point:-446983:1236014,
{D32639C4-3E15-4313-904F-B53FE9C4C207},shared_point_labels,high,"same point as records labelled CHEFORNAK, KIPNUK, NIGHTMUTE, TUNTUTULIAK",,,point:-446983:1236014,
{67812973-1F5E-4F2F-9E8E-A8FEDA823FAF},shared_point_labels,high,"same point as records labelled SAVOONGA, ST MICHAEL",,,point:-578654:1762719,
{7A206A94-00D4-4121-BA0A-35593A0FADDC},shared_point_labels,high,"same point as records labelled SAVOONGA, TELLER",,,point:-578654:1762719,
{8970B1E0-DE4E-4A98-8A1B-5C858F18F05A},shared_point_labels,high,"same point as records labelled ST MICHAEL, TELLER",,,point:-578654:1762719,
{8911BFBD-59A5-485A-86C4-7EA6C3180F66},shared_point_labels,high,same point as records labelled SAND POINT,,,point:-820756:509144,correction:approved
{EF7B6BA1-2FF6-404A-9A5F-01A83B09D969},shared_point_labels,high,same point as records labelled UNALASKA,,,point:-820756:509144,
{24C9FD54-6B5B-4128-A231-C770333A63C0},shared_point_labels,high,same point as records labelled GALENA,,,point:388379:1870787,
{F0FFCC8F-A5B7-4ADC-8C28-C7FC319FCDDB},shared_point_labels,high,same point as records labelled FORT YUKON,,,point:388379:1870787,
{EE49D47C-9B92-431B-9D0B-77844BA21CF8},spelling_variants,medium,"community id {169CE60B-858B-4A5D-801B-CB9E3179349B} is spelled ['Arctic Village', 'Stevens Village']; most common: Stevens Village",community_name,Stevens Village,cid:{169CE60B-858B-4A5D-801B-CB9E3179349B},correction:approved
{E8C7FE98-2833-47DB-A566-8D25750D48D2},spelling_variants,medium,"community id {16F1264E-DF67-4828-9E72-1AB821AB3F99} is spelled ['Kwethluk', 'Napakiak']; most common: Napakiak",community_name,Napakiak,cid:{16F1264E-DF67-4828-9E72-1AB821AB3F99},correction:approved
{BDC6AEBD-A6BF-4D0C-929B-36D15018837C},spelling_variants,medium,"community id {3D0376C5-5127-4959-91EA-4BDA2B041AD6} is spelled ['Fort Wainwright', 'Seward']; most common: Fort Wainwright",community_name,Fort Wainwright,cid:{3D0376C5-5127-4959-91EA-4BDA2B041AD6},correction:approved
{878BC716-270E-4C3D-A08A-4C69C561E231},spelling_variants,medium,"community id {50BD3072-1166-4F66-BB42-2E68C28DE654} is spelled ['Kalskag', 'Upper Kalskag']; most common: Upper Kalskag",community_name,Upper Kalskag,cid:{50BD3072-1166-4F66-BB42-2E68C28DE654},
{AEE8ACD5-5A8B-4579-B55C-5FDE743EBC66},spelling_variants,medium,"community id {55AFA1A4-5677-44A5-A22C-9F9D370747CE} is spelled ['Saint George', 'St. George']; most common: Saint George",community_name,Saint George,cid:{55AFA1A4-5677-44A5-A22C-9F9D370747CE},
{F3E0DE08-0FD6-4919-BEE4-F765A692A71A},spelling_variants,medium,"community id {55AFA1A4-5677-44A5-A22C-9F9D370747CE} is spelled ['Saint George', 'St. George']; most common: Saint George",community_name,Saint George,cid:{55AFA1A4-5677-44A5-A22C-9F9D370747CE},
{BFC59C95-ABE4-4959-BE52-7F09A5308991},spelling_variants,medium,"community id {7102AFBB-6F0A-4C7A-92FF-6F5A6D66AB18} is spelled ['Fairbanks', 'Fort Yukon']; most common: Fairbanks",community_name,Fairbanks,cid:{7102AFBB-6F0A-4C7A-92FF-6F5A6D66AB18},correction:approved
{3DD9A650-CE44-4918-B034-D82AF417BEF1},spelling_variants,medium,"community id {8AB67F75-EAB7-4DEB-8885-83230D155E9C} is spelled [""Saint Mary's"", ""St. Mary's""]; most common: Saint Mary's",community_name,Saint Mary's,cid:{8AB67F75-EAB7-4DEB-8885-83230D155E9C},
{B15A52C6-6F30-470D-9BA8-5037E9F1F1EC},spelling_variants,medium,"community id {A74F371F-C334-4DC3-88A4-A4FCC1B1E8FD} is spelled ['Anchorage', 'Eielson Afb']; most common: Eielson Afb",community_name,Eielson Afb,cid:{A74F371F-C334-4DC3-88A4-A4FCC1B1E8FD},correction:approved
{39943186-EB34-4A7C-B510-E1F60F6E5B77},spelling_variants,medium,"community id {A83F4C9F-FA93-4FC6-974A-39BA917BA023} is spelled ['Iliamna', 'Nightmute']; most common: Nightmute",community_name,Nightmute,cid:{A83F4C9F-FA93-4FC6-974A-39BA917BA023},correction:approved
{31BBFA6C-90AD-4ACF-B8A0-A25868373F07},spelling_variants,medium,"community id {B7D914E8-D125-49F0-B374-8AE610E5DBC7} is spelled ['Saint Paul', 'St. Paul']; most common: Saint Paul",community_name,Saint Paul,cid:{B7D914E8-D125-49F0-B374-8AE610E5DBC7},
{F82686D1-FA4A-47B8-84CD-E00DB30C843C},spelling_variants,medium,"community id {B7D914E8-D125-49F0-B374-8AE610E5DBC7} is spelled ['Saint Paul', 'St. Paul']; most common: Saint Paul",community_name,Saint Paul,cid:{B7D914E8-D125-49F0-B374-8AE610E5DBC7},
{FA1F5BF7-9E47-47F2-97D1-CC25786A50B2},spelling_variants,medium,"community id {B7D914E8-D125-49F0-B374-8AE610E5DBC7} is spelled ['Saint Paul', 'St. Paul']; most common: Saint Paul",community_name,Saint Paul,cid:{B7D914E8-D125-49F0-B374-8AE610E5DBC7},
{BACAEA02-40B4-467A-B3B9-39C3197CF50D},spelling_variants,medium,"community id {E3FB0AD1-05D8-4D22-919A-F24830556C1F} is spelled ['King Cove', 'King Salmon']; most common: King Cove",community_name,King Cove,cid:{E3FB0AD1-05D8-4D22-919A-F24830556C1F},correction:approved
{7DAF9711-C096-4FF4-9D11-1669A43A122B},within_farm_copies,low,farm 173 (GALENA): 2 rows repeat total 3000; count it once,,,farm:173,
{0068B24C-B0D6-4EEC-9C89-1E7A160A9EF3},missing_fields,info,missing: community_name,,,,
{011B4712-6525-4B16-A4CB-ADE09BF9FAF9},missing_fields,info,"missing: latitude, longitude, delivery_method, total_capacity",,,,
{01A9966D-C1DC-47AA-949A-89D610D1E56E},missing_fields,info,missing: delivery_method,,,,
{01E6A252-86D1-4511-ACCE-5B7A1979DB95},missing_fields,info,missing: community_name,,,,
{02EE61FE-4430-42B2-8B37-8251E4F61559},missing_fields,info,"missing: latitude, longitude, delivery_method, total_capacity",,,,
{03C1AF71-A09C-47AD-9B97-6661F8E87833},missing_fields,info,missing: delivery_method,,,,
{03E0A6E1-F1C0-4A3F-9A95-E04ED50EB2CD},missing_fields,info,"missing: latitude, longitude, delivery_method, total_capacity",,,,
{03EE61EE-DB20-4556-9ADC-CD4145A630AF},missing_fields,info,"missing: latitude, longitude, delivery_method, total_capacity",,,,
{0532E4A1-8BCD-492D-A91D-854AD1A0A486},missing_fields,info,missing: community_name,,,,
{0637605C-80D9-44A2-BF7A-206160E7D0AA},missing_fields,info,"missing: latitude, longitude, delivery_method, total_capacity",,,,
{0A4DC447-9742-4966-8414-FE0937DE7487},missing_fields,info,missing: delivery_method,,,,
{0A5FA4B6-C7EF-4488-B4D6-B4532765F844},missing_fields,info,missing: delivery_method,,,,
{0B82F662-B1E3-4027-8EAD-DA113B629812},missing_fields,info,"missing: latitude, longitude, delivery_method, total_capacity",,,,
{0B9968B0-1FAB-46A8-A897-B09A7BE54763},missing_fields,info,"missing: latitude, longitude, delivery_method, total_capacity",,,,
{0C0656F7-A4B6-48AB-9431-BCB107F78864},missing_fields,info,missing: community_name,,,,
{0C0D7C65-C6C5-4293-A58D-8DB8A9E3283C},missing_fields,info,missing: community_name,,,,
{0CAB0B8D-D906-49C4-A353-2269607ABD33},missing_fields,info,missing: community_name,,,,
{0F7B6455-CCAB-43E2-BCEF-6F41C7B17371},missing_fields,info,missing: community_name,,,,
{0FD29D07-17D3-4E0E-A860-BB784E36C547},missing_fields,info,missing: community_name,,,,
{11347F21-1300-4D5F-A511-ADCB96465D53},missing_fields,info,missing: community_name,,,,
{11896108-D1BB-46A4-83CA-CA3E5712529C},missing_fields,info,"missing: latitude, longitude, delivery_method, total_capacity",,,,
{120F446E-4319-46F6-BF44-EDA28C89AD55},missing_fields,info,missing: community_name,,,,
{1417725B-9B42-49D4-B695-548FDF4F26C0},missing_fields,info,"missing: latitude, longitude, delivery_method, total_capacity",,,,
{15BA0B5D-95C5-4664-80A4-DDE0E1372019},missing_fields,info,missing: community_name,,,,
{165BC5D6-DBAE-442C-AE72-804C4FFF53A3},missing_fields,info,missing: community_name,,,,
{17693B2B-AB4E-40C5-94D9-81021DD4C37F},missing_fields,info,missing: delivery_method,,,,
{17AC451F-03F3-4C19-A5D1-1D2B071DC61A},missing_fields,info,missing: community_name,,,,
{18381280-8622-4315-B237-C77F25FE577F},missing_fields,info,missing: total_capacity,,,,
{1973D7CD-DCB2-4263-84C7-FC0656D1FEEE},missing_fields,info,missing: delivery_method,,,,
{19962EEB-1C9F-44AD-A604-F436006F66CA},missing_fields,info,"missing: latitude, longitude, delivery_method, total_capacity",,,,
{1A4E6E70-A152-43BB-8214-42BB19A9E6C1},missing_fields,info,"missing: latitude, longitude, delivery_method, total_capacity",,,,
{1C90A3F0-FA24-4549-B39D-A7D68691CD55},missing_fields,info,missing: community_name,,,,
{1D92DA33-1010-4A0B-AC0E-965828BAEA3D},missing_fields,info,missing: community_name,,,,
{2316ADF7-972E-42ED-B0F8-A563D8A894CC},missing_fields,info,missing: community_name,,,,
{24556C63-709F-4A95-8AC5-CEC7DD17A1A3},missing_fields,info,missing: community_name,,,,
{24C9FD54-6B5B-4128-A231-C770333A63C0},missing_fields,info,missing: total_capacity,,,,
{25658D01-07D1-4554-94B6-0670852BEE79},missing_fields,info,"missing: latitude, longitude, delivery_method, total_capacity",,,,
{274BE704-9989-4248-B765-A537F1193A53},missing_fields,info,missing: delivery_method,,,,
{296267E5-D838-415E-8928-E0A27F81C00B},missing_fields,info,missing: community_name,,,,
{29EDFCE9-CDDB-4679-B507-BF60F8DA6E24},missing_fields,info,missing: delivery_method,,,,
{29FE6A90-8861-41A1-8256-2CE98567843A},missing_fields,info,"missing: latitude, longitude, delivery_method, total_capacity",,,,
{2A2B529A-311A-405A-A8FA-04AD9A6AE9C6},missing_fields,info,missing: community_name,,,,
{2A805635-FBF8-4D78-9462-6183C5D358C5},missing_fields,info,missing: delivery_method,,,,
{2B9BCCF0-A8EA-4A79-A9A5-E5459C1CB96E},missing_fields,info,missing: delivery_method,,,,
{2D0BF1A6-B953-4D89-9CA0-EF4A333A17EA},missing_fields,info,missing: delivery_method,,,,
{2D4608DF-39F1-4BF7-A6E8-1204529443BC},missing_fields,info,missing: delivery_method,,,,
{2DB8E8D5-5632-49B7-A98B-E95459A2C824},missing_fields,info,missing: community_name,,,,
{2DD74DCA-D8CE-4395-86AB-A9B3B04453A3},missing_fields,info,missing: total_capacity,,,,
{2E1A4AF6-7B26-445E-863B-74ADE105B453},missing_fields,info,missing: community_name,,,,
{31104A83-0BBA-42BB-B0F4-8CC33DD2DF06},missing_fields,info,"missing: latitude, longitude, delivery_method, total_capacity",,,,
{3127EF67-0936-4F8B-BA03-6F468F62C84D},missing_fields,info,"missing: latitude, longitude, delivery_method, total_capacity",,,,
{315BB5AA-A0D8-4C55-AE93-3B532A903517},missing_fields,info,missing: delivery_method,,,,
{31BBFA6C-90AD-4ACF-B8A0-A25868373F07},missing_fields,info,"missing: latitude, longitude, delivery_method, total_capacity",,,,
{32574618-B703-4A8E-85F9-35EC4E4EA4A9},missing_fields,info,missing: delivery_method,,,,
{32A205AC-8EDE-4217-924B-F980C9601A08},missing_fields,info,missing: community_name,,,,
{333EAFB9-AF25-4F1D-8170-665304F68235},missing_fields,info,missing: community_name,,,,
{334C590E-C868-4E01-B720-DAA166356DAA},missing_fields,info,"missing: latitude, longitude, delivery_method, total_capacity",,,,
{335EECA0-37D6-4DD3-A497-BB0FB0CDB44B},missing_fields,info,"missing: latitude, longitude, delivery_method, total_capacity",,,,
{35BBA554-D208-4C21-B288-1FC24B34B9A2},missing_fields,info,"missing: latitude, longitude, delivery_method, total_capacity",,,,
{366F32F8-C6B1-4774-BC82-2D10FA4CDEA5},missing_fields,info,missing: delivery_method,,,,
{3727BA95-7C2C-449A-BE09-8E3FA65E6C0D},missing_fields,info,missing: delivery_method,,,,
{3734C771-7E3F-4526-A652-56D9779C6F09},missing_fields,info,missing: delivery_method,,,,
{37BF6ABF-D9BD-4081-B9B2-BBE31A214D2A},missing_fields,info,missing: delivery_method,,,,
{3867676D-35AE-40FA-9B94-AC050118795C},missing_fields,info,missing: community_name,,,,
{38F563B1-7DA1-41FB-8710-987CB4E1C088},missing_fields,info,missing: delivery_method,,,,
{3ACCCEC3-494E-4C62-BEDC-7721843C1601},missing_fields,info,missing: delivery_method,,,,
{3B53A2C4-6794-4EE7-8E79-1CE7CB908122},missing_fields,info,missing: community_name,,,,
{3D022116-FC74-4A74-85B7-3FF086A4E087},missing_fields,info,missing: delivery_method,,,,
{3D7DC9B3-8B9D-4398-B7B3-2878D7BBE54E},missing_fields,info,"missing: latitude, longitude, delivery_method, total_capacity",,,,
{3DC23E6C-2C08-4283-9119-F36339ABBD1A},missing_fields,info,missing: delivery_method,,,,
{3DD9A650-CE44-4918-B034-D82AF417BEF1},missing_fields,info,"missing: latitude, longitude, delivery_method, total_capacity",,,,
{3E41E641-35DA-4E24-B24E-1FD9B7F0881D},missing_fields,info,missing: delivery_method,,,,
{3E49C739-2153-4986-9975-DCA20333F0B8},missing_fields,info,missing: delivery_method,,,,
{3F0E87F2-85BB-4913-8BA3-211ACF8E6AFC},missing_fields,info,missing: community_name,,,,
{3F9E0A01-54D7-494B-9BBA-ABE68BDD1666},missing_fields,info,missing: community_name,,,,
{41752EEE-403A-4394-8AF1-3D255A7A8F9F},missing_fields,info,missing: delivery_method,,,,
{422048B3-901C-42B2-8FA0-92EF128B3C51},missing_fields,info,missing: community_name,,,,
{422C8B1B-5465-490C-8A59-09E173CDC260},missing_fields,info,missing: community_name,,,,
{4761D598-634E-4003-8E83-42DBC3154C8B},missing_fields,info,missing: total_capacity,,,,
{48F56D25-2979-4108-A6D1-03E7668C4BD9},missing_fields,info,missing: community_name,,,,
{4A5A74B8-904D-4B1F-A782-4DC77DBC8A5E},missing_fields,info,"missing: latitude, longitude, delivery_method, total_capacity",,,,
{4C120687-7512-4E08-BC90-9674A4F4C54C},missing_fields,info,missing: community_name,,,,
{4C8BFD88-B6AA-4374-98D1-F621E2785C88},missing_fields,info,"missing: latitude, longitude",,,,
{4D884AEB-1C3D-4C4F-80B2-843ED0A9459E},missing_fields,info,missing: delivery_method,,,,
{4DAD23C9-1989-4433-A021-C16100182BC6},missing_fields,info,missing: community_name,,,,
{5184FF81-0EA3-40D8-BE90-3BC711B1E23A},missing_fields,info,"missing: latitude, longitude, delivery_method, total_capacity",,,,
{5425C309-26A9-4D99-ABE4-3FD582FBCBE6},missing_fields,info,missing: community_name,,,,
{56E259C0-3D1E-4F96-8DC8-B3314524F255},missing_fields,info,missing: community_name,,,,
{56FFA4FE-D7F5-417E-8CC6-DF2476255BD0},missing_fields,info,missing: delivery_method,,,,
{574172F7-5D22-4D73-B6A8-E30A749DE810},missing_fields,info,"missing: community_name, delivery_method",,,,
{5924466F-88D5-4EC0-A530-3F0D08E841C6},missing_fields,info,missing: community_name,,,,
{5ADE8F5D-F009-4DF3-B60C-41E1F96A0566},missing_fields,info,missing: community_name,,,,
{5CEED9A4-3489-41F3-BE24-92F9FC2039C0},missing_fields,info,missing: total_capacity,,,,
{5DAA4AB9-BDC3-49F4-B40D-567C49D8D89D},missing_fields,info,missing: community_name,,,,
{5DD4DE3C-A9F6-47AF-A7F5-C3C9F0678302},missing_fields,info,"missing: latitude, longitude, total_capacity",,,,
{6121CAE2-E172-4CC6-AB99-275B9172EB71},missing_fields,info,"missing: latitude, longitude, delivery_method, total_capacity",,,,
{61BCB350-6C68-42DC-BA7E-44DD28C4B1C4},missing_fields,info,missing: delivery_method,,,,
{61F5A0C8-0096-477F-A2EB-4D9F39B59FA2},missing_fields,info,missing: delivery_method,,,,
{63BAA6C9-41C2-4CA4-B62A-AF5EF7028433},missing_fields,info,"missing: latitude, longitude, delivery_method, total_capacity",,,,
{63F62819-A90B-4541-A5A3-05D54AEF64DC},missing_fields,info,missing: delivery_method,,,,
{64002474-A125-43D0-96CD-5DD07E87A726},missing_fields,info,missing: community_name,,,,
{641F930A-86F7-4774-BE98-C59AF457B2F1},missing_fields,info,missing: community_name,,,,
{664F9327-5294-4681-9F68-2784A1F806E8},missing_fields,info,missing: community_name,,,,
{6651A82C-CC4D-434F-9688-2F9309674D16},missing_fields,info,missing: community_name,,,,
{66E08F69-68FD-40AD-99B3-7A2007C0697D},missing_fields,info,missing: delivery_method,,,,correction:approved
{69923A6C-9EA5-47E9-9D52-5380195961B2},missing_fields,info,missing: community_name,,,,
{69EA3EB2-DC90-4B6E-9FB4-5A0E23225411},missing_fields,info,missing: delivery_method,,,,
{6B2DF7B5-09D6-4DC1-81C3-144F567B9178},missing_fields,info,missing: delivery_method,,,,correction:approved
{6B4CEA61-E604-4CD0-A2A2-70252B01E764},missing_fields,info,"missing: latitude, longitude, delivery_method, total_capacity",,,,
{6E70E987-0982-4AC4-AADD-CF8730C1B329},missing_fields,info,missing: community_name,,,,
{6E8C9118-7533-452B-9658-1DC4DFD6FA05},missing_fields,info,missing: delivery_method,,,,
{6F3F14B7-DE1D-4467-A722-FE33DE5C3456},missing_fields,info,missing: community_name,,,,
{720D43B6-8FEC-4D1D-A5CD-FBBE51863E44},missing_fields,info,missing: delivery_method,,,,
{73551016-2EBE-4AB7-B7E5-ABD8942D3FD0},missing_fields,info,missing: community_name,,,,
{73ACA469-578C-476D-86A7-11DD7C982D20},missing_fields,info,missing: delivery_method,,,,
{73C651AE-524C-42B2-8796-9953020DF11F},missing_fields,info,"missing: latitude, longitude, delivery_method, total_capacity",,,,
{75270031-386E-446D-8718-2254299400DD},missing_fields,info,missing: delivery_method,,,,
{75434559-4B67-4F44-8A49-86D22C40CFFA},missing_fields,info,missing: community_name,,,,
{77612800-0D07-46EF-A3BD-AF20E41D610E},missing_fields,info,missing: delivery_method,,,,
{78AF0717-CE98-45E5-A347-D7BE6E9C97B8},missing_fields,info,missing: delivery_method,,,,
{796278F9-D4FE-4905-9377-0098410318CB},missing_fields,info,missing: community_name,,,,
{7A04FB3B-C9C5-4C98-B74F-393C46715566},missing_fields,info,missing: delivery_method,,,,
{7AFEC631-2122-4F7A-AA44-2584FAFBC1D0},missing_fields,info,missing: delivery_method,,,,correction:approved
{7B5BCFD2-7BED-41D4-9BC8-06B061D0765A},missing_fields,info,missing: delivery_method,,,,
{7B89ED61-3040-4FCE-8B1D-80E2A9444FBD},missing_fields,info,missing: community_name,,,,
{7D5DD3B9-E5D6-45BD-B266-F9F00C019C01},missing_fields,info,"missing: latitude, longitude, delivery_method, total_capacity",,,,
{7DEE60DC-CB05-47C2-A254-58789C9467D2},missing_fields,info,missing: delivery_method,,,,
{7E66D389-8985-428D-9145-8D7B8F3D876A},missing_fields,info,missing: community_name,,,,
{7EB051D4-5577-47E4-8308-07A3A160E486},missing_fields,info,"missing: latitude, longitude, delivery_method, total_capacity",,,,
{81AEF4E4-2C4F-49CA-B2D7-9DB10F63C153},missing_fields,info,"missing: latitude, longitude, delivery_method, total_capacity",,,,
{81F57A32-C25E-45ED-8E5B-08EB3D597D66},missing_fields,info,missing: delivery_method,,,,
{8246435C-38B7-4C06-83AD-E741DB114913},missing_fields,info,missing: delivery_method,,,,
{83C0B81C-5110-4333-BC95-68B43F5C22F4},missing_fields,info,missing: community_name,,,,
{83F44065-C39A-46E4-ABDF-30950D435ED3},missing_fields,info,missing: total_capacity,,,,
{850CED72-9482-4635-B3CE-F90A68529277},missing_fields,info,"missing: latitude, longitude, delivery_method, total_capacity",,,,
{861754D6-9098-4EE9-991A-8A67BE29D4E1},missing_fields,info,missing: delivery_method,,,,
{8772AFDF-4C08-43FA-8E31-88991E65374E},missing_fields,info,missing: community_name,,,,
{878BC716-270E-4C3D-A08A-4C69C561E231},missing_fields,info,"missing: latitude, longitude, delivery_method, total_capacity",,,,
{88EB0B7B-A644-419C-A1A0-A28C818B9BEA},missing_fields,info,missing: community_name,,,,
{8908D3CF-BA9C-4155-ABD2-D9C6F80840C0},missing_fields,info,missing: delivery_method,,,,
{8911BFBD-59A5-485A-86C4-7EA6C3180F66},missing_fields,info,missing: delivery_method,,,,correction:approved
{8953AD58-33A2-4CD1-9E57-4E6D032987BA},missing_fields,info,"missing: latitude, longitude",,,,
{8A31306C-D494-4731-9E1B-923BC30C4942},missing_fields,info,missing: delivery_method,,,,
{8B5C76E5-8C77-4629-888C-92E9FEFBA818},missing_fields,info,"missing: latitude, longitude, delivery_method, total_capacity",,,,
{8B65442E-82F6-44DA-BAC0-2C12653106B9},missing_fields,info,missing: community_name,,,,
{8D14412D-5103-49AD-8AFB-6B4F425D82DF},missing_fields,info,missing: community_name,,,,
{8E7FB782-7DEF-47BE-9712-1220B420288B},missing_fields,info,missing: community_name,,,,
{8F92D9EF-EF82-4775-BCB3-DF53797AF5C0},missing_fields,info,missing: delivery_method,,,,
{92196345-FB54-4020-8781-36E2254DDA7B},missing_fields,info,missing: community_name,,,,
{9744BE1C-30A9-42EA-BE46-A88FA1F98BF3},missing_fields,info,missing: delivery_method,,,,
{9A09CCA7-74E0-41A4-A6D8-9D72251E909D},missing_fields,info,missing: delivery_method,,,,
{9AD06441-8280-48DE-B08B-33FD6F5BBD5C},missing_fields,info,"missing: latitude, longitude, delivery_method, total_capacity",,,,
{9D116191-6B6E-4AD2-B09D-41FE4B38B659},missing_fields,info,missing: total_capacity,,,,
{9D3A72F4-AA05-49D7-B2C6-F108BFE5084F},missing_fields,info,missing: delivery_method,,,,
{9E268AE2-297F-439B-9514-9CF4C2F92C36},missing_fields,info,missing: delivery_method,,,,
{9E3331FD-5B4D-4604-A3AF-A189391E6A96},missing_fields,info,"missing: latitude, longitude, delivery_method, total_capacity",,,,
{9EE26DD2-4A76-4497-A338-80454B55D00E},missing_fields,info,missing: delivery_method,,,,
{9F3D036A-E04E-431E-919E-5677FE81308D},missing_fields,info,missing: delivery_method,,,,correction:approved
{A13AD9DD-E406-41B9-AC83-81282B39C4A9},missing_fields,info,"missing: latitude, longitude, delivery_method, total_capacity",,,,
{A40B8C7B-DF45-4488-8F49-74757BD35050},missing_fields,info,missing: delivery_method,,,,
{A4337509-34B8-4A34-AC17-8065764A1BFC},missing_fields,info,missing: community_name,,,,
{A4E517D5-660D-44FF-8062-76DD31080D64},missing_fields,info,"missing: latitude, longitude, delivery_method, total_capacity",,,,
{A8B50C02-94E9-4108-AA7E-7EE23CC1EEF2},missing_fields,info,missing: total_capacity,,,,
{AA3958B9-E108-4B2D-94B1-50DB4E5D7630},missing_fields,info,missing: community_name,,,,
{AB061DFF-3825-4970-BD3B-DCD11F9B692B},missing_fields,info,missing: delivery_method,,,,
{AC3EBB88-FB69-40A7-BB5C-3C789CD4B663},missing_fields,info,missing: community_name,,,,
{AEE8ACD5-5A8B-4579-B55C-5FDE743EBC66},missing_fields,info,"missing: latitude, longitude, delivery_method, total_capacity",,,,
{B06057DA-8EB9-4521-B9CE-3A2D36CEECCC},missing_fields,info,missing: community_name,,,,
{B1C330CD-F2C3-4C1A-B12A-82BFA2DE8BC7},missing_fields,info,missing: community_name,,,,
{B1DC4322-ACA2-4952-8441-A4D3090B3A4B},missing_fields,info,"missing: latitude, longitude, delivery_method, total_capacity",,,,
{B200FB79-729C-4E7F-95CC-51B7277831CB},missing_fields,info,missing: community_name,,,,
{B247D73E-FA98-4ADA-B5A2-DF5D34CAB83B},missing_fields,info,missing: delivery_method,,,,
{B2FAD1AA-2DFE-4DD3-8E83-70849B14F765},missing_fields,info,"missing: latitude, longitude, delivery_method, total_capacity",,,,
{B339EDD1-9BFD-436F-9843-F5E324A97456},missing_fields,info,missing: community_name,,,,
{B366EDFE-8B21-4D77-AFDB-D1639DE91AE0},missing_fields,info,missing: delivery_method,,,,
{B46ED03F-5DB4-4255-A1AC-59B085DBF727},missing_fields,info,missing: delivery_method,,,,
{B4AA41CA-3A16-4E05-A060-1882D5DF320D},missing_fields,info,missing: community_name,,,,
{B4EEB435-F160-4956-A029-E65744F94C5E},missing_fields,info,missing: delivery_method,,,,
{B70644C4-0854-45E2-B80A-F541CEB000BF},missing_fields,info,missing: delivery_method,,,,
{B809753A-7350-4257-8302-029E3DAC7A41},missing_fields,info,missing: delivery_method,,,,
{B81A6E58-57B2-4A7D-980B-3DA6129191C0},missing_fields,info,missing: delivery_method,,,,
{B9F91E61-DD1A-4880-8347-A73C8957CBF9},missing_fields,info,missing: community_name,,,,
{BC7D6512-454F-4C88-AE3B-4FFA5D51901E},missing_fields,info,missing: community_name,,,,
{BCA384CB-9569-4872-87E0-87CCFC9D74DE},missing_fields,info,"missing: latitude, longitude, delivery_method, total_capacity",,,,
{BFADDBCA-BBE5-4380-8B00-E203145EC46E},missing_fields,info,missing: delivery_method,,,,
{BFBBB1DE-3035-4277-A6A1-635A35EF1A6C},missing_fields,info,missing: delivery_method,,,,
{C03E703A-17F5-454E-AF91-23C2A4AAD5D1},missing_fields,info,missing: delivery_method,,,,
{C362B0D6-18E9-40CB-AE5C-258DC43E6C77},missing_fields,info,"missing: latitude, longitude, delivery_method, total_capacity",,,,
{C3862905-463C-4F8E-A675-21B92A33CA10},missing_fields,info,"missing: latitude, longitude, delivery_method, total_capacity",,,,
{C3CF8123-C2E0-4D7E-B1D7-DC3226B21876},missing_fields,info,missing: delivery_method,,,,
{C4B4BE90-2902-41BA-BF4B-93E1FAD0149D},missing_fields,info,missing: community_name,,,,
{C5F32E6B-816C-473F-B868-AC94234612E8},missing_fields,info,missing: delivery_method,,,,
{C678BE69-8301-45BA-8BB8-7BD23D530023},missing_fields,info,missing: community_name,,,,
{C7381421-CE6D-4452-8BB7-96893AC454E8},missing_fields,info,missing: community_name,,,,
{C7AFD7D7-F9B4-4937-A4B4-AEDADCEAD51A},missing_fields,info,missing: delivery_method,,,,
{CA683C07-E679-44CC-AEB6-F59AE56BC91A},missing_fields,info,missing: total_capacity,,,,
{CA9377E2-F045-4E12-899E-A00B06C00908},missing_fields,info,missing: delivery_method,,,,
{CD097E8A-4E3A-4726-A8A1-A9E1F06AE093},missing_fields,info,missing: delivery_method,,,,
{CD1EA217-9CF2-47B5-94D1-728942BB55A6},missing_fields,info,missing: delivery_method,,,,
{CD4AD297-08F9-487A-AF26-CA811742EFAE},missing_fields,info,"missing: latitude, longitude, delivery_method, total_capacity",,,,
{CEFEF0C0-D1C6-4A0B-ABF5-66311BFEFFF9},missing_fields,info,missing: delivery_method,,,,
{CF093664-3A16-4A3C-9347-0A6A8D6A81B2},missing_fields,info,missing: total_capacity,,,,
{CFEEF21E-22F1-43C9-9C18-375689F362A6},missing_fields,info,missing: delivery_method,,,,
{D0A200D0-FFC1-4BCC-9DD2-A24F7835EAD8},missing_fields,info,missing: community_name,,,,
{D10571D4-A159-4D6B-8CEB-92361739EC24},missing_fields,info,"missing: latitude, longitude, delivery_method, total_capacity",,,,
{D2A1D2AB-3C74-4DF2-9B24-C49AF3155E70},missing_fields,info,missing: delivery_method,,,,
{D43C27D7-B4F2-487C-8D23-889506ADBB70},missing_fields,info,missing: community_name,,,,
{D4A39204-F52E-488C-B922-27139E1FD5E4},missing_fields,info,"missing: latitude, longitude, delivery_method, total_capacity",,,,
{D60CDEBF-4FAB-4440-A647-D4CC1187D243},missing_fields,info,missing: delivery_method,,,,
{D6E3DB89-1C97-4D38-98FF-7A9988BCDCFE},missing_fields,info,missing: delivery_method,,,,
{D8881101-0C3A-4E26-822F-05D557E5AF33},missing_fields,info,"missing: latitude, longitude, delivery_method, total_capacity",,,,
{D933651F-909C-49D8-AE55-BA247D25FBCD},missing_fields,info,missing: community_name,,,,
{D9A24C50-F9F2-454E-B9C8-750EE585D541},missing_fields,info,missing: total_capacity,,,,
{DA511820-2AB6-4A95-BBFA-684B0F675A1A},missing_fields,info,missing: community_name,,,,
{DA554104-8A28-4429-9F7B-CE414FB1DD37},missing_fields,info,"missing: latitude, longitude, delivery_method, total_capacity",,,,
{DA956473-B640-4963-9D10-1421DF815278},missing_fields,info,missing: community_name,,,,
{DAB1B98D-CCC0-4662-920A-432A27A48097},missing_fields,info,missing: community_name,,,,
{DB4A3350-A9BC-4AF3-A19B-3FEA13954BDD},missing_fields,info,missing: community_name,,,,
{DC63FF5C-C2A2-4923-89EF-FD5BA149B40C},missing_fields,info,missing: community_name,,,,
{DC804955-7654-4EBB-AC92-0A0266163C08},missing_fields,info,missing: delivery_method,,,,
{DEC507FE-8A64-4440-BA11-D2663D6C51B2},missing_fields,info,missing: community_name,,,,
{DF0BDB23-DC4E-4D7C-9FBB-24B6A044714B},missing_fields,info,missing: total_capacity,,,,
{DF2B4DBC-053C-4B0A-8693-01DB75BA149B},missing_fields,info,missing: community_name,,,,
{E096E9C5-5AA4-461D-8092-4758490F6C81},missing_fields,info,missing: delivery_method,,,,
{E235FE1E-DEC6-48D1-8D3B-838C2CC84F63},missing_fields,info,"missing: latitude, longitude, delivery_method, total_capacity",,,,
{E240391E-9F85-4887-8186-65EAC9A003FE},missing_fields,info,missing: delivery_method,,,,
{E280D44D-4D91-4A5E-BCBA-2A77A8DC8D4F},missing_fields,info,missing: community_name,,,,
{E2BF956B-CE4D-4E04-954E-9B2D99151089},missing_fields,info,missing: delivery_method,,,,
{E3DA4A6D-2545-4031-85A7-7F30CDA34F87},missing_fields,info,missing: community_name,,,,
{E40F47E8-DDAF-49A1-933C-821B7401109C},missing_fields,info,missing: community_name,,,,
{E42F70E0-8C41-4CE1-BE91-311B05D93B33},missing_fields,info,"missing: latitude, longitude, delivery_method, total_capacity",,,,
{E77A942D-7D0A-45CD-8F29-13F7F85F71A3},missing_fields,info,missing: delivery_method,,,,
{EA1C6A09-2625-46E4-91BB-34FC46FBC729},missing_fields,info,missing: community_name,,,,
{EA9E93F1-9EBE-4EE2-8F15-4B90BEAFEAE5},missing_fields,info,missing: delivery_method,,,,
{EB31C6E5-4774-40D4-BFE5-5D80850118C3},missing_fields,info,missing: community_name,,,,
{EC24F4B9-DE86-407E-A1E8-020A81196406},missing_fields,info,missing: community_name,,,,
{EC3737B3-4DF5-43BE-B889-8854827FF5FA},missing_fields,info,missing: community_name,,,,
{EE9F299B-7FBB-46A0-A9F0-61E7D1B5A1E7},missing_fields,info,missing: community_name,,,,
{EF7B6BA1-2FF6-404A-9A5F-01A83B09D969},missing_fields,info,missing: delivery_method,,,,
{F0062498-93C4-45AC-AB62-A5CBF508003C},missing_fields,info,missing: community_name,,,,
{F0234DED-3087-44A2-B87A-59E8A8561D5E},missing_fields,info,missing: delivery_method,,,,
{F04DC3EA-5855-4E10-91BD-CFE7A24D6FED},missing_fields,info,missing: community_name,,,,
{F0FFCC8F-A5B7-4ADC-8C28-C7FC319FCDDB},missing_fields,info,missing: total_capacity,,,,
{F121AA8F-FCE6-469A-AD26-98BD7D63BAEA},missing_fields,info,missing: delivery_method,,,,
{F1892C1C-7746-461E-AC83-9074494AF69A},missing_fields,info,"missing: community_name, delivery_method",,,,
{F313E433-CE77-4111-841E-7DFD145175BC},missing_fields,info,"missing: latitude, longitude, delivery_method, total_capacity",,,,
{F3E0DE08-0FD6-4919-BEE4-F765A692A71A},missing_fields,info,"missing: latitude, longitude, delivery_method, total_capacity",,,,
{F3EF96EB-8041-43F1-871A-2D499664F19D},missing_fields,info,"missing: community_name, delivery_method",,,,
{F4A0B42D-9258-4292-977E-751F0E59A70C},missing_fields,info,"missing: latitude, longitude, delivery_method, total_capacity",,,,
{F5DD5967-D189-418D-894D-841F2B1535F8},missing_fields,info,missing: community_name,,,,
{F7542599-C08C-4AC9-B79E-0886B80A0C3F},missing_fields,info,"missing: latitude, longitude, delivery_method, total_capacity",,,,
{F7DD87D6-0CF8-4210-8D91-0811CAD7E2A5},missing_fields,info,missing: community_name,,,,
{F82686D1-FA4A-47B8-84CD-E00DB30C843C},missing_fields,info,"missing: latitude, longitude, delivery_method, total_capacity",,,,
{F86D1C30-E88A-4241-900F-40D7DF2C4CD5},missing_fields,info,"missing: latitude, longitude, delivery_method, total_capacity",,,,
{F8C85392-830A-4255-ABF8-BD69EBAAEBF7},missing_fields,info,missing: delivery_method,,,,
{F9DB899A-9514-44F0-A6B5-B8193D735639},missing_fields,info,missing: community_name,,,,
{FA1F5BF7-9E47-47F2-97D1-CC25786A50B2},missing_fields,info,"missing: latitude, longitude, delivery_method, total_capacity",,,,
{FA312230-C0C1-4ED5-B3B1-1E14FDD7A61B},missing_fields,info,missing: delivery_method,,,,
{FB96C24B-7E2D-41A4-BB41-17A5FC20670F},missing_fields,info,missing: delivery_method,,,,correction:approved
{FCEC525F-001B-49F9-A011-4EBF4AE8918E},missing_fields,info,"missing: latitude, longitude, delivery_method, total_capacity",,,,
{FE1C1D96-F623-4694-ADA9-82D02F405415},missing_fields,info,missing: total_capacity,,,,correction:pending
{FE69B373-CEA6-404B-946F-69BC55AC0A15},missing_fields,info,"missing: latitude, longitude, delivery_method, total_capacity",,,,
{FE795A58-DA50-40C1-B72F-CD71CEDB3793},missing_fields,info,"missing: latitude, longitude, delivery_method, total_capacity",,,,
{FEF19473-F330-472E-B4D7-1BFE5DAC285F},missing_fields,info,missing: community_name,,,,
{FFF367B0-972E-4126-B5A7-31F3709A99A6},missing_fields,info,missing: community_name,,,,
