record_id,community_name,outcome,priority,inside_boundary_of,own_boundary_km,latitude,longitude,covered_by,note
{F5EA86DC-3AD5-4EBB-9B32-1E3296DE10A4},Prudhoe Bay,outside,info,,1078.2,60.427222,-150.653611,,
{CAAC5221-829D-4B94-872F-BF7B98979A46},Grayling,outside,info,,440.44,65.254278,-152.740853,,
{27836AC8-344A-4140-8EBE-9B551A586869},Fairbanks,outside,info,,425.52,68.627944,-149.593994,,
{BFF9DB9E-CA56-440D-B966-058492E9DF73},Ketchikan,outside,info,,374.71,58.37542,-134.574986,correction:pending,
{267D2EF2-63DA-4FEA-ABB6-EB7BFB60BF26},Fairbanks,outside,info,,372.31,68.150225,-149.406443,,
{CB4253E4-9DE9-4D95-AF37-62AF93235BC4},Eielson Afb,outside,info,,246.73,64.74017,-141.76533,,
{A82B5A6A-FC3F-4B18-8C71-C5DD4E03ECC4},Eielson Afb,outside,info,,236.1,62.56333,-148.33583,,
{F9922F7E-63F1-4190-A7B0-695BCB54A77F},Eielson Afb,outside,info,,233.55,64.0264,-142.31425,,
{86F201C8-8EC4-4EC4-8A63-3339D2F4DC72},Eielson Afb,outside,info,,182.27,62.97445,-146.81445,,
{6C13BFD5-738C-446F-9571-94F911FE6187},Ketchikan,outside,info,,171.98,56.743611,-133.0775,,
{9527986F-DC3A-486F-B81A-AC989BA9B5F2},Palmer,outside,info,,165.13,63.094331,-149.507401,,
{AB04C3B7-730E-44F4-AD27-ADC5B4B13493},Eielson Afb,outside,info,,157.56,65.2025,-143.83,,
{BFB7DB54-CA46-4BD6-9543-C377A3C476CC},Holy Cross,outside,info,,132.0,63.313508,-160.957692,,
{0DE678C6-4B7C-4C87-95F2-EF1B81C0A3C4},Palmer,outside,info,,131.93,62.688429,-150.232928,,
{1FF7A1D5-A8B5-49A0-BF91-D7BC0D3F5FB3},Cordova,outside,info,,125.68,60.799221,-148.08927,,
{5C4B0813-680E-47D6-A697-FE76F3230475},Cordova,outside,info,,122.0,60.519637,-148.093326,,
{D99442DA-9542-41C2-88DE-A2C473548FDD},Bettles Field,outside,info,,110.07,67.667361,-149.824972,,
{A582CD1B-2461-42BC-AD24-4957D48F8D0C},Cordova,outside,info,,106.59,61.018044,-147.516204,,
{2B46951B-0771-4DA5-B85E-08528246F05C},Livengood,outside,info,,70.81,66.014481,-149.814301,,
{F495099F-BE9E-49DE-BD7B-1C31183F8BDE},Glennallen,outside,info,,68.35,61.47272,-145.15216,,
{A4BAA2CF-A008-4738-A346-372CD20F7805},Eielson Afb,outside,info,,68.29,65.08027,-145.7777,,
{ADDAB7A9-008D-4294-A74F-B722E49B32DC},Bettles Field,outside,info,,64.05,66.527364,-150.423192,,
{ACFDB0DB-4CB5-4622-965E-BDE30178DF29},Bettles Field,outside,info,,61.31,67.476046,-151.5819007,,
{B1C31D12-4C17-457D-9F1D-668A0A5F6225},Slana,outside,info,,59.84,62.36,-145.0058,,
{984C8F00-5900-483B-B4A1-43D255646FAC},Haines,outside,info,,58.64,59.500427,-136.451343,,
{08DF0E56-0A7D-4977-AD97-99A7EA583DA8},Delta Junction,outside,info,,54.77,64.45465,-144.908947,,
{0F01BB32-5A29-4652-976C-10E724180102},Petersburg,outside,info,,52.95,56.236042,-132.981428,,
{23438583-E320-48B3-8C36-733AAA636B53},Delta Junction,outside,info,,50.53,63.585515,-145.987103,,
{7AC691F0-663D-4947-B5B2-783A7B0ADA02},Metlakatla,outside,info,,48.95,54.9175,-130.8422,,
{183A8E95-D80D-4CAE-9F17-F67AC2C20CFE},Haines,outside,info,,48.09,59.40245,-136.33455,,
{5B6D7E1C-3FCD-4202-88E8-14F202F1FE92},Haines,outside,info,,43.25,59.41892,-136.227785,,
{8C45602F-E138-4FFD-8E8B-C5CA68675B72},Fairbanks,outside,info,,41.65,65.2175,-148.0572,,
{AE259A2D-93B6-4E34-AEE3-3F39B37685ED},Cordova,outside,info,,40.33,60.48095,-146.5993,,
{0FA60D29-5FDB-45C0-8C23-DBEF952F6C70},Cordova,outside,info,,40.33,60.48095,-146.5993,,
{3E126E10-1FB3-4698-B4A2-1CE1635F721D},Valdez,outside,info,,39.42,61.344126,-145.268358,,
{E24B5472-872F-4239-A116-FC23CC2087AB},McGrath,outside,info,,36.93,62.57034,-155.3641,,
{4669A088-FDE7-4974-9B95-0EEA23C33FC4},Prudhoe Bay,outside,info,,32.25,69.7893,-148.4925,,
{19C3BA91-EE4F-4E21-89D8-1D3FC0EDF306},Homer,outside,info,,29.69,59.778581,-150.940139,,
{D4DC4358-AD2A-4F62-A059-4266EFCD6437},Fairbanks,outside,info,,27.69,65.125844,-147.490665,,
{D5803C6E-27CF-4FEB-A024-8178DC9ED46E},Kodiak,outside,info,,20.05,57.588947,-152.435519,,
{D0F2748C-7DEB-450F-8C52-E8CB21ECA1B0},Homer,outside,info,,18.34,59.434992,-151.429035,,
{C995496F-83BC-4D90-B7A0-8346CD6E515C},Trapper Creek,outside,info,,18.33,62.0344,-150.8222,,
{400DF95A-C142-4FA6-A7F5-4D7D370AF326},Fairbanks,outside,info,,17.56,65.03511,-147.5011,,
{2FC94A57-252B-464C-AE5D-7FEC48FF42DE},Fairbanks,outside,info,,16.71,65.0241952,-147.6521783,,
{98C0B2E1-F078-434C-BF55-6F9EDBAEA7A6},Fairbanks,outside,info,,16.47,65.00362,-147.34101,,
{0382E721-45D3-49C3-AA1A-07F5088F21E7},Nome,outside,info,,16.37,64.452517,-164.996342,,
{FFFE3140-EE71-41D1-A6C0-CAE8A0D5466C},Elfin Cove,outside,info,,16.2,58.1986,-136.6397,,
{71EF2656-042E-4F42-A78D-E48CD254C0EB},Valdez,outside,info,,14.55,61.2044,-145.630456,,
{855FBE7C-9B33-45BC-8C4D-2394A0C95208},Petersburg,outside,info,,12.68,56.7564,-133.1795,,
{559D9A9C-9221-48BD-8906-31B25B07DCD5},Moose Pass,outside,info,,12.22,60.50189,-149.142878,,
{5D6D86C0-354F-48E0-A12F-CD12687033EC},Paxson,outside,info,,11.65,62.80367,-145.317799,,
{0C8FE23A-EFDE-4FF0-8A74-D3F9F8D2A0F7},Petersburg,outside,info,,10.85,56.612645,-132.821937,,
{B50C3F10-1576-41B3-84F8-FA0CA4542BC6},Paxson,outside,info,,9.57,63.256544,-145.650167,,
{0348C10F-900C-4DEE-B116-5841EADCA147},Unalakleet,outside,info,,8.89,63.9887,-160.883394,,
{12A13951-6E36-475D-8947-BB0A95EB953D},Chignik Lagoon,outside,info,,8.71,56.26295,-158.70535,,
{FC4F1FED-EBC1-4847-BD73-63BF9DA79F57},Togiak,outside,info,,8.08,59.169983,-160.6515,,
{2987CCEB-7A5C-41D0-A9DE-C028E4D0605D},Aleknagik,outside,info,,7.13,59.430556,-158.842222,,
{38E82315-8B3C-44A8-8C51-723335301BFB},Hope,outside,info,,6.8,60.785,-149.430222,,
{B82A34CB-3CD0-4A7F-BFEE-BA349A32E157},Ketchikan,outside,info,,6.72,55.442886,-131.800563,,
{4299A108-428F-4C46-BB6C-90DD2E681FD9},Metlakatla,outside,info,,5.61,55.0604,-131.578,,
{5D6DD34B-DAEE-49F9-988E-21E080CB537A},Valdez,outside,info,,5.42,61.140875,-145.749133,,
{5D38D34D-5AB2-45F5-AA22-BE25817C0538},Kake,outside,info,,4.68,56.9811,-133.806097,,
{BF854CB0-CF80-43E3-A809-F6B36D83690B},Skagway,outside,info,,4.22,59.527273,-135.229763,,
{DF7DE3EA-8366-4CB9-8D57-C492F2B43793},Ketchikan,outside,info,,4.16,55.360889,-131.795861,,
{621FCC2F-3A90-426E-A211-00250864F71E},Unalakleet,outside,info,,3.87,63.891940,-160.684200,correction:approved,
{AF0B22FA-9863-4EEB-8301-672C0FE42AEB},Grayling,outside,info,,3.56,62.958069,-160.174358,,
{AEC3F544-FBA6-450A-BA4E-FC337AFB6FCA},Coldfoot,outside,info,,3.36,67.278,-150.269,,
{D0D325AD-A296-437B-9213-8A2FD2F3621D},Coldfoot,outside,info,,3.36,67.278080,-150.268770,correction:approved,
{248652B4-D9D2-4A72-90D6-67D7D8F1B4FB},Kodiak,outside,info,,2.8,57.77503,-152.3398,,
{39D39C45-2B34-4C54-9DE9-165016D302D5},Nenana,outside,info,,2.63,64.59,-149.0728,,
{A5155750-38EC-47C7-B827-7975F4A90D3E},Kiana,outside,info,,2.38,66.96075,-160.490972,,
{D5BCC064-B7B2-4BA0-8911-B9BB258591BB},Kenai,outside,info,,2.33,60.61556,-151.283,,
{12AB835A-E2CA-498A-B5EB-BA0FDA8EBD71},Manokotak,outside,info,,2.07,58.9376,-158.8995,,
{EF799C7C-48D8-475B-816B-6D08F25BBB08},Ketchikan,outside,info,,2.05,55.410868,-131.722042,,
{587A9516-FAF3-407A-88FB-213E57091443},Klawock,outside,info,,2.05,55.5792164,-133.0710241,,
{697E1F9D-6660-4785-A1A5-3883D9ED9847},Kenai,mismatch,low,Nikiski,14.8,60.72583,-151.3513,,inside a neighbouring place
{C253B60F-62F5-4774-B931-D13375BD8265},Kenai,mismatch,low,Nikiski,14.35,60.728862,-151.303059,,inside a neighbouring place
{DEB163BB-3EFE-46BC-8642-B72714A3D58C},Kenai,mismatch,low,Nikiski,12.99,60.714203,-151.319408,,inside a neighbouring place
{B05026CD-3A84-439D-A809-4C9614FB88CD},Homer,mismatch,low,Fritz Creek,12.64,59.746088,-151.258425,,inside a neighbouring place
{B5302F24-7BC3-4365-B265-9200D736044A},Homer,mismatch,low,Fritz Creek,12.55,59.74515,-151.258929,,inside a neighbouring place
{835A9532-B50F-4307-8766-44E644F988D9},Kenai,mismatch,low,Nikiski,10.03,60.678540,-151.380010,correction:approved,inside a neighbouring place
{9D2D53BE-A6BE-4C90-B542-326627B0F06A},Kenai,mismatch,low,Nikiski,10.02,60.678519,-151.383179,,inside a neighbouring place
{67812973-1F5E-4F2F-9E8E-A8FEDA823FAF},Teller,mismatch,low,Brevig Mission,9.26,65.33289523,-166.4864243,,inside a neighbouring place
{591FEE4C-4EAA-4F0F-A6EE-B6FA2F107E7B},Fairbanks,mismatch,low,Fox,9.1,64.957606,-147.617087,,inside a neighbouring place
{1A2F20D8-0EC8-48FB-BF8A-3CD11F54461A},Fairbanks,mismatch,low,Ester,9.04,64.844124,-148.010438,,inside a neighbouring place
{AA03A04C-1699-4D6B-9606-784F5118684C},North Pole,mismatch,low,Badger,7.98,64.819916,-147.561082,,inside a neighbouring place
{18E12583-BE85-4409-BB78-FE88AF66E31D},North Pole,mismatch,low,Badger,7.03,64.794104,-147.569191,,inside a neighbouring place
{4D06EDBB-76ED-4BC8-B6B8-D96FC8B60FD3},Fairbanks,mismatch,low,Steele Creek,5.98,64.930298,-147.496575,,inside a neighbouring place
{8CC32BC7-7206-4A37-AD96-8E8D803BE4FA},Palmer,mismatch,low,North Lakes,5.92,61.6198,-149.256574,,inside a neighbouring place
{7E320E02-ED16-4013-AA62-D9862E3AEE6F},Healy,mismatch,low,Ferry,5.79,64.059764,-148.900105,,inside a neighbouring place
{AAB281BB-64C6-44DD-AE7A-FBCC90EE0783},North Pole,mismatch,low,Badger,5.7,64.797669,-147.536443,,inside a neighbouring place
{576E8567-E85B-419E-9B43-1C4C0B1093F8},Kodiak,mismatch,low,Kodiak Station,5.68,57.73111111,-152.5083333,,inside a neighbouring place
{96C86C0C-2A57-4A26-94E5-72600F5A5FCC},Palmer,mismatch,low,Gateway,5.02,61.566172,-149.249664,,inside a neighbouring place
{9FCB9E11-BCB9-4736-AB12-985E5D526459},North Pole,mismatch,low,Badger,4.92,64.820541,-147.441508,,inside a neighbouring place
{1C49E7B5-4A11-4F71-8688-C1B006050B00},Kenai,mismatch,low,Kalifornsky,4.74,60.474677,-151.274396,,inside a neighbouring place
{F93EBEDC-66D5-4E8B-82A0-9F5BDB091DD5},Kenai,mismatch,low,Salamatof,4.52,60.6293,-151.341665,,inside a neighbouring place
{FC344191-8F9F-4DF7-84FF-90BA3D492D11},Fairbanks,mismatch,low,South Van Horn,3.95,64.810359,-147.881601,,inside a neighbouring place
{B46ED03F-5DB4-4255-A1AC-59B085DBF727},Kodiak,mismatch,low,Kodiak Station,3.93,57.759841,-152.515949,,inside a neighbouring place
{0616261B-5C6C-4C13-A78B-D76C3F4C4780},Kodiak,mismatch,low,Kodiak Station,3.86,57.747064,-152.495672,,inside a neighbouring place
{E32D2921-8176-4468-A0AB-9AE351693922},Fairbanks,mismatch,low,South Van Horn,3.78,64.812009,-147.880345,,inside a neighbouring place
{6280955D-A73E-4167-B155-9FE66EA27BEF},Kodiak,mismatch,low,Kodiak Station,3.65,57.748889,-152.494167,,inside a neighbouring place
{8D76DC1E-DDFB-4491-9559-92EF69C41AAA},Kodiak,mismatch,low,Kodiak Station,3.55,57.7499,-152.4938,,inside a neighbouring place
{DDBEA947-84DD-4443-88BD-348496D95D9D},Homer,mismatch,low,Diamond Ridge,3.46,59.70942,-151.4565,,inside a neighbouring place
{C42E7D33-D740-4F3C-88CE-CDCB54F1E1C1},Kenai,mismatch,low,Salamatof,3.4,60.61927,-151.32805,,inside a neighbouring place
{CC464040-DC6C-40F1-8945-651DE5EAB4F4},Kasilof,mismatch,low,Kalifornsky,3.37,60.383995,-151.284605,,inside a neighbouring place
{8DD95CDF-8767-4EB6-B07F-09F075FC7FEB},Kasilof,mismatch,low,Kalifornsky,3.3,60.383435,-151.28357,,inside a neighbouring place
{97E77B03-20AE-4291-A9A5-15C73AA55976},Point Mackenzie,mismatch,low,Knik-Fairview,3.3,61.3974,-149.8444,,inside a neighbouring place
{EFB8BB07-4BF6-42EF-8860-505B1E26AE40},Soldotna,mismatch,low,Kalifornsky,3.07,60.44592,-151.109737,,inside a neighbouring place
{7E123490-F0E5-496F-86D3-91FDF4B5F41F},Fairbanks,mismatch,low,South Van Horn,2.92,64.8176545,-147.8679336,,inside a neighbouring place
{0FA216D2-7ACC-4EFF-AA2B-EEB5F7C95A78},Fairbanks,mismatch,low,South Van Horn,2.81,64.81086015,-147.8480595,,inside a neighbouring place
{6D2C0D30-6E8C-4094-B60B-FE6B27FAA8CF},Seward,mismatch,low,Bear Creek,2.79,60.168995,-149.40275,,inside a neighbouring place
{33CE5488-B9E3-4D2C-9002-C9070398F548},Wasilla,mismatch,low,Tanaina,2.78,61.6192901,-149.3888135,,inside a neighbouring place
{B35105C7-0E6D-4238-ABF1-8D7EF7F936A0},Fairbanks,mismatch,low,College,2.54,64.824332,-147.868898,,inside a neighbouring place
{3D4292B1-2476-4370-9C0A-38D9681783E2},Homer,mismatch,low,Diamond Ridge,2.41,59.681892,-151.62446,,inside a neighbouring place
{F838A24B-74C8-4827-BDA2-B393AB91F423},Soldotna,mismatch,low,Kalifornsky,2.26,60.453137,-151.097387,,inside a neighbouring place
{D4480803-987D-48DA-80DF-D4C7F0E68FE3},North Pole,mismatch,low,Badger,2.01,64.7341778,-147.266703,,inside a neighbouring place
{2B48564F-DF5A-4814-B2B3-21E3157048CA},Fairbanks,mismatch,review,Nome,838.67,64.51252,-165.4303,correction:pending,
{9D56DBE7-1A09-4398-8622-73AF3113418C},Fairbanks,mismatch,review,Nome,838.67,64.51252,-165.4303,correction:pending,
{E7B9AC7C-E3C6-4313-A350-5414BFE26A53},Noatak,mismatch,review,Marshall,630.48,61.87844406,-162.084732,,
{F0FFCC8F-A5B7-4ADC-8C28-C7FC319FCDDB},Galena,mismatch,review,Fort Yukon,564.71,66.564199,-145.2576394,,
{C9AFF599-4CD8-41B4-97E2-04CEFD79683A},Holy Cross,mismatch,review,Ambler,549.44,67.08767141,-157.8567222,,
{39943186-EB34-4A7C-B510-E1F60F6E5B77},Iliamna,mismatch,review,Iliamna,543.34,59.75552294,-154.9021745,correction:approved,
{BACAEA02-40B4-467A-B3B9-39C3197CF50D},King Salmon,mismatch,review,King Salmon,520.88,58.683749,-156.672126,correction:approved,
{509CF7C1-AE7E-4289-8EFE-3298B15AD90D},Wales,mismatch,review,Ambler,485.46,67.08767141,-157.8567222,,
{EF7B6BA1-2FF6-404A-9A5F-01A83B09D969},Sand Point,mismatch,review,Unalaska,415.34,53.896944,-166.54,,
{056D0E34-0F8F-4089-8FD4-38E6687C1E94},Noorvik,mismatch,review,Kaltag,297.51,64.32290209,-158.7240535,correction:pending,
{7A206A94-00D4-4121-BA0A-35593A0FADDC},Saint Michael,mismatch,review,Brevig Mission,289.32,65.33289523,-166.4864243,,
{8970B1E0-DE4E-4A98-8A1B-5C858F18F05A},Savoonga,mismatch,review,Brevig Mission,262.61,65.33289523,-166.4864243,,
{BFC59C95-ABE4-4959-BE52-7F09A5308991},Fort Yukon,mismatch,review,Fort Yukon,214.64,66.563958,-145.258792,correction:approved,
{996CA338-3112-43BA-964E-BAC877F58828},Healy,mismatch,review,Healy Lake,170.17,64.000306,-144.734444,,
{D32639C4-3E15-4313-904F-B53FE9C4C207},Tununak,mismatch,review,Atmautluak,150.17,60.85685837,-162.2765278,,
{72E67206-F008-47E9-AE98-4C85EAD98765},Kipnuk,mismatch,review,Atmautluak,136.88,60.85685837,-162.2765278,,
{AE061686-3F3E-4156-A901-5DDB6E3F0237},Nightmute,mismatch,review,Atmautluak,133.32,60.85685837,-162.2765278,,
{5C01B036-AAC1-4876-BF5E-30428802A639},Chefornak,mismatch,review,Atmautluak,130.85,60.85685837,-162.2765278,,
{FE1C1D96-F623-4694-ADA9-82D02F405415},Newtok,mismatch,review,Kipnuk,115.36,59.93413657,-164.0381938,correction:pending,
{E3EF8439-0613-41E1-B9C0-DC105BB3B3C0},Kiana,mismatch,review,Buckland,114.18,65.98050676,-161.1384531,,
{C9E914FB-038D-497D-9C7E-7920E1429211},Eielson Afb,mismatch,review,Fort Greely,104.28,63.83333,-145.82217,,
{807124A8-0A6D-42E6-98ED-616888004B49},Fort Yukon,mismatch,review,Beaver,96.19,66.35966616,-147.3966131,,
{A5398AFB-3BA8-40B9-8A1A-2886C4335A54},Selawik,mismatch,review,Buckland,83.79,65.98050676,-161.1384531,,
{E6AB9F80-923B-43FA-B7E0-74FB0874B59A},Palmer,mismatch,review,Glacier View,76.36,61.788126,-147.675583,,
{14C061AA-262D-4039-AB9A-C4C93FF6ACD2},Fairbanks,mismatch,review,Harding-Birch Lakes,72.01,64.3795,-146.3972,,
{6E8C9118-7533-452B-9658-1DC4DFD6FA05},Glennallen,mismatch,review,Tonsina,65.71,61.5135,-145.029,,
{464FE024-2A99-4A73-956B-AFDC49328212},Valdez,mismatch,review,Cordova,61.81,60.499369,-145.479589,,
{5CE97A73-0D33-4600-836B-A3E084CE3826},Craig,mismatch,review,Coffman Cove,57.65,56.01717937,-132.8280414,correction:pending,
{E4CF3B9E-8613-49C3-94A8-E46B9248AE34},Delta Junction,mismatch,review,Healy Lake,44.98,63.999927,-144.731094,correction:pending,
{96705E92-63AB-41A0-B0E8-52639E90CEC8},Tuntutuliak,mismatch,review,Atmautluak,43.97,60.85685837,-162.2765278,,
{E2EBBB67-58E8-4EED-B69B-A03B77169EB6},Wasilla,mismatch,review,Point MacKenzie,32.93,61.360181,-150.012503,,
{65DFB897-7E85-4456-850D-913C7D010004},Wasilla,mismatch,review,Point MacKenzie,31.89,61.41665,-150.079139,,
{E8C7FE98-2833-47DB-A566-8D25750D48D2},Kwethluk,mismatch,review,Kwethluk,30.63,60.8107704,-161.4225578,correction:approved,
{32574618-B703-4A8E-85F9-35EC4E4EA4A9},Pilot Point,mismatch,review,Ugashik,27.57,57.578333,-157.053889,,
{BA4EE9C3-1152-401B-9F6A-8BEA6C9A7894},Delta Junction,mismatch,review,Deltana,22.36,63.909763,-145.27708,,
