record_id,source_row,community_name,entity_name,latitude,longitude,tank_farm_id,total_capacity,source,detector,priority,detail,suggestion,group_key,map,decision,your_value,notes,reviewed_by,reviewed_on
{08DF0E56-0A7D-4977-AD97-99A7EA583DA8},473,Delta Junction,Pogo Mine,64.45465,-144.908947,,79000,boundary,boundary_outside,review,inside no boundary; 54.77 km from own boundary,,,"https://www.google.com/maps?q=64.45465,-144.908947",,,,,
{0DE678C6-4B7C-4C87-95F2-EF1B81C0A3C4},1287,Palmer,Matanuska Telephone Association - Byers,62.688429,-150.232928,,3000,boundary,boundary_outside,review,inside no boundary; 131.93 km from own boundary,,,"https://www.google.com/maps?q=62.688429,-150.232928",,,,,
{0F01BB32-5A29-4652-976C-10E724180102},1313,Petersburg,AT&T - Petersburg - Kashevarof,56.236042,-132.981428,,6000,boundary,boundary_outside,review,inside no boundary; 52.95 km from own boundary,,,"https://www.google.com/maps?q=56.236042,-132.981428",,,,,
{0FA60D29-5FDB-45C0-8C23-DBEF952F6C70},446,Cordova,Federal Aviation Administration - Hinchinbrook Island - JOH PXA,60.48095,-146.5993,,20000,boundary,boundary_outside,review,inside no boundary; 40.33 km from own boundary,,,"https://www.google.com/maps?q=60.48095,-146.5993",,,,,
{11C61E2B-C979-4D51-A901-5BDF8ABBF907},1351,Point Lay,North Slope Borough - Dept. of Municipal Services Bldg.,70.12919302,-143.6095718,397,4000,boundary,boundary_mismatch,review,inside Kaktovik; 738.67 km from own boundary,,,"https://www.google.com/maps?q=70.12919302,-143.6095718",,,,,
{14C061AA-262D-4039-AB9A-C4C93FF6ACD2},584,Fairbanks,AT&T - Fairbanks - Buck Microwave Repeater,64.3795,-146.3972,,5000,boundary,boundary_mismatch,review,inside Harding-Birch Lakes; 72.01 km from own boundary,,,"https://www.google.com/maps?q=64.3795,-146.3972",,,,,
{183A8E95-D80D-4CAE-9F17-F67AC2C20CFE},704,Haines,Constantine Mining - Glacier Creek Fuel Station,59.40245,-136.33455,,8000,boundary,boundary_outside,review,inside no boundary; 48.09 km from own boundary,,,"https://www.google.com/maps?q=59.40245,-136.33455",,,,,
{19C3BA91-EE4F-4E21-89D8-1D3FC0EDF306},733,Homer,Homer Electric Association - Bradley Lake,59.778581,-150.940139,,16000,boundary,boundary_outside,review,inside no boundary; 29.69 km from own boundary,,,"https://www.google.com/maps?q=59.778581,-150.940139",,,,,
{1FF7A1D5-A8B5-49A0-BF91-D7BC0D3F5FB3},439,Cordova,Prince William Sound Aquaculture Corporation - Wally Noerenberg,60.799221,-148.08927,,13100,boundary,boundary_outside,review,inside no boundary; 125.68 km from own boundary,,,"https://www.google.com/maps?q=60.799221,-148.08927",,,,,
{23438583-E320-48B3-8C36-733AAA636B53},475,Delta Junction,AT&T - Delta Junction - Nicole Knob,63.585515,-145.987103,,5000,boundary,boundary_outside,review,inside no boundary; 50.53 km from own boundary,,,"https://www.google.com/maps?q=63.585515,-145.987103",,,,,
{267D2EF2-63DA-4FEA-ABB6-EB7BFB60BF26},583,Fairbanks,AT&T - Fairbanks - Atigun Microwave Repeater,68.150225,-149.406443,,5000,boundary,boundary_outside,review,inside no boundary; 372.31 km from own boundary,,,"https://www.google.com/maps?q=68.150225,-149.406443",,,,,
{27836AC8-344A-4140-8EBE-9B551A586869},580,Fairbanks,University of Alaska Fairbanks - Toolik,68.627944,-149.593994,,2000,boundary,boundary_outside,review,inside no boundary; 425.52 km from own boundary,,,"https://www.google.com/maps?q=68.627944,-149.593994",,,,,
{29A9858B-A138-476A-942F-BA787BE7179B},855,Kaktovik,North Slope Borough - Vacuum Building,70.48153169,-157.4250802,1087,2000,boundary,boundary_mismatch,review,inside Atqasuk; 528.26 km from own boundary,,,"https://www.google.com/maps?q=70.48153169,-157.4250802",,,,,
{2A288E05-E61D-4E46-AE4D-C7D9102802EA},1484,Selawik,"Alaska Village Electric Cooperative | 4831 Eagle Street | Anchorage, AK 99503",66.97392587,-160.4291164,410,120300,boundary,boundary_mismatch,review,inside Kiana; 43.8 km from own boundary,,,"https://www.google.com/maps?q=66.97392587,-160.4291164",,,,,
{2B46951B-0771-4DA5-B85E-08528246F05C},1073,Livengood,AT&T - Livengood,66.014481,-149.814301,,5000,boundary,boundary_outside,review,inside no boundary; 70.81 km from own boundary,,,"https://www.google.com/maps?q=66.014481,-149.814301",,,,,
{32574618-B703-4A8E-85F9-35EC4E4EA4A9},1317,Pilot Point,AK DOT&PF Pilot Point,57.578333,-157.053889,,1000,boundary,boundary_mismatch,review,inside Ugashik; 27.57 km from own boundary,,,"https://www.google.com/maps?q=57.578333,-157.053889",,,,,
{32E46B3B-A68A-4AED-A995-44AABFBA609D},1259,Nuiqsut,North Slope Borough - Vacuum Building,70.48153169,-157.4250802,1087,2000,boundary,boundary_mismatch,review,inside Atqasuk; 245.1 km from own boundary,,,"https://www.google.com/maps?q=70.48153169,-157.4250802",,,,,
{3758A00D-FA89-45EA-85FB-DE30F19E5DBC},1756,White Mountain,ADOT/Airport,63.51568716,-162.2855574,706,3000,boundary,boundary_mismatch,review,inside Stebbins; 139.73 km from own boundary,,,"https://www.google.com/maps?q=63.51568716,-162.2855574",,,,,
{3E126E10-1FB3-4698-B4A2-1CE1635F721D},1717,Valdez,AT&T - Tiekel,61.344126,-145.268358,,5000,boundary,boundary_outside,review,inside no boundary; 39.42 km from own boundary,,,"https://www.google.com/maps?q=61.344126,-145.268358",,,,,
{3EDD2A9C-65E1-4B69-95C6-B86EF44C2A59},1078,Lower Kalskag,Kuspuk School District,61.58083535,-159.5510516,108,142100,boundary,boundary_mismatch,review,inside Aniak; 41.85 km from own boundary,,,"https://www.google.com/maps?q=61.58083535,-159.5510516",,,,,
{405CC19C-36AB-4808-8AB1-CDE994AED352},1701,Upper Kalskag,Kuspuk School District,61.58083535,-159.5510516,108,142100,boundary,boundary_mismatch,review,inside Aniak; 39.94 km from own boundary,,,"https://www.google.com/maps?q=61.58083535,-159.5510516",,,,,
{41F25397-8168-4A24-BE43-C7E6935BB5AB},1229,Noorvik,Northwest Arctic Borough School District,66.97150852,-160.4382573,408,54600,boundary,boundary_mismatch,review,inside Kiana; 29.89 km from own boundary,,,"https://www.google.com/maps?q=66.97150852,-160.4382573",,,,,
{464FE024-2A99-4A73-956B-AFDC49328212},1711,Valdez,DOT&PF APT / MS,60.499369,-145.479589,,14000,boundary,boundary_mismatch,review,inside Cordova; 61.81 km from own boundary,,,"https://www.google.com/maps?q=60.499369,-145.479589",,,,,
{4669A088-FDE7-4974-9B95-0EEA23C33FC4},1384,Prudhoe Bay,AT&T - Prudhoe Bay - Franklin Bluff,69.7893,-148.4925,,3750,boundary,boundary_outside,review,inside no boundary; 32.25 km from own boundary,,,"https://www.google.com/maps?q=69.7893,-148.4925",,,,,
{4EB90598-665E-44BF-BABD-1D75C638BCF2},865,Kaltag,State of Alaska DOT&PF,64.87964972,-157.7186676,219,1000,boundary,boundary_mismatch,review,inside Koyukuk; 73.16 km from own boundary,,,"https://www.google.com/maps?q=64.87964972,-157.7186676",,,,,
{509CF7C1-AE7E-4289-8EFE-3298B15AD90D},1742,Wales,Alaska Village Electric Cooperative (AVEC),67.08767141,-157.8567222,179,74530,boundary,boundary_mismatch,review,inside Ambler; 485.46 km from own boundary,,,"https://www.google.com/maps?q=67.08767141,-157.8567222",,,,,
{5283F15A-66DA-4487-8444-EC1A2C43934D},753,Hooper Bay,Yukon Fuel Company,64.73391882,-156.9188094,171,100000,boundary,boundary_mismatch,review,inside Galena; 580.98 km from own boundary,,,"https://www.google.com/maps?q=64.73391882,-156.9188094",,,,,
{52EA8B6C-5DEE-4586-9B19-043A22000B12},1737,Wainwright,"SKW/Eskimos, Inc.",70.12871985,-143.6220736,403,200000,boundary,boundary_outside,review,inside no boundary; 622.1 km from own boundary,,,"https://www.google.com/maps?q=70.12871985,-143.6220736",,,,,
{5966569A-E364-492E-AF3E-4EE7DCE3828B},1014,Kongiganak,Alaska Army National Guard,65.97994995,-161.131753,385,4600,boundary,boundary_mismatch,review,inside Buckland; 676.96 km from own boundary,,,"https://www.google.com/maps?q=65.97994995,-161.131753",,,,,
{5B6D7E1C-3FCD-4202-88E8-14F202F1FE92},703,Haines,Constantine Metals - Big Nugget Fuel Station,59.41892,-136.227785,,2000,boundary,boundary_outside,review,inside no boundary; 43.25 km from own boundary,,,"https://www.google.com/maps?q=59.41892,-136.227785",,,,,
{5C01B036-AAC1-4876-BF5E-30428802A639},355,Chefornak,Lower Kuskokwim School District,60.85685837,-162.2765278,710,24700,boundary,boundary_mismatch,review,inside Atmautluak; 130.85 km from own boundary,,,"https://www.google.com/maps?q=60.85685837,-162.2765278",,,,,
{5C4B0813-680E-47D6-A697-FE76F3230475},438,Cordova,Prince William Sound Aquaculture Corporation - Main Bay,60.519637,-148.093326,,12200,boundary,boundary_outside,review,inside no boundary; 122.0 km from own boundary,,,"https://www.google.com/maps?q=60.519637,-148.093326",,,,,
{60EDEA84-04E5-4ED4-912D-1CDA85E970A2},1670,Tununak,Alaska Army National Guard,65.33271165,-166.4942242,377,4750,boundary,boundary_mismatch,review,inside Brevig Mission; 527.2 km from own boundary,,,"https://www.google.com/maps?q=65.33271165,-166.4942242",,,,,
{63C660C1-0960-4011-81E0-33F443CB730D},1043,Koyukuk,Alaska Army National Guard,65.97994995,-161.131753,385,4600,boundary,boundary_mismatch,review,inside Buckland; 196.66 km from own boundary,,,"https://www.google.com/maps?q=65.97994995,-161.131753",,,,,
{65DFB897-7E85-4456-850D-913C7D010004},1745,Wasilla,State of Alaska Department of Corrections - Point Mackenzie Correctional Farm,61.41665,-150.079139,,3000,boundary,boundary_mismatch,review,inside Point MacKenzie; 31.89 km from own boundary,,,"https://www.google.com/maps?q=61.41665,-150.079139",,,,,
{678A81B7-2420-44FE-AABF-C45E6E48CC82},1352,Point Lay,North Slope Borough - Wastewater Treatment Plant,70.48240452,-157.4253055,1095,2000,boundary,boundary_mismatch,review,inside Atqasuk; 215.94 km from own boundary,,,"https://www.google.com/maps?q=70.48240452,-157.4253055",,,,,
{6C13BFD5-738C-446F-9571-94F911FE6187},912,Ketchikan,Alaska Power & Telephone - Lidenburg Peak Microwave Tower,56.743611,-133.0775,,5000,boundary,boundary_outside,review,inside no boundary; 171.98 km from own boundary,,,"https://www.google.com/maps?q=56.743611,-133.0775",,,,,
{6E8C9118-7533-452B-9658-1DC4DFD6FA05},670,Glennallen,AT&T - Glennallen - Kimball Pass,61.5135,-145.029,,5000,boundary,boundary_mismatch,review,inside Tonsina; 65.71 km from own boundary,,,"https://www.google.com/maps?q=61.5135,-145.029",,,,,
{6EF0C04D-FA10-46F4-A9C4-91EC73504366},1181,Nightmute,Alaska Army National Guard,65.33271165,-166.4942242,377,4750,boundary,boundary_mismatch,review,inside Brevig Mission; 538.49 km from own boundary,,,"https://www.google.com/maps?q=65.33271165,-166.4942242",,,,,
{72E67206-F008-47E9-AE98-4C85EAD98765},950,Kipnuk,Lower Kuskokwim School District,60.85685837,-162.2765278,710,24700,boundary,boundary_mismatch,review,inside Atmautluak; 136.88 km from own boundary,,,"https://www.google.com/maps?q=60.85685837,-162.2765278",,,,,
{743459E3-FCB1-4860-9E07-61BE3B6A04B3},1577,Stebbins,Alaska Army National Guard,65.33271165,-166.4942242,377,4750,boundary,boundary_mismatch,review,inside Brevig Mission; 283.48 km from own boundary,,,"https://www.google.com/maps?q=65.33271165,-166.4942242",,,,,
{7A206A94-00D4-4121-BA0A-35593A0FADDC},1441,Saint Michael,Bering Straits School District,65.33289523,-166.4864243,694,52000,boundary,boundary_mismatch,review,inside Brevig Mission; 289.32 km from own boundary,,,"https://www.google.com/maps?q=65.33289523,-166.4864243",,,,,
{7AC691F0-663D-4947-B5B2-783A7B0ADA02},1113,Metlakatla,AT&T - Metlakatla,54.9175,-130.8422,,6000,boundary,boundary_outside,review,inside no boundary; 48.95 km from own boundary,,,"https://www.google.com/maps?q=54.9175,-130.8422",,,,,
{807124A8-0A6D-42E6-98ED-616888004B49},634,Fort Yukon,Yukon Flats School District,66.35966616,-147.3966131,157,42000,boundary,boundary_mismatch,review,inside Beaver; 96.19 km from own boundary,,,"https://www.google.com/maps?q=66.35966616,-147.3966131",,,,,
{86F201C8-8EC4-4EC4-8A63-3339D2F4DC72},525,Eielson Afb,Eielson Airforce Base - Fox Relay,62.97445,-146.81445,,1000,boundary,boundary_outside,review,inside no boundary; 182.27 km from own boundary,,,"https://www.google.com/maps?q=62.97445,-146.81445",,,,,
{8970B1E0-DE4E-4A98-8A1B-5C858F18F05A},1467,Savoonga,Bering Straits School District,65.33289523,-166.4864243,694,52000,boundary,boundary_mismatch,review,inside Brevig Mission; 262.61 km from own boundary,,,"https://www.google.com/maps?q=65.33289523,-166.4864243",,,,,
{8C45602F-E138-4FFD-8E8B-C5CA68675B72},582,Fairbanks,AT&T - Fairbanks - Aggie Microwave Repeater,65.2175,-148.0572,,5000,boundary,boundary_outside,review,inside no boundary; 41.65 km from own boundary,,,"https://www.google.com/maps?q=65.2175,-148.0572",,,,,
{9527986F-DC3A-486F-B81A-AC989BA9B5F2},1288,Palmer,Matanuska Telephone Association - Hono,63.094331,-149.507401,,3000,boundary,boundary_outside,review,inside no boundary; 165.13 km from own boundary,,,"https://www.google.com/maps?q=63.094331,-149.507401",,,,,
{96705E92-63AB-41A0-B0E8-52639E90CEC8},1664,Tuntutuliak,Lower Kuskokwim School District,60.85685837,-162.2765278,710,24700,boundary,boundary_mismatch,review,inside Atmautluak; 43.97 km from own boundary,,,"https://www.google.com/maps?q=60.85685837,-162.2765278",,,,,
{984C8F00-5900-483B-B4A1-43D255646FAC},705,Haines,GSA - Haines,59.500427,-136.451343,,1000,boundary,boundary_outside,review,inside no boundary; 58.64 km from own boundary,,,"https://www.google.com/maps?q=59.500427,-136.451343",,,,,
{996CA338-3112-43BA-964E-BAC877F58828},709,Healy,Alaska Power & Telephone - Healy Lake Power Generation Plant,64.000306,-144.734444,,14000,boundary,boundary_mismatch,review,inside Healy Lake; 170.17 km from own boundary,,,"https://www.google.com/maps?q=64.000306,-144.734444",,,,,
{A4BAA2CF-A008-4738-A346-372CD20F7805},521,Eielson Afb,Eielson Airforce Base - Yukon Range,65.08027,-145.7777,,53500,boundary,boundary_outside,review,inside no boundary; 68.29 km from own boundary,,,"https://www.google.com/maps?q=65.08027,-145.7777",,,,,
{A5398AFB-3BA8-40B9-8A1A-2886C4335A54},1488,Selawik,Alaska DOT&PF,65.98050676,-161.1384531,415,2900,boundary,boundary_mismatch,review,inside Buckland; 83.79 km from own boundary,,,"https://www.google.com/maps?q=65.98050676,-161.1384531",,,,,
{A582CD1B-2461-42BC-AD24-4957D48F8D0C},437,Cordova,Prince William Sound Aquaculture Corporation - Cannery Creek,61.018044,-147.516204,,32500,boundary,boundary_outside,review,inside no boundary; 106.59 km from own boundary,,,"https://www.google.com/maps?q=61.018044,-147.516204",,,,,
{A6656A06-FB6E-44F6-8DEB-0A79C30970C9},1403,Red Devil,Kuspuk School District,61.58083535,-159.5510516,108,142100,boundary,boundary_mismatch,review,inside Aniak; 113.23 km from own boundary,,,"https://www.google.com/maps?q=61.58083535,-159.5510516",,,,,
{A82B5A6A-FC3F-4B18-8C71-C5DD4E03ECC4},526,Eielson Afb,Eielson Airforce Base - Fox Remote 2,62.56333,-148.33583,,1000,boundary,boundary_outside,review,inside no boundary; 236.1 km from own boundary,,,"https://www.google.com/maps?q=62.56333,-148.33583",,,,,
{AB04C3B7-730E-44F4-AD27-ADC5B4B13493},527,Eielson Afb,Eielson Airforce Base - North Remote 1,65.2025,-143.83,,1000,boundary,boundary_outside,review,inside no boundary; 157.56 km from own boundary,,,"https://www.google.com/maps?q=65.2025,-143.83",,,,,
{ACFDB0DB-4CB5-4622-965E-BDE30178DF29},311,Bettles Field,"Wild Lake Exploration Drilling and Mining, LLC",67.476046,-151.5819007,,19000,boundary,boundary_outside,review,inside no boundary; 61.31 km from own boundary,,,"https://www.google.com/maps?q=67.476046,-151.5819007",,,,,
{ADDAB7A9-008D-4294-A74F-B722E49B32DC},315,Bettles Field,AT&T - Bettles - Fish,66.527364,-150.423192,,5000,boundary,boundary_outside,review,inside no boundary; 64.05 km from own boundary,,,"https://www.google.com/maps?q=66.527364,-150.423192",,,,,
{AE061686-3F3E-4156-A901-5DDB6E3F0237},1179,Nightmute,Lower Kuskokwim School District,60.85685837,-162.2765278,710,24700,boundary,boundary_mismatch,review,inside Atmautluak; 133.32 km from own boundary,,,"https://www.google.com/maps?q=60.85685837,-162.2765278",,,,,
{AE259A2D-93B6-4E34-AEE3-3F39B37685ED},445,Cordova,Federal Aviation Administration - Hinchinbrook Island - JOH PX,60.48095,-146.5993,,20000,boundary,boundary_outside,review,inside no boundary; 40.33 km from own boundary,,,"https://www.google.com/maps?q=60.48095,-146.5993",,,,,
{B1C31D12-4C17-457D-9F1D-668A0A5F6225},1550,Slana,Copper River School District - Slana,62.36,-145.0058,,3000,boundary,boundary_outside,review,inside no boundary; 59.84 km from own boundary,,,"https://www.google.com/maps?q=62.36,-145.0058",,,,,
{BA4EE9C3-1152-401B-9F6A-8BEA6C9A7894},472,Delta Junction,State of Alaska Department of Fish and Game - Delta Junction,63.909763,-145.27708,,1000,boundary,boundary_mismatch,review,inside Deltana; 22.36 km from own boundary,,,"https://www.google.com/maps?q=63.909763,-145.27708",,,,,
{BA9A56A1-5224-45F0-B0DD-070DBFFB2559},1057,Kwigillingok,Alaska Army National Guard,65.97994995,-161.131753,385,4600,boundary,boundary_mismatch,review,inside Buckland; 685.27 km from own boundary,,,"https://www.google.com/maps?q=65.97994995,-161.131753",,,,,
{BFB7DB54-CA46-4BD6-9543-C377A3C476CC},719,Holy Cross,GCI Communication Corp. - Holy Cross Repeater,63.313508,-160.957692,,9000,boundary,boundary_outside,review,inside no boundary; 132.0 km from own boundary,,,"https://www.google.com/maps?q=63.313508,-160.957692",,,,,
{C558007A-A0AB-4C4D-A836-9CA4EA3BD493},373,Chevak,Alaska Army National Guard,65.33271165,-166.4942242,377,4750,boundary,boundary_mismatch,review,inside Brevig Mission; 426.26 km from own boundary,,,"https://www.google.com/maps?q=65.33271165,-166.4942242",,,,,
{C8EC9D39-F5C7-4B8E-94A5-4B7BE891EF44},1470,Savoonga,Presbyterian Church,63.77911319,-171.7340584,565,2700,boundary,boundary_mismatch,review,inside Gambell; 57.71 km from own boundary,,,"https://www.google.com/maps?q=63.77911319,-171.7340584",,,,,
{C9AFF599-4CD8-41B4-97E2-04CEFD79683A},721,Holy Cross,Alaska Village Electric Cooperative (AVEC),67.08767141,-157.8567222,179,74530,boundary,boundary_mismatch,review,inside Ambler; 549.44 km from own boundary,,,"https://www.google.com/maps?q=67.08767141,-157.8567222",,,,,
{C9E914FB-038D-497D-9C7E-7920E1429211},522,Eielson Afb,Eielson Airforce Base - Oklahoma Range,63.83333,-145.82217,,32075,boundary,boundary_mismatch,review,inside Fort Greely; 104.28 km from own boundary,,,"https://www.google.com/maps?q=63.83333,-145.82217",,,,,
{CAAC5221-829D-4B94-872F-BF7B98979A46},683,Grayling,GCI Communication Corp. - Elliott Microwave Repeater,65.254278,-152.740853,,9000,boundary,boundary_outside,review,inside no boundary; 440.44 km from own boundary,,,"https://www.google.com/maps?q=65.254278,-152.740853",,,,,
{CB4253E4-9DE9-4D95-AF37-62AF93235BC4},528,Eielson Afb,Eielson Airforce Base - South Remote 7,64.74017,-141.76533,,1000,boundary,boundary_outside,review,inside no boundary; 246.73 km from own boundary,,,"https://www.google.com/maps?q=64.74017,-141.76533",,,,,
{D16B7CA0-CE7A-4D65-864E-5B2599DECFA6},653,Galena,Frontier Flying Service,66.56796229,-145.25809,158,10500,boundary,boundary_mismatch,review,inside Fort Yukon; 564.81 km from own boundary,,,"https://www.google.com/maps?q=66.56796229,-145.25809",,,,,
{D32639C4-3E15-4313-904F-B53FE9C4C207},1666,Tununak,Lower Kuskokwim School District,60.85685837,-162.2765278,710,24700,boundary,boundary_mismatch,review,inside Atmautluak; 150.17 km from own boundary,,,"https://www.google.com/maps?q=60.85685837,-162.2765278",,,,,
{D4DC4358-AD2A-4F62-A059-4266EFCD6437},579,Fairbanks,University of Alaska Fairbanks - Poker Flat,65.125844,-147.490665,,22000,boundary,boundary_outside,review,inside no boundary; 27.69 km from own boundary,,,"https://www.google.com/maps?q=65.125844,-147.490665",,,,,
{D5803C6E-27CF-4FEB-A024-8178DC9ED46E},984,Kodiak,Kalsin Maintenance Station,57.588947,-152.435519,,3000,boundary,boundary_outside,review,inside no boundary; 20.05 km from own boundary,,,"https://www.google.com/maps?q=57.588947,-152.435519",,,,,
{D87C846D-981B-4E88-AB27-A2DDBF25E98C},357,Chefornak,Alaska Army National Guard,65.97994995,-161.131753,385,4600,boundary,boundary_mismatch,review,inside Buckland; 667.11 km from own boundary,,,"https://www.google.com/maps?q=65.97994995,-161.131753",,,,,
{D99442DA-9542-41C2-88DE-A2C473548FDD},314,Bettles Field,AT&T - Bettles - Kaaruck,67.667361,-149.824972,,5000,boundary,boundary_outside,review,inside no boundary; 110.07 km from own boundary,,,"https://www.google.com/maps?q=67.667361,-149.824972",,,,,
{E24B5472-872F-4239-A116-FC23CC2087AB},1101,McGrath,Federal Aviation Administration - McGrath - MCG,62.57034,-155.3641,,10000,boundary,boundary_outside,review,inside no boundary; 36.93 km from own boundary,,,"https://www.google.com/maps?q=62.57034,-155.3641",,,,,
{E2EBBB67-58E8-4EED-B69B-A03B77169EB6},1746,Wasilla,State of Alaska Department of Corrections - Goose Creek Corectional Center,61.360181,-150.012503,,77000,boundary,boundary_mismatch,review,inside Point MacKenzie; 32.93 km from own boundary,,,"https://www.google.com/maps?q=61.360181,-150.012503",,,,,
{E3EF8439-0613-41E1-B9C0-DC105BB3B3C0},931,Kiana,Alaska DOT&PF,65.98050676,-161.1384531,415,2900,boundary,boundary_mismatch,review,inside Buckland; 114.18 km from own boundary,,,"https://www.google.com/maps?q=65.98050676,-161.1384531",,,,,
{E6AB9F80-923B-43FA-B7E0-74FB0874B59A},1295,Palmer,AT&T - Palmer - Sheep Mountain,61.788126,-147.675583,,3000,boundary,boundary_mismatch,review,inside Glacier View; 76.36 km from own boundary,,,"https://www.google.com/maps?q=61.788126,-147.675583",,,,,
{E7B9AC7C-E3C6-4313-A350-5414BFE26A53},1197,Noatak,AVEC Power Plant,61.87844406,-162.084732,427,95300,boundary,boundary_mismatch,review,inside Marshall; 630.48 km from own boundary,,,"https://www.google.com/maps?q=61.87844406,-162.084732",,,,,
{EE035FC2-70D9-42A6-B940-D1F97F642616},1260,Nuiqsut,North Slope Borough - Wastewater Treatment Plant,70.48240452,-157.4253055,1095,2000,boundary,boundary_mismatch,review,inside Atqasuk; 245.12 km from own boundary,,,"https://www.google.com/maps?q=70.48240452,-157.4253055",,,,,
{EF7B6BA1-2FF6-404A-9A5F-01A83B09D969},1456,Sand Point,AK DOT&PF Sand Point,53.896944,-166.54,,2000,boundary,boundary_mismatch,review,inside Unalaska; 415.34 km from own boundary,,,"https://www.google.com/maps?q=53.896944,-166.54",,,,,
{F0FFCC8F-A5B7-4ADC-8C28-C7FC319FCDDB},656,Galena,Crowley Marine Services,66.564199,-145.2576394,,,boundary,boundary_mismatch,review,inside Fort Yukon; 564.71 km from own boundary,,,"https://www.google.com/maps?q=66.564199,-145.2576394",,,,,
{F3C6E0AA-DC43-46B0-9BBD-B22D1A9461DF},1652,Toksook Bay,Alaska Army National Guard,65.33271165,-166.4942242,377,4750,boundary,boundary_mismatch,review,inside Brevig Mission; 536.89 km from own boundary,,,"https://www.google.com/maps?q=65.33271165,-166.4942242",,,,,
{F495099F-BE9E-49DE-BD7B-1C31183F8BDE},671,Glennallen,AT&T,61.47272,-145.15216,,5000,boundary,boundary_outside,review,inside no boundary; 68.35 km from own boundary,,,"https://www.google.com/maps?q=61.47272,-145.15216",,,,,
{F5EA86DC-3AD5-4EBB-9B32-1E3296DE10A4},1385,Prudhoe Bay,AT&T - Prudhoe Bay - Tea Lake,60.427222,-150.653611,,1250,boundary,boundary_outside,review,inside no boundary; 1078.2 km from own boundary,,,"https://www.google.com/maps?q=60.427222,-150.653611",,,,,
{F9922F7E-63F1-4190-A7B0-695BCB54A77F},524,Eielson Afb,Eielson Airforce Base - Taylor Mountain,64.0264,-142.31425,,40000,boundary,boundary_outside,review,inside no boundary; 233.55 km from own boundary,,,"https://www.google.com/maps?q=64.0264,-142.31425",,,,,
{3EDD2A9C-65E1-4B69-95C6-B86EF44C2A59},1078,Lower Kalskag,Kuspuk School District,61.58083535,-159.5510516,108,142100,structural,shared_farm_id,high,"farm 108 sits in ANIAK but this record is labelled Lower Kalskag; position + total_capacity are the farm's, not Lower Kalskag's. farm's own record exists ({EE90D296-0F4B-47F2-A7ED-8AAE074E53AD})",,farm:108,"https://www.google.com/maps?q=61.58083535,-159.5510516",,,,,
{405CC19C-36AB-4808-8AB1-CDE994AED352},1701,Upper Kalskag,Kuspuk School District,61.58083535,-159.5510516,108,142100,structural,shared_farm_id,high,"farm 108 sits in ANIAK but this record is labelled Upper Kalskag; position + total_capacity are the farm's, not Upper Kalskag's. farm's own record exists ({EE90D296-0F4B-47F2-A7ED-8AAE074E53AD})",,farm:108,"https://www.google.com/maps?q=61.58083535,-159.5510516",,,,,
{A6656A06-FB6E-44F6-8DEB-0A79C30970C9},1403,Red Devil,Kuspuk School District,61.58083535,-159.5510516,108,142100,structural,shared_farm_id,high,"farm 108 sits in ANIAK but this record is labelled Red Devil; position + total_capacity are the farm's, not Red Devil's. farm's own record exists ({EE90D296-0F4B-47F2-A7ED-8AAE074E53AD})",,farm:108,"https://www.google.com/maps?q=61.58083535,-159.5510516",,,,,
{29A9858B-A138-476A-942F-BA787BE7179B},855,Kaktovik,North Slope Borough - Vacuum Building,70.48153169,-157.4250802,1087,2000,structural,shared_farm_id,high,"farm 1087 sits in ATQASUK but this record is labelled Kaktovik; position + total_capacity are the farm's, not Kaktovik's. farm's own record exists ({46B7841A-6BC9-41E3-A253-23EF7D0D8FC9})",,farm:1087,"https://www.google.com/maps?q=70.48153169,-157.4250802",,,,,
{32E46B3B-A68A-4AED-A995-44AABFBA609D},1259,Nuiqsut,North Slope Borough - Vacuum Building,70.48153169,-157.4250802,1087,2000,structural,shared_farm_id,high,"farm 1087 sits in ATQASUK but this record is labelled Nuiqsut; position + total_capacity are the farm's, not Nuiqsut's. farm's own record exists ({46B7841A-6BC9-41E3-A253-23EF7D0D8FC9})",,farm:1087,"https://www.google.com/maps?q=70.48153169,-157.4250802",,,,,
{678A81B7-2420-44FE-AABF-C45E6E48CC82},1352,Point Lay,North Slope Borough - Wastewater Treatment Plant,70.48240452,-157.4253055,1095,2000,structural,shared_farm_id,high,"farm 1095 sits in ATQASUK but this record is labelled Point Lay; position + total_capacity are the farm's, not Point Lay's. farm's own record exists ({D45BE12C-652A-4463-9CA9-3542B3E29AC2})",,farm:1095,"https://www.google.com/maps?q=70.48240452,-157.4253055",,,,,
{EE035FC2-70D9-42A6-B940-D1F97F642616},1260,Nuiqsut,North Slope Borough - Wastewater Treatment Plant,70.48240452,-157.4253055,1095,2000,structural,shared_farm_id,high,"farm 1095 sits in ATQASUK but this record is labelled Nuiqsut; position + total_capacity are the farm's, not Nuiqsut's. farm's own record exists ({D45BE12C-652A-4463-9CA9-3542B3E29AC2})",,farm:1095,"https://www.google.com/maps?q=70.48240452,-157.4253055",,,,,
{D16B7CA0-CE7A-4D65-864E-5B2599DECFA6},653,Galena,Frontier Flying Service,66.56796229,-145.25809,158,10500,structural,shared_farm_id,high,"farm 158 sits in FORT YUKON but this record is labelled Galena; position + total_capacity are the farm's, not Galena's. farm's own record exists ({58EE35A2-3A08-4BA7-BF4C-04E89E4D064C})",,farm:158,"https://www.google.com/maps?q=66.56796229,-145.25809",,,,,
{5283F15A-66DA-4487-8444-EC1A2C43934D},753,Hooper Bay,Yukon Fuel Company,64.73391882,-156.9188094,171,100000,structural,shared_farm_id,high,"farm 171 sits in GALENA but this record is labelled Hooper Bay; position + total_capacity are the farm's, not Hooper Bay's. farm's own record exists ({94FF39D9-B453-4A2D-BD74-6A160024C80D})",,farm:171,"https://www.google.com/maps?q=64.73391882,-156.9188094",,,,,
{509CF7C1-AE7E-4289-8EFE-3298B15AD90D},1742,Wales,Alaska Village Electric Cooperative (AVEC),67.08767141,-157.8567222,179,74530,structural,shared_farm_id,high,"farm 179 sits in AMBLER but this record is labelled Wales; position + total_capacity are the farm's, not Wales's. NO record labelled AMBLER: consider relabelling one row to keep the farm",,farm:179,"https://www.google.com/maps?q=67.08767141,-157.8567222",,,,,
{C9AFF599-4CD8-41B4-97E2-04CEFD79683A},721,Holy Cross,Alaska Village Electric Cooperative (AVEC),67.08767141,-157.8567222,179,74530,structural,shared_farm_id,high,"farm 179 sits in AMBLER but this record is labelled Holy Cross; position + total_capacity are the farm's, not Holy Cross's. NO record labelled AMBLER: consider relabelling one row to keep the farm",,farm:179,"https://www.google.com/maps?q=67.08767141,-157.8567222",,,,,
{4EB90598-665E-44BF-BABD-1D75C638BCF2},865,Kaltag,State of Alaska DOT&PF,64.87964972,-157.7186676,219,1000,structural,shared_farm_id,high,"farm 219 sits in KOYUKUK but this record is labelled Kaltag; position + total_capacity are the farm's, not Kaltag's. farm's own record exists ({267923CC-B079-457C-AE8E-665ECAC1C97E})",,farm:219,"https://www.google.com/maps?q=64.87964972,-157.7186676",,,,,
{60EDEA84-04E5-4ED4-912D-1CDA85E970A2},1670,Tununak,Alaska Army National Guard,65.33271165,-166.4942242,377,4750,structural,shared_farm_id,high,"farm 377 sits in BREVIG MISSION but this record is labelled Tununak; position + total_capacity are the farm's, not Tununak's. farm's own record exists ({43DD9874-FC62-4F32-AC8A-D99446EB7491})",,farm:377,"https://www.google.com/maps?q=65.33271165,-166.4942242",,,,,
{6EF0C04D-FA10-46F4-A9C4-91EC73504366},1181,Nightmute,Alaska Army National Guard,65.33271165,-166.4942242,377,4750,structural,shared_farm_id,high,"farm 377 sits in BREVIG MISSION but this record is labelled Nightmute; position + total_capacity are the farm's, not Nightmute's. farm's own record exists ({43DD9874-FC62-4F32-AC8A-D99446EB7491})",,farm:377,"https://www.google.com/maps?q=65.33271165,-166.4942242",,,,,
{743459E3-FCB1-4860-9E07-61BE3B6A04B3},1577,Stebbins,Alaska Army National Guard,65.33271165,-166.4942242,377,4750,structural,shared_farm_id,high,"farm 377 sits in BREVIG MISSION but this record is labelled Stebbins; position + total_capacity are the farm's, not Stebbins's. farm's own record exists ({43DD9874-FC62-4F32-AC8A-D99446EB7491})",,farm:377,"https://www.google.com/maps?q=65.33271165,-166.4942242",,,,,
{C558007A-A0AB-4C4D-A836-9CA4EA3BD493},373,Chevak,Alaska Army National Guard,65.33271165,-166.4942242,377,4750,structural,shared_farm_id,high,"farm 377 sits in BREVIG MISSION but this record is labelled Chevak; position + total_capacity are the farm's, not Chevak's. farm's own record exists ({43DD9874-FC62-4F32-AC8A-D99446EB7491})",,farm:377,"https://www.google.com/maps?q=65.33271165,-166.4942242",,,,,
{F3C6E0AA-DC43-46B0-9BBD-B22D1A9461DF},1652,Toksook Bay,Alaska Army National Guard,65.33271165,-166.4942242,377,4750,structural,shared_farm_id,high,"farm 377 sits in BREVIG MISSION but this record is labelled Toksook Bay; position + total_capacity are the farm's, not Toksook Bay's. farm's own record exists ({43DD9874-FC62-4F32-AC8A-D99446EB7491})",,farm:377,"https://www.google.com/maps?q=65.33271165,-166.4942242",,,,,
{5966569A-E364-492E-AF3E-4EE7DCE3828B},1014,Kongiganak,Alaska Army National Guard,65.97994995,-161.131753,385,4600,structural,shared_farm_id,high,"farm 385 sits in BUCKLAND but this record is labelled Kongiganak; position + total_capacity are the farm's, not Kongiganak's. farm's own record exists ({DE58A4B0-4535-43C7-A7EF-69081AB2F18A})",,farm:385,"https://www.google.com/maps?q=65.97994995,-161.131753",,,,,
{63C660C1-0960-4011-81E0-33F443CB730D},1043,Koyukuk,Alaska Army National Guard,65.97994995,-161.131753,385,4600,structural,shared_farm_id,high,"farm 385 sits in BUCKLAND but this record is labelled Koyukuk; position + total_capacity are the farm's, not Koyukuk's. farm's own record exists ({DE58A4B0-4535-43C7-A7EF-69081AB2F18A})",,farm:385,"https://www.google.com/maps?q=65.97994995,-161.131753",,,,,
{BA9A56A1-5224-45F0-B0DD-070DBFFB2559},1057,Kwigillingok,Alaska Army National Guard,65.97994995,-161.131753,385,4600,structural,shared_farm_id,high,"farm 385 sits in BUCKLAND but this record is labelled Kwigillingok; position + total_capacity are the farm's, not Kwigillingok's. farm's own record exists ({DE58A4B0-4535-43C7-A7EF-69081AB2F18A})",,farm:385,"https://www.google.com/maps?q=65.97994995,-161.131753",,,,,
{D87C846D-981B-4E88-AB27-A2DDBF25E98C},357,Chefornak,Alaska Army National Guard,65.97994995,-161.131753,385,4600,structural,shared_farm_id,high,"farm 385 sits in BUCKLAND but this record is labelled Chefornak; position + total_capacity are the farm's, not Chefornak's. farm's own record exists ({DE58A4B0-4535-43C7-A7EF-69081AB2F18A})",,farm:385,"https://www.google.com/maps?q=65.97994995,-161.131753",,,,,
{11C61E2B-C979-4D51-A901-5BDF8ABBF907},1351,Point Lay,North Slope Borough - Dept. of Municipal Services Bldg.,70.12919302,-143.6095718,397,4000,structural,shared_farm_id,high,"farm 397 sits in KAKTOVIK but this record is labelled Point Lay; position + total_capacity are the farm's, not Point Lay's. farm's own record exists ({80B22708-BF6D-46B9-AEB3-1AF02C2A7D4F})",,farm:397,"https://www.google.com/maps?q=70.12919302,-143.6095718",,,,,
{52EA8B6C-5DEE-4586-9B19-043A22000B12},1737,Wainwright,"SKW/Eskimos, Inc.",70.12871985,-143.6220736,403,200000,structural,shared_farm_id,high,"farm 403 sits in KAKTOVIK but this record is labelled Wainwright; position + total_capacity are the farm's, not Wainwright's. farm's own record exists ({EEFF47E2-0593-4707-A88F-5C25BC48F5D0})",,farm:403,"https://www.google.com/maps?q=70.12871985,-143.6220736",,,,,
{41F25397-8168-4A24-BE43-C7E6935BB5AB},1229,Noorvik,Northwest Arctic Borough School District,66.97150852,-160.4382573,408,54600,structural,shared_farm_id,high,"farm 408 sits in KIANA but this record is labelled Noorvik; position + total_capacity are the farm's, not Noorvik's. farm's own record exists ({E77A8666-C3DB-4AE5-ABD7-A169FFB122E7})",,farm:408,"https://www.google.com/maps?q=66.97150852,-160.4382573",,,,,
{2A288E05-E61D-4E46-AE4D-C7D9102802EA},1484,Selawik,"Alaska Village Electric Cooperative | 4831 Eagle Street | Anchorage, AK 99503",66.97392587,-160.4291164,410,120300,structural,shared_farm_id,high,"farm 410 sits in KIANA but this record is labelled Selawik; position + total_capacity are the farm's, not Selawik's. farm's own record exists ({7F9C4747-8957-4871-8E6F-F1ED7917FB36})",,farm:410,"https://www.google.com/maps?q=66.97392587,-160.4291164",,,,,
{A5398AFB-3BA8-40B9-8A1A-2886C4335A54},1488,Selawik,Alaska DOT&PF,65.98050676,-161.1384531,415,2900,structural,shared_farm_id,high,"farm 415 sits in BUCKLAND but this record is labelled Selawik; position + total_capacity are the farm's, not Selawik's. NO record labelled BUCKLAND: consider relabelling one row to keep the farm",,farm:415,"https://www.google.com/maps?q=65.98050676,-161.1384531",,,,,
{E3EF8439-0613-41E1-B9C0-DC105BB3B3C0},931,Kiana,Alaska DOT&PF,65.98050676,-161.1384531,415,2900,structural,shared_farm_id,high,"farm 415 sits in BUCKLAND but this record is labelled Kiana; position + total_capacity are the farm's, not Kiana's. NO record labelled BUCKLAND: consider relabelling one row to keep the farm",,farm:415,"https://www.google.com/maps?q=65.98050676,-161.1384531",,,,,
{C8EC9D39-F5C7-4B8E-94A5-4B7BE891EF44},1470,Savoonga,Presbyterian Church,63.77911319,-171.7340584,565,2700,structural,shared_farm_id,high,"farm 565 sits in GAMBELL but this record is labelled Savoonga; position + total_capacity are the farm's, not Savoonga's. farm's own record exists ({ECBCD8D2-3AC3-4138-99A9-100BBD56D4ED})",,farm:565,"https://www.google.com/maps?q=63.77911319,-171.7340584",,,,,
{67812973-1F5E-4F2F-9E8E-A8FEDA823FAF},1619,Teller,Bering Straits School District,65.33289523,-166.4864243,694,52000,structural,shared_farm_id,high,"farm 694 sits in BREVIG MISSION but this record is labelled Teller; position + total_capacity are the farm's, not Teller's. NO record labelled BREVIG MISSION: consider relabelling one row to keep the farm",,farm:694,"https://www.google.com/maps?q=65.33289523,-166.4864243",,,,,
{7A206A94-00D4-4121-BA0A-35593A0FADDC},1441,Saint Michael,Bering Straits School District,65.33289523,-166.4864243,694,52000,structural,shared_farm_id,high,"farm 694 sits in BREVIG MISSION but this record is labelled Saint Michael; position + total_capacity are the farm's, not Saint Michael's. NO record labelled BREVIG MISSION: consider relabelling one row to keep the farm",,farm:694,"https://www.google.com/maps?q=65.33289523,-166.4864243",,,,,
{8970B1E0-DE4E-4A98-8A1B-5C858F18F05A},1467,Savoonga,Bering Straits School District,65.33289523,-166.4864243,694,52000,structural,shared_farm_id,high,"farm 694 sits in BREVIG MISSION but this record is labelled Savoonga; position + total_capacity are the farm's, not Savoonga's. NO record labelled BREVIG MISSION: consider relabelling one row to keep the farm",,farm:694,"https://www.google.com/maps?q=65.33289523,-166.4864243",,,,,
{3758A00D-FA89-45EA-85FB-DE30F19E5DBC},1756,White Mountain,ADOT/Airport,63.51568716,-162.2855574,706,3000,structural,shared_farm_id,high,"farm 706 sits in STEBBINS but this record is labelled White Mountain; position + total_capacity are the farm's, not White Mountain's. farm's own record exists ({95AE33D6-5B7B-453A-AC8B-95782D829675})",,farm:706,"https://www.google.com/maps?q=63.51568716,-162.2855574",,,,,
{5C01B036-AAC1-4876-BF5E-30428802A639},355,Chefornak,Lower Kuskokwim School District,60.85685837,-162.2765278,710,24700,structural,shared_farm_id,high,"farm 710 sits in ATMAUTLUAK but this record is labelled Chefornak; position + total_capacity are the farm's, not Chefornak's. NO record labelled ATMAUTLUAK: consider relabelling one row to keep the farm",,farm:710,"https://www.google.com/maps?q=60.85685837,-162.2765278",,,,,
{72E67206-F008-47E9-AE98-4C85EAD98765},950,Kipnuk,Lower Kuskokwim School District,60.85685837,-162.2765278,710,24700,structural,shared_farm_id,high,"farm 710 sits in ATMAUTLUAK but this record is labelled Kipnuk; position + total_capacity are the farm's, not Kipnuk's. NO record labelled ATMAUTLUAK: consider relabelling one row to keep the farm",,farm:710,"https://www.google.com/maps?q=60.85685837,-162.2765278",,,,,
{96705E92-63AB-41A0-B0E8-52639E90CEC8},1664,Tuntutuliak,Lower Kuskokwim School District,60.85685837,-162.2765278,710,24700,structural,shared_farm_id,high,"farm 710 sits in ATMAUTLUAK but this record is labelled Tuntutuliak; position + total_capacity are the farm's, not Tuntutuliak's. NO record labelled ATMAUTLUAK: consider relabelling one row to keep the farm",,farm:710,"https://www.google.com/maps?q=60.85685837,-162.2765278",,,,,
{AE061686-3F3E-4156-A901-5DDB6E3F0237},1179,Nightmute,Lower Kuskokwim School District,60.85685837,-162.2765278,710,24700,structural,shared_farm_id,high,"farm 710 sits in ATMAUTLUAK but this record is labelled Nightmute; position + total_capacity are the farm's, not Nightmute's. NO record labelled ATMAUTLUAK: consider relabelling one row to keep the farm",,farm:710,"https://www.google.com/maps?q=60.85685837,-162.2765278",,,,,
{D32639C4-3E15-4313-904F-B53FE9C4C207},1666,Tununak,Lower Kuskokwim School District,60.85685837,-162.2765278,710,24700,structural,shared_farm_id,high,"farm 710 sits in ATMAUTLUAK but this record is labelled Tununak; position + total_capacity are the farm's, not Tununak's. NO record labelled ATMAUTLUAK: consider relabelling one row to keep the farm",,farm:710,"https://www.google.com/maps?q=60.85685837,-162.2765278",,,,,
{29A9858B-A138-476A-942F-BA787BE7179B},855,Kaktovik,North Slope Borough - Vacuum Building,70.48153169,-157.4250802,1087,2000,structural,shared_point_labels,high,"same point as records labelled ATQASUK, NUIQSUT",,point:-130241:2280942,"https://www.google.com/maps?q=70.48153169,-157.4250802",,,,,
{32E46B3B-A68A-4AED-A995-44AABFBA609D},1259,Nuiqsut,North Slope Borough - Vacuum Building,70.48153169,-157.4250802,1087,2000,structural,shared_point_labels,high,"same point as records labelled ATQASUK, KAKTOVIK",,point:-130241:2280942,"https://www.google.com/maps?q=70.48153169,-157.4250802",,,,,
{46B7841A-6BC9-41E3-A253-23EF7D0D8FC9},281,Atqasuk,North Slope Borough - Vacuum Building,70.48153169,-157.4250802,1087,2000,structural,shared_point_labels,high,"same point as records labelled KAKTOVIK, NUIQSUT",,point:-130241:2280942,"https://www.google.com/maps?q=70.48153169,-157.4250802",,,,,
{678A81B7-2420-44FE-AABF-C45E6E48CC82},1352,Point Lay,North Slope Borough - Wastewater Treatment Plant,70.48240452,-157.4253055,1095,2000,structural,shared_point_labels,high,"same point as records labelled ATQASUK, NUIQSUT",,point:-130245:2281038,"https://www.google.com/maps?q=70.48240452,-157.4253055",,,,,
{D45BE12C-652A-4463-9CA9-3542B3E29AC2},280,Atqasuk,North Slope Borough - Wastewater Treatment Plant,70.48240452,-157.4253055,1095,2000,structural,shared_point_labels,high,"same point as records labelled NUIQSUT, POINT LAY",,point:-130245:2281038,"https://www.google.com/maps?q=70.48240452,-157.4253055",,,,,
{EE035FC2-70D9-42A6-B940-D1F97F642616},1260,Nuiqsut,North Slope Borough - Wastewater Treatment Plant,70.48240452,-157.4253055,1095,2000,structural,shared_point_labels,high,"same point as records labelled ATQASUK, POINT LAY",,point:-130245:2281038,"https://www.google.com/maps?q=70.48240452,-157.4253055",,,,,
{5283F15A-66DA-4487-8444-EC1A2C43934D},753,Hooper Bay,Yukon Fuel Company,64.73391882,-156.9188094,171,100000,structural,shared_point_labels,high,same point as records labelled GALENA,,point:-138956:1644436,"https://www.google.com/maps?q=64.73391882,-156.9188094",,,,,
{94FF39D9-B453-4A2D-BD74-6A160024C80D},648,Galena,Yukon Fuel Company,64.73391882,-156.9188094,171,100000,structural,shared_point_labels,high,same point as records labelled HOOPER BAY,,point:-138956:1644436,"https://www.google.com/maps?q=64.73391882,-156.9188094",,,,,
{509CF7C1-AE7E-4289-8EFE-3298B15AD90D},1742,Wales,Alaska Village Electric Cooperative (AVEC),67.08767141,-157.8567222,179,74530,structural,shared_point_labels,high,same point as records labelled HOLY CROSS,,point:-168360:1908210,"https://www.google.com/maps?q=67.08767141,-157.8567222",,,,,
{C9AFF599-4CD8-41B4-97E2-04CEFD79683A},721,Holy Cross,Alaska Village Electric Cooperative (AVEC),67.08767141,-157.8567222,179,74530,structural,shared_point_labels,high,same point as records labelled WALES,,point:-168360:1908210,"https://www.google.com/maps?q=67.08767141,-157.8567222",,,,,
{267923CC-B079-457C-AE8E-665ECAC1C97E},1044,Koyukuk,State of Alaska DOT&PF,64.87964972,-157.7186676,219,1000,structural,shared_point_labels,high,same point as records labelled KALTAG,,point:-176089:1662566,"https://www.google.com/maps?q=64.87964972,-157.7186676",,,,,
{4EB90598-665E-44BF-BABD-1D75C638BCF2},865,Kaltag,State of Alaska DOT&PF,64.87964972,-157.7186676,219,1000,structural,shared_point_labels,high,same point as records labelled KOYUKUK,,point:-176089:1662566,"https://www.google.com/maps?q=64.87964972,-157.7186676",,,,,
{2A288E05-E61D-4E46-AE4D-C7D9102802EA},1484,Selawik,"Alaska Village Electric Cooperative | 4831 Eagle Street | Anchorage, AK 99503",66.97392587,-160.4291164,410,120300,structural,shared_point_labels,high,same point as records labelled KIANA,,point:-281594:1904337,"https://www.google.com/maps?q=66.97392587,-160.4291164",,,,,
{7F9C4747-8957-4871-8E6F-F1ED7917FB36},927,Kiana,"Alaska Village Electric Cooperative | 4831 Eagle Street | Anchorage, AK 99503",66.97392587,-160.4291164,410,120300,structural,shared_point_labels,high,same point as records labelled SELAWIK,,point:-281594:1904337,"https://www.google.com/maps?q=66.97392587,-160.4291164",,,,,
{41F25397-8168-4A24-BE43-C7E6935BB5AB},1229,Noorvik,Northwest Arctic Borough School District,66.97150852,-160.4382573,408,54600,structural,shared_point_labels,high,same point as records labelled KIANA,,point:-282019:1904108,"https://www.google.com/maps?q=66.97150852,-160.4382573",,,,,
{E77A8666-C3DB-4AE5-ABD7-A169FFB122E7},932,Kiana,Northwest Arctic Borough School District,66.97150852,-160.4382573,408,54600,structural,shared_point_labels,high,same point as records labelled NOORVIK,,point:-282019:1904108,"https://www.google.com/maps?q=66.97150852,-160.4382573",,,,,
{3EDD2A9C-65E1-4B69-95C6-B86EF44C2A59},1078,Lower Kalskag,Kuspuk School District,61.58083535,-159.5510516,108,142100,structural,shared_point_labels,high,"same point as records labelled ANIAK, RED DEVIL, UPPER KALSKAG",,point:-293458:1301370,"https://www.google.com/maps?q=61.58083535,-159.5510516",,,,,
{405CC19C-36AB-4808-8AB1-CDE994AED352},1701,Upper Kalskag,Kuspuk School District,61.58083535,-159.5510516,108,142100,structural,shared_point_labels,high,"same point as records labelled ANIAK, LOWER KALSKAG, RED DEVIL",,point:-293458:1301370,"https://www.google.com/maps?q=61.58083535,-159.5510516",,,,,
{A6656A06-FB6E-44F6-8DEB-0A79C30970C9},1403,Red Devil,Kuspuk School District,61.58083535,-159.5510516,108,142100,structural,shared_point_labels,high,"same point as records labelled ANIAK, LOWER KALSKAG, UPPER KALSKAG",,point:-293458:1301370,"https://www.google.com/maps?q=61.58083535,-159.5510516",,,,,
{EE90D296-0F4B-47F2-A7ED-8AAE074E53AD},240,Aniak,Kuspuk School District,61.58083535,-159.5510516,108,142100,structural,shared_point_labels,high,"same point as records labelled LOWER KALSKAG, RED DEVIL, UPPER KALSKAG",,point:-293458:1301370,"https://www.google.com/maps?q=61.58083535,-159.5510516",,,,,
{5966569A-E364-492E-AF3E-4EE7DCE3828B},1014,Kongiganak,Alaska Army National Guard,65.97994995,-161.131753,385,4600,structural,shared_point_labels,high,"same point as records labelled BUCKLAND, CHEFORNAK, KOYUKUK, KWIGILLINGOK",,point:-324098:1797633,"https://www.google.com/maps?q=65.97994995,-161.131753",,,,,
{63C660C1-0960-4011-81E0-33F443CB730D},1043,Koyukuk,Alaska Army National Guard,65.97994995,-161.131753,385,4600,structural,shared_point_labels,high,"same point as records labelled BUCKLAND, CHEFORNAK, KONGIGANAK, KWIGILLINGOK",,point:-324098:1797633,"https://www.google.com/maps?q=65.97994995,-161.131753",,,,,
{BA9A56A1-5224-45F0-B0DD-070DBFFB2559},1057,Kwigillingok,Alaska Army National Guard,65.97994995,-161.131753,385,4600,structural,shared_point_labels,high,"same point as records labelled BUCKLAND, CHEFORNAK, KONGIGANAK, KOYUKUK",,point:-324098:1797633,"https://www.google.com/maps?q=65.97994995,-161.131753",,,,,
{D87C846D-981B-4E88-AB27-A2DDBF25E98C},357,Chefornak,Alaska Army National Guard,65.97994995,-161.131753,385,4600,structural,shared_point_labels,high,"same point as records labelled BUCKLAND, KONGIGANAK, KOYUKUK, KWIGILLINGOK",,point:-324098:1797633,"https://www.google.com/maps?q=65.97994995,-161.131753",,,,,
{DE58A4B0-4535-43C7-A7EF-69081AB2F18A},334,Buckland,Alaska Army National Guard,65.97994995,-161.131753,385,4600,structural,shared_point_labels,high,"same point as records labelled CHEFORNAK, KONGIGANAK, KOYUKUK, KWIGILLINGOK",,point:-324098:1797633,"https://www.google.com/maps?q=65.97994995,-161.131753",,,,,
{A5398AFB-3BA8-40B9-8A1A-2886C4335A54},1488,Selawik,Alaska DOT&PF,65.98050676,-161.1384531,415,2900,structural,shared_point_labels,high,same point as records labelled KIANA,,point:-324395:1797727,"https://www.google.com/maps?q=65.98050676,-161.1384531",,,,,
{E3EF8439-0613-41E1-B9C0-DC105BB3B3C0},931,Kiana,Alaska DOT&PF,65.98050676,-161.1384531,415,2900,structural,shared_point_labels,high,same point as records labelled SELAWIK,,point:-324395:1797727,"https://www.google.com/maps?q=65.98050676,-161.1384531",,,,,
{3758A00D-FA89-45EA-85FB-DE30F19E5DBC},1756,White Mountain,ADOT/Airport,63.51568716,-162.2855574,706,3000,structural,shared_point_labels,high,same point as records labelled STEBBINS,,point:-410477:1531029,"https://www.google.com/maps?q=63.51568716,-162.2855574",,,,,
{95AE33D6-5B7B-453A-AC8B-95782D829675},1579,Stebbins,ADOT/airport,63.51568716,-162.2855574,706,3000,structural,shared_point_labels,high,same point as records labelled WHITE MOUNTAIN,,point:-410477:1531029,"https://www.google.com/maps?q=63.51568716,-162.2855574",,,,,
{5C01B036-AAC1-4876-BF5E-30428802A639},355,Chefornak,Lower Kuskokwim School District,60.85685837,-162.2765278,710,24700,structural,shared_point_labels,high,"same point as records labelled KIPNUK, NIGHTMUTE, TUNTUTULIAK, TUNUNAK",,point:-446983:1236014,"https://www.google.com/maps?q=60.85685837,-162.2765278",,,,,
{72E67206-F008-47E9-AE98-4C85EAD98765},950,Kipnuk,Lower Kuskokwim School District,60.85685837,-162.2765278,710,24700,structural,shared_point_labels,high,"same point as records labelled CHEFORNAK, NIGHTMUTE, TUNTUTULIAK, TUNUNAK",,point:-446983:1236014,"https://www.google.com/maps?q=60.85685837,-162.2765278",,,,,
{96705E92-63AB-41A0-B0E8-52639E90CEC8},1664,Tuntutuliak,Lower Kuskokwim School District,60.85685837,-162.2765278,710,24700,structural,shared_point_labels,high,"same point as records labelled CHEFORNAK, KIPNUK, NIGHTMUTE, TUNUNAK",,point:-446983:1236014,"https://www.google.com/maps?q=60.85685837,-162.2765278",,,,,
{AE061686-3F3E-4156-A901-5DDB6E3F0237},1179,Nightmute,Lower Kuskokwim School District,60.85685837,-162.2765278,710,24700,structural,shared_point_labels,high,"same point as records labelled CHEFORNAK, KIPNUK, TUNTUTULIAK, TUNUNAK",,point:-446983:1236014,"https://www.google.com/maps?q=60.85685837,-162.2765278",,,,,
{D32639C4-3E15-4313-904F-B53FE9C4C207},1666,Tununak,Lower Kuskokwim School District,60.85685837,-162.2765278,710,24700,structural,shared_point_labels,high,"same point as records labelled CHEFORNAK, KIPNUK, NIGHTMUTE, TUNTUTULIAK",,point:-446983:1236014,"https://www.google.com/maps?q=60.85685837,-162.2765278",,,,,
{67812973-1F5E-4F2F-9E8E-A8FEDA823FAF},1619,Teller,Bering Straits School District,65.33289523,-166.4864243,694,52000,structural,shared_point_labels,high,"same point as records labelled SAVOONGA, ST MICHAEL",,point:-578654:1762719,"https://www.google.com/maps?q=65.33289523,-166.4864243",,,,,
{7A206A94-00D4-4121-BA0A-35593A0FADDC},1441,Saint Michael,Bering Straits School District,65.33289523,-166.4864243,694,52000,structural,shared_point_labels,high,"same point as records labelled SAVOONGA, TELLER",,point:-578654:1762719,"https://www.google.com/maps?q=65.33289523,-166.4864243",,,,,
{8970B1E0-DE4E-4A98-8A1B-5C858F18F05A},1467,Savoonga,Bering Straits School District,65.33289523,-166.4864243,694,52000,structural,shared_point_labels,high,"same point as records labelled ST MICHAEL, TELLER",,point:-578654:1762719,"https://www.google.com/maps?q=65.33289523,-166.4864243",,,,,
{43DD9874-FC62-4F32-AC8A-D99446EB7491},326,Brevig Mission,Alaska Army National Guard,65.33271165,-166.4942242,377,4750,structural,shared_point_labels,high,"same point as records labelled CHEVAK, NIGHTMUTE, STEBBINS, TOKSOOK BAY, TUNUNAK",,point:-579015:1762766,"https://www.google.com/maps?q=65.33271165,-166.4942242",,,,,
{60EDEA84-04E5-4ED4-912D-1CDA85E970A2},1670,Tununak,Alaska Army National Guard,65.33271165,-166.4942242,377,4750,structural,shared_point_labels,high,"same point as records labelled BREVIG MISSION, CHEVAK, NIGHTMUTE, STEBBINS, TOKSOOK BAY",,point:-579015:1762766,"https://www.google.com/maps?q=65.33271165,-166.4942242",,,,,
{6EF0C04D-FA10-46F4-A9C4-91EC73504366},1181,Nightmute,Alaska Army National Guard,65.33271165,-166.4942242,377,4750,structural,shared_point_labels,high,"same point as records labelled BREVIG MISSION, CHEVAK, STEBBINS, TOKSOOK BAY, TUNUNAK",,point:-579015:1762766,"https://www.google.com/maps?q=65.33271165,-166.4942242",,,,,
{743459E3-FCB1-4860-9E07-61BE3B6A04B3},1577,Stebbins,Alaska Army National Guard,65.33271165,-166.4942242,377,4750,structural,shared_point_labels,high,"same point as records labelled BREVIG MISSION, CHEVAK, NIGHTMUTE, TOKSOOK BAY, TUNUNAK",,point:-579015:1762766,"https://www.google.com/maps?q=65.33271165,-166.4942242",,,,,
{C558007A-A0AB-4C4D-A836-9CA4EA3BD493},373,Chevak,Alaska Army National Guard,65.33271165,-166.4942242,377,4750,structural,shared_point_labels,high,"same point as records labelled BREVIG MISSION, NIGHTMUTE, STEBBINS, TOKSOOK BAY, TUNUNAK",,point:-579015:1762766,"https://www.google.com/maps?q=65.33271165,-166.4942242",,,,,
{F3C6E0AA-DC43-46B0-9BBD-B22D1A9461DF},1652,Toksook Bay,Alaska Army National Guard,65.33271165,-166.4942242,377,4750,structural,shared_point_labels,high,"same point as records labelled BREVIG MISSION, CHEVAK, NIGHTMUTE, STEBBINS, TUNUNAK",,point:-579015:1762766,"https://www.google.com/maps?q=65.33271165,-166.4942242",,,,,
{EF7B6BA1-2FF6-404A-9A5F-01A83B09D969},1456,Sand Point,AK DOT&PF Sand Point,53.896944,-166.54,,2000,structural,shared_point_labels,high,same point as records labelled UNALASKA,,point:-820756:509144,"https://www.google.com/maps?q=53.896944,-166.54",,,,,
{C8EC9D39-F5C7-4B8E-94A5-4B7BE891EF44},1470,Savoonga,Presbyterian Church,63.77911319,-171.7340584,565,2700,structural,shared_point_labels,high,same point as records labelled GAMBELL,,point:-862657:1650682,"https://www.google.com/maps?q=63.77911319,-171.7340584",,,,,
{ECBCD8D2-3AC3-4138-99A9-100BBD56D4ED},660,Gambell,Presbyterian Church,63.77911319,-171.7340584,565,2700,structural,shared_point_labels,high,same point as records labelled SAVOONGA,,point:-862657:1650682,"https://www.google.com/maps?q=63.77911319,-171.7340584",,,,,
{58EE35A2-3A08-4BA7-BF4C-04E89E4D064C},630,Fort Yukon,Frontier Flying Service,66.56796229,-145.25809,158,10500,structural,shared_point_labels,high,same point as records labelled GALENA,,point:388304:1871199,"https://www.google.com/maps?q=66.56796229,-145.25809",,,,,
{D16B7CA0-CE7A-4D65-864E-5B2599DECFA6},653,Galena,Frontier Flying Service,66.56796229,-145.25809,158,10500,structural,shared_point_labels,high,same point as records labelled FORT YUKON,,point:388304:1871199,"https://www.google.com/maps?q=66.56796229,-145.25809",,,,,
{24C9FD54-6B5B-4128-A231-C770333A63C0},638,Fort Yukon,Crowley Marine Services,66.564199,-145.2576394,,,structural,shared_point_labels,high,same point as records labelled GALENA,,point:388379:1870787,"https://www.google.com/maps?q=66.564199,-145.2576394",,,,,
{F0FFCC8F-A5B7-4ADC-8C28-C7FC319FCDDB},656,Galena,Crowley Marine Services,66.564199,-145.2576394,,,structural,shared_point_labels,high,same point as records labelled FORT YUKON,,point:388379:1870787,"https://www.google.com/maps?q=66.564199,-145.2576394",,,,,
{52EA8B6C-5DEE-4586-9B19-043A22000B12},1737,Wainwright,"SKW/Eskimos, Inc.",70.12871985,-143.6220736,403,200000,structural,shared_point_labels,high,same point as records labelled KAKTOVIK,,point:399212:2270201,"https://www.google.com/maps?q=70.12871985,-143.6220736",,,,,
{EEFF47E2-0593-4707-A88F-5C25BC48F5D0},849,Kaktovik,"SKW/Eskimos, Inc.",70.12871985,-143.6220736,403,200000,structural,shared_point_labels,high,same point as records labelled WAINWRIGHT,,point:399212:2270201,"https://www.google.com/maps?q=70.12871985,-143.6220736",,,,,
{11C61E2B-C979-4D51-A901-5BDF8ABBF907},1351,Point Lay,North Slope Borough - Dept. of Municipal Services Bldg.,70.12919302,-143.6095718,397,4000,structural,shared_point_labels,high,same point as records labelled KAKTOVIK,,point:399680:2270328,"https://www.google.com/maps?q=70.12919302,-143.6095718",,,,,
{80B22708-BF6D-46B9-AEB3-1AF02C2A7D4F},843,Kaktovik,North Slope Borough - Dept. of Municipal Services Bldg.,70.12919302,-143.6095718,397,4000,structural,shared_point_labels,high,same point as records labelled POINT LAY,,point:399680:2270328,"https://www.google.com/maps?q=70.12919302,-143.6095718",,,,,
{11C61E2B-C979-4D51-A901-5BDF8ABBF907},1351,Point Lay,North Slope Borough - Dept. of Municipal Services Bldg.,70.12919302,-143.6095718,397,4000,structural,map_point_disagrees,high,"map point is 753.7 km from lat/lon; map point = 69.74353, -163.00189",latitude;longitude -> 69.743530;-163.001892,,"https://www.google.com/maps?q=70.12919302,-143.6095718",,,,,
{32574618-B703-4A8E-85F9-35EC4E4EA4A9},1317,Pilot Point,AK DOT&PF Pilot Point,57.578333,-157.053889,,1000,structural,one_digit_typo,high,31 km from the PILOT POINT cluster; editing one digit of longitude to -157.5539 lands within 3 km,longitude -> -157.553900,,"https://www.google.com/maps?q=57.578333,-157.053889",,,,,
{3EDD2A9C-65E1-4B69-95C6-B86EF44C2A59},1078,Lower Kalskag,Kuspuk School District,61.58083535,-159.5510516,108,142100,structural,map_point_disagrees,high,"map point is 16.0 km from lat/lon; map point = 61.57312, -159.24902",latitude;longitude -> 61.573120;-159.249023,,"https://www.google.com/maps?q=61.58083535,-159.5510516",,,,,
{405CC19C-36AB-4808-8AB1-CDE994AED352},1701,Upper Kalskag,Kuspuk School District,61.58083535,-159.5510516,108,142100,structural,map_point_disagrees,high,"map point is 16.0 km from lat/lon; map point = 61.57312, -159.24902",latitude;longitude -> 61.573120;-159.249023,,"https://www.google.com/maps?q=61.58083535,-159.5510516",,,,,
{41F25397-8168-4A24-BE43-C7E6935BB5AB},1229,Noorvik,Northwest Arctic Borough School District,66.97150852,-160.4382573,408,54600,structural,map_point_disagrees,high,"map point is 30.8 km from lat/lon; map point = 66.83289, -161.04431",latitude;longitude -> 66.832886;-161.044312,,"https://www.google.com/maps?q=66.97150852,-160.4382573",,,,,
{5283F15A-66DA-4487-8444-EC1A2C43934D},753,Hooper Bay,Yukon Fuel Company,64.73391882,-156.9188094,171,100000,structural,map_point_disagrees,high,"map point is 583.8 km from lat/lon; map point = 61.52991, -166.10370",latitude;longitude -> 61.529907;-166.103699,,"https://www.google.com/maps?q=64.73391882,-156.9188094",,,,,
{A6656A06-FB6E-44F6-8DEB-0A79C30970C9},1403,Red Devil,Kuspuk School District,61.58083535,-159.5510516,108,142100,structural,map_point_disagrees,high,"map point is 16.0 km from lat/lon; map point = 61.57312, -159.24902",latitude;longitude -> 61.573120;-159.249023,,"https://www.google.com/maps?q=61.58083535,-159.5510516",,,,,
{878BC716-270E-4C3D-A08A-4C69C561E231},1803,Kalskag,"Morgan's Fuel Service, Kalskag",,,,,structural,spelling_variants,medium,"community id {50BD3072-1166-4F66-BB42-2E68C28DE654} is spelled ['Kalskag', 'Upper Kalskag']; most common: Upper Kalskag",community_name -> Upper Kalskag,cid:{50BD3072-1166-4F66-BB42-2E68C28DE654},,,,,,
{AEE8ACD5-5A8B-4579-B55C-5FDE743EBC66},1809,St. George,"Delta Western, St. George",,,,,structural,spelling_variants,medium,"community id {55AFA1A4-5677-44A5-A22C-9F9D370747CE} is spelled ['Saint George', 'St. George']; most common: Saint George",community_name -> Saint George,cid:{55AFA1A4-5677-44A5-A22C-9F9D370747CE},,,,,,
{F3E0DE08-0FD6-4919-BEE4-F765A692A71A},1823,St. George,"Delta Western, St. George (Mobile)",,,,,structural,spelling_variants,medium,"community id {55AFA1A4-5677-44A5-A22C-9F9D370747CE} is spelled ['Saint George', 'St. George']; most common: Saint George",community_name -> Saint George,cid:{55AFA1A4-5677-44A5-A22C-9F9D370747CE},,,,,,
{3DD9A650-CE44-4918-B034-D82AF417BEF1},1791,St. Mary's,"CPD Alaska, St. Mary's",,,,,structural,spelling_variants,medium,"community id {8AB67F75-EAB7-4DEB-8885-83230D155E9C} is spelled [""Saint Mary's"", ""St. Mary's""]; most common: Saint Mary's",community_name -> Saint Mary's,cid:{8AB67F75-EAB7-4DEB-8885-83230D155E9C},,,,,,
{31BBFA6C-90AD-4ACF-B8A0-A25868373F07},1787,St. Paul,"Trident Seafoods, St. Paul",,,,,structural,spelling_variants,medium,"community id {B7D914E8-D125-49F0-B374-8AE610E5DBC7} is spelled ['Saint Paul', 'St. Paul']; most common: Saint Paul",community_name -> Saint Paul,cid:{B7D914E8-D125-49F0-B374-8AE610E5DBC7},,,,,,
{F82686D1-FA4A-47B8-84CD-E00DB30C843C},1826,St. Paul,"Delta Western Fixed, St. Paul",,,,,structural,spelling_variants,medium,"community id {B7D914E8-D125-49F0-B374-8AE610E5DBC7} is spelled ['Saint Paul', 'St. Paul']; most common: Saint Paul",community_name -> Saint Paul,cid:{B7D914E8-D125-49F0-B374-8AE610E5DBC7},,,,,,
{FA1F5BF7-9E47-47F2-97D1-CC25786A50B2},1828,St. Paul,"St. Paul Fuel LLC (Mobile), St. Paul",,,,,structural,spelling_variants,medium,"community id {B7D914E8-D125-49F0-B374-8AE610E5DBC7} is spelled ['Saint Paul', 'St. Paul']; most common: Saint Paul",community_name -> Saint Paul,cid:{B7D914E8-D125-49F0-B374-8AE610E5DBC7},,,,,,
{0348C10F-900C-4DEE-B116-5841EADCA147},1685,Unalakleet,GCI Communication Corp. - Unalakleet/Blueberry Repeater,63.9887,-160.883394,,9000,boundary,boundary_outside,low,inside no boundary; 8.89 km from own boundary,,,"https://www.google.com/maps?q=63.9887,-160.883394",,,,,
{0382E721-45D3-49C3-AA1A-07F5088F21E7},1214,Nome,GCI Communication Corp. - Cape Nome Microwave Repeater,64.452517,-164.996342,,9000,boundary,boundary_outside,low,inside no boundary; 16.37 km from own boundary,,,"https://www.google.com/maps?q=64.452517,-164.996342",,,,,
{0616261B-5C6C-4C13-A78B-D76C3F4C4780},990,Kodiak,Kodiak Island Borough School District - Kodiak Peterson Elementary School,57.747064,-152.495672,,4000,boundary,boundary_mismatch,low,inside Kodiak Station; 3.86 km from own boundary,,,"https://www.google.com/maps?q=57.747064,-152.495672",,,,,
{0C8FE23A-EFDE-4FF0-8A74-D3F9F8D2A0F7},1311,Petersburg,State of Alaska Department of Fish and Game - Petersburg,56.612645,-132.821937,,1000,boundary,boundary_outside,low,inside no boundary; 10.85 km from own boundary,,,"https://www.google.com/maps?q=56.612645,-132.821937",,,,,
{0FA216D2-7ACC-4EFF-AA2B-EEB5F7C95A78},598,Fairbanks,Federal Aviation Administration - Fairbanks - FAI ATCT SX/Boiler,64.81086015,-147.8480595,,3500,boundary,boundary_mismatch,low,inside South Van Horn; 2.81 km from own boundary,,,"https://www.google.com/maps?q=64.81086015,-147.8480595",,,,,
{12A13951-6E36-475D-8947-BB0A95EB953D},383,Chignik Lagoon,State of Alaska Department of Fish and Game - Chignik River,56.26295,-158.70535,,3200,boundary,boundary_outside,low,inside no boundary; 8.71 km from own boundary,,,"https://www.google.com/maps?q=56.26295,-158.70535",,,,,
{12AB835A-E2CA-498A-B5EB-BA0FDA8EBD71},1085,Manokotak,Manokotak Airport Maintenance Station,58.9376,-158.8995,,5500,boundary,boundary_outside,low,inside no boundary; 2.07 km from own boundary,,,"https://www.google.com/maps?q=58.9376,-158.8995",,,,,
{18E12583-BE85-4409-BB78-FE88AF66E31D},1234,North Pole,Colaska - North Pole - Southside,64.794104,-147.569191,,5000,boundary,boundary_mismatch,low,inside Badger; 7.03 km from own boundary,,,"https://www.google.com/maps?q=64.794104,-147.569191",,,,,
{1A2F20D8-0EC8-48FB-BF8A-3CD11F54461A},588,Fairbanks,Ester Gas,64.844124,-148.010438,,4000,boundary,boundary_mismatch,low,inside Ester; 9.04 km from own boundary,,,"https://www.google.com/maps?q=64.844124,-148.010438",,,,,
{1C49E7B5-4A11-4F71-8688-C1B006050B00},902,Kenai,Hilcorp - Kenai Gas Field - Pad 41-18,60.474677,-151.274396,,1000,boundary,boundary_mismatch,low,inside Kalifornsky; 4.74 km from own boundary,,,"https://www.google.com/maps?q=60.474677,-151.274396",,,,,
{248652B4-D9D2-4A72-90D6-67D7D8F1B4FB},996,Kodiak,Federal Aviation Administration - Woody Island - ODK - VOR,57.77503,-152.3398,,2000,boundary,boundary_outside,low,inside no boundary; 2.8 km from own boundary,,,"https://www.google.com/maps?q=57.77503,-152.3398",,,,,
{2987CCEB-7A5C-41D0-A9DE-C028E4D0605D},126,Aleknagik,GCI Communication Corp. - Agulowak Lodge,59.430556,-158.842222,,5000,boundary,boundary_outside,low,inside no boundary; 7.13 km from own boundary,,,"https://www.google.com/maps?q=59.430556,-158.842222",,,,,
{2FC94A57-252B-464C-AE5D-7FEC48FF42DE},565,Fairbanks,Sourdough Fuels - Hill Top Facility,65.0241952,-147.6521783,,6000,boundary,boundary_outside,low,inside no boundary; 16.71 km from own boundary,,,"https://www.google.com/maps?q=65.0241952,-147.6521783",,,,,
{33CE5488-B9E3-4D2C-9002-C9070398F548},1743,Wasilla,Alaska Waste - Mat Su,61.6192901,-149.3888135,,8000,boundary,boundary_mismatch,low,inside Tanaina; 2.78 km from own boundary,,,"https://www.google.com/maps?q=61.6192901,-149.3888135",,,,,
{38E82315-8B3C-44A8-8C51-723335301BFB},761,Hope,AK DOT&PF Silvertip Maintenance Station,60.785,-149.430222,,7000,boundary,boundary_outside,low,inside no boundary; 6.8 km from own boundary,,,"https://www.google.com/maps?q=60.785,-149.430222",,,,,
{39D39C45-2B34-4C54-9DE9-165016D302D5},1159,Nenana,Federal Aviation Administration - Nenana - ENN VOr,64.59,-149.0728,,1000,boundary,boundary_outside,low,inside no boundary; 2.63 km from own boundary,,,"https://www.google.com/maps?q=64.59,-149.0728",,,,,
{3D4292B1-2476-4370-9C0A-38D9681783E2},732,Homer,AT&T - Homer,59.681892,-151.62446,,1000,boundary,boundary_mismatch,low,inside Diamond Ridge; 2.41 km from own boundary,,,"https://www.google.com/maps?q=59.681892,-151.62446",,,,,
{400DF95A-C142-4FA6-A7F5-4D7D370AF326},596,Fairbanks,Federal Aviation Administration - Fairbanks - PDQ NXRAD,65.03511,-147.5011,,2000,boundary,boundary_outside,low,inside no boundary; 17.56 km from own boundary,,,"https://www.google.com/maps?q=65.03511,-147.5011",,,,,
{4299A108-428F-4C46-BB6C-90DD2E681FD9},1114,Metlakatla,Federal Aviation Administration - Metlakatla - Annette Island SX,55.0604,-131.578,,1000,boundary,boundary_outside,low,inside no boundary; 5.61 km from own boundary,,,"https://www.google.com/maps?q=55.0604,-131.578",,,,,
{4D06EDBB-76ED-4BC8-B6B8-D96FC8B60FD3},603,Fairbanks,GCI Communication Corp. - ESRO Road Earth Station,64.930298,-147.496575,,1000,boundary,boundary_mismatch,low,inside Steele Creek; 5.98 km from own boundary,,,"https://www.google.com/maps?q=64.930298,-147.496575",,,,,
{559D9A9C-9221-48BD-8906-31B25B07DCD5},1125,Moose Pass,Trail Lakes Hatchery,60.50189,-149.142878,,20000,boundary,boundary_outside,low,inside no boundary; 12.22 km from own boundary,,,"https://www.google.com/maps?q=60.50189,-149.142878",,,,,
{576E8567-E85B-419E-9B43-1C4C0B1093F8},978,Kodiak,Kodiak Electric Association - Nyman Power Plant,57.73111111,-152.5083333,,27000,boundary,boundary_mismatch,low,inside Kodiak Station; 5.68 km from own boundary,,,"https://www.google.com/maps?q=57.73111111,-152.5083333",,,,,
{587A9516-FAF3-407A-88FB-213E57091443},962,Klawock,Klawock DOT&PF Maintenance Station,55.5792164,-133.0710241,,4500,boundary,boundary_outside,low,inside no boundary; 2.05 km from own boundary,,,"https://www.google.com/maps?q=55.5792164,-133.0710241",,,,,
{591FEE4C-4EAA-4F0F-A6EE-B6FA2F107E7B},601,Fairbanks,Fox General Store,64.957606,-147.617087,,29000,boundary,boundary_mismatch,low,inside Fox; 9.1 km from own boundary,,,"https://www.google.com/maps?q=64.957606,-147.617087",,,,,
{5D38D34D-5AB2-45F5-AA22-BE25817C0538},833,Kake,AT&T - Kake,56.9811,-133.806097,,6000,boundary,boundary_outside,low,inside no boundary; 4.68 km from own boundary,,,"https://www.google.com/maps?q=56.9811,-133.806097",,,,,
{5D6D86C0-354F-48E0-A12F-CD12687033EC},1299,Paxson,AT&T - Paxson - Round Top,62.80367,-145.317799,,5000,boundary,boundary_outside,low,inside no boundary; 11.65 km from own boundary,,,"https://www.google.com/maps?q=62.80367,-145.317799",,,,,
{5D6DD34B-DAEE-49F9-988E-21E080CB537A},1708,Valdez,DOT&PF Thompson Pass MS,61.140875,-145.749133,,4000,boundary,boundary_outside,low,inside no boundary; 5.42 km from own boundary,,,"https://www.google.com/maps?q=61.140875,-145.749133",,,,,
{6280955D-A73E-4167-B155-9FE66EA27BEF},981,Kodiak,Kodiak State Airport,57.748889,-152.494167,,8000,boundary,boundary_mismatch,low,inside Kodiak Station; 3.65 km from own boundary,,,"https://www.google.com/maps?q=57.748889,-152.494167",,,,,
{67812973-1F5E-4F2F-9E8E-A8FEDA823FAF},1619,Teller,Bering Straits School District,65.33289523,-166.4864243,694,52000,boundary,boundary_mismatch,low,inside Brevig Mission; 9.26 km from own boundary,,,"https://www.google.com/maps?q=65.33289523,-166.4864243",,,,,
{697E1F9D-6660-4785-A1A5-3883D9ED9847},901,Kenai,Federal Aviation Administration - Kenai - ENA NXRAD,60.72583,-151.3513,,2000,boundary,boundary_mismatch,low,inside Nikiski; 14.8 km from own boundary,,,"https://www.google.com/maps?q=60.72583,-151.3513",,,,,
{6D2C0D30-6E8C-4094-B60B-FE6B27FAA8CF},1500,Seward,Kenai Peninsula Borough - Bear Creek Fire Station - Seward,60.168995,-149.40275,,8000,boundary,boundary_mismatch,low,inside Bear Creek; 2.79 km from own boundary,,,"https://www.google.com/maps?q=60.168995,-149.40275",,,,,
{71EF2656-042E-4F42-A78D-E48CD254C0EB},1716,Valdez,AT&T - Valdez - Ptarmigan,61.2044,-145.630456,,5000,boundary,boundary_outside,low,inside no boundary; 14.55 km from own boundary,,,"https://www.google.com/maps?q=61.2044,-145.630456",,,,,
{7E123490-F0E5-496F-86D3-91FDF4B5F41F},560,Fairbanks,Alaska Airlines - Fairbanks,64.8176545,-147.8679336,,8000,boundary,boundary_mismatch,low,inside South Van Horn; 2.92 km from own boundary,,,"https://www.google.com/maps?q=64.8176545,-147.8679336",,,,,
{7E320E02-ED16-4013-AA62-D9862E3AEE6F},711,Healy,Golden Valley Electric Association - Healy - Eva Creek Operations and Maintenance Building,64.059764,-148.900105,,1000,boundary,boundary_mismatch,low,inside Ferry; 5.79 km from own boundary,,,"https://www.google.com/maps?q=64.059764,-148.900105",,,,,
{855FBE7C-9B33-45BC-8C4D-2394A0C95208},1312,Petersburg,AT&T - Petersburg - Duncan Canal,56.7564,-133.1795,,6000,boundary,boundary_outside,low,inside no boundary; 12.68 km from own boundary,,,"https://www.google.com/maps?q=56.7564,-133.1795",,,,,
{8CC32BC7-7206-4A37-AD96-8E8D803BE4FA},1294,Palmer,AT&T - Palmer - Nek Lake,61.6198,-149.256574,,2000,boundary,boundary_mismatch,low,inside North Lakes; 5.92 km from own boundary,,,"https://www.google.com/maps?q=61.6198,-149.256574",,,,,
{8D76DC1E-DDFB-4491-9559-92EF69C41AAA},995,Kodiak,Federal Aviation Administration - Kodiak - ADQ ATCT,57.7499,-152.4938,,1000,boundary,boundary_mismatch,low,inside Kodiak Station; 3.55 km from own boundary,,,"https://www.google.com/maps?q=57.7499,-152.4938",,,,,
{8DD95CDF-8767-4EB6-B07F-09F075FC7FEB},887,Kasilof,Icicle - Kasilof,60.383435,-151.28357,,7000,boundary,boundary_mismatch,low,inside Kalifornsky; 3.3 km from own boundary,,,"https://www.google.com/maps?q=60.383435,-151.28357",,,,,
{96C86C0C-2A57-4A26-94E5-72600F5A5FCC},1293,Palmer,University of Alaska Fairbanks - Palmer,61.566172,-149.249664,,2000,boundary,boundary_mismatch,low,inside Gateway; 5.02 km from own boundary,,,"https://www.google.com/maps?q=61.566172,-149.249664",,,,,
{97E77B03-20AE-4291-A9A5-15C73AA55976},1353,Point Mackenzie,Goose Bay Airport Maintenance Station,61.3974,-149.8444,,1000,boundary,boundary_mismatch,low,inside Knik-Fairview; 3.3 km from own boundary,,,"https://www.google.com/maps?q=61.3974,-149.8444",,,,,
{98C0B2E1-F078-434C-BF55-6F9EDBAEA7A6},561,Fairbanks,Fort Knox Mine,65.00362,-147.34101,,4000,boundary,boundary_outside,low,inside no boundary; 16.47 km from own boundary,,,"https://www.google.com/maps?q=65.00362,-147.34101",,,,,
{9D2D53BE-A6BE-4C90-B542-326627B0F06A},893,Kenai,ConocoPhillips Kenai LNG Facility,60.678519,-151.383179,,7624,boundary,boundary_mismatch,low,inside Nikiski; 10.02 km from own boundary,,,"https://www.google.com/maps?q=60.678519,-151.383179",,,,,
{9FCB9E11-BCB9-4736-AB12-985E5D526459},1236,North Pole,Badger Gas,64.820541,-147.441508,,2000,boundary,boundary_mismatch,low,inside Badger; 4.92 km from own boundary,,,"https://www.google.com/maps?q=64.820541,-147.441508",,,,,
{A5155750-38EC-47C7-B827-7975F4A90D3E},926,Kiana,GCI Communication Corp. - Three Rivers Microwave Repeater,66.96075,-160.490972,,9000,boundary,boundary_outside,low,inside no boundary; 2.38 km from own boundary,,,"https://www.google.com/maps?q=66.96075,-160.490972",,,,,
{AA03A04C-1699-4D6B-9606-784F5118684C},1238,North Pole,GCI Communication Corp. - North OTN Fairbanks (North Pole Hub),64.819916,-147.561082,,3000,boundary,boundary_mismatch,low,inside Badger; 7.98 km from own boundary,,,"https://www.google.com/maps?q=64.819916,-147.561082",,,,,
{AAB281BB-64C6-44DD-AE7A-FBCC90EE0783},1235,North Pole,Colaska - North Pole - Twin Rich,64.797669,-147.536443,,13500,boundary,boundary_mismatch,low,inside Badger; 5.7 km from own boundary,,,"https://www.google.com/maps?q=64.797669,-147.536443",,,,,
{AEC3F544-FBA6-450A-BA4E-FC337AFB6FCA},428,Coldfoot,AT&T - Coldfoot - Microwave Repeater,67.278,-150.269,,5000,boundary,boundary_outside,low,inside no boundary; 3.36 km from own boundary,,,"https://www.google.com/maps?q=67.278,-150.269",,,,,
{AF0B22FA-9863-4EEB-8301-672C0FE42AEB},684,Grayling,GCI Communication Corp. - Grayling Repeater,62.958069,-160.174358,,9000,boundary,boundary_outside,low,inside no boundary; 3.56 km from own boundary,,,"https://www.google.com/maps?q=62.958069,-160.174358",,,,,
{B05026CD-3A84-439D-A809-4C9614FB88CD},728,Homer,Kenai Peninsula Borough - Homer NcNeil Canyon Elementary School,59.746088,-151.258425,,3000,boundary,boundary_mismatch,low,inside Fritz Creek; 12.64 km from own boundary,,,"https://www.google.com/maps?q=59.746088,-151.258425",,,,,
{B35105C7-0E6D-4238-ABF1-8D7EF7F936A0},591,Fairbanks,Enterprise Service Facility (45V9),64.824332,-147.868898,,5000,boundary,boundary_mismatch,low,inside College; 2.54 km from own boundary,,,"https://www.google.com/maps?q=64.824332,-147.868898",,,,,
{B46ED03F-5DB4-4255-A1AC-59B085DBF727},979,Kodiak,Kodiak DOT&PF Maintenance Station,57.759841,-152.515949,,5000,boundary,boundary_mismatch,low,inside Kodiak Station; 3.93 km from own boundary,,,"https://www.google.com/maps?q=57.759841,-152.515949",,,,,
{B50C3F10-1576-41B3-84F8-FA0CA4542BC6},1298,Paxson,AT&T - Paxson - Yost,63.256544,-145.650167,,5000,boundary,boundary_outside,low,inside no boundary; 9.57 km from own boundary,,,"https://www.google.com/maps?q=63.256544,-145.650167",,,,,
{B5302F24-7BC3-4365-B265-9200D736044A},729,Homer,Kenai Peninsula Borough - Kachemak Emergency Service Area - Station 1,59.74515,-151.258929,,2000,boundary,boundary_mismatch,low,inside Fritz Creek; 12.55 km from own boundary,,,"https://www.google.com/maps?q=59.74515,-151.258929",,,,,
{B82A34CB-3CD0-4A7F-BFEE-BA349A32E157},916,Ketchikan,Crowley - Ketchikan - North Station,55.442886,-131.800563,,5700,boundary,boundary_outside,low,inside no boundary; 6.72 km from own boundary,,,"https://www.google.com/maps?q=55.442886,-131.800563",,,,,
{BF854CB0-CF80-43E3-A809-F6B36D83690B},1545,Skagway,GSA - Skagway,59.527273,-135.229763,,1500,boundary,boundary_outside,low,inside no boundary; 4.22 km from own boundary,,,"https://www.google.com/maps?q=59.527273,-135.229763",,,,,
{C253B60F-62F5-4774-B931-D13375BD8265},896,Kenai,Kenai Peninsula Borough - Nikiski Fire Station 2,60.728862,-151.303059,,2010,boundary,boundary_mismatch,low,inside Nikiski; 14.35 km from own boundary,,,"https://www.google.com/maps?q=60.728862,-151.303059",,,,,
{C42E7D33-D740-4F3C-88CE-CDCB54F1E1C1},890,Kenai,NRC Alaska - Kenai,60.61927,-151.32805,,2500,boundary,boundary_mismatch,low,inside Salamatof; 3.4 km from own boundary,,,"https://www.google.com/maps?q=60.61927,-151.32805",,,,,
{C995496F-83BC-4D90-B7A0-8346CD6E515C},1654,Trapper Creek,Kahiltna Mining Camp,62.0344,-150.8222,,5000,boundary,boundary_outside,low,inside no boundary; 18.33 km from own boundary,,,"https://www.google.com/maps?q=62.0344,-150.8222",,,,,
{CC464040-DC6C-40F1-8945-651DE5EAB4F4},886,Kasilof,"North Pacific Seafoods, Inc. - Kasilof",60.383995,-151.284605,,8000,boundary,boundary_mismatch,low,inside Kalifornsky; 3.37 km from own boundary,,,"https://www.google.com/maps?q=60.383995,-151.284605",,,,,
{D0F2748C-7DEB-450F-8C52-E8CB21ECA1B0},722,Homer,Tutka Bay Lagoon Hatchery,59.434992,-151.429035,,11000,boundary,boundary_outside,low,inside no boundary; 18.34 km from own boundary,,,"https://www.google.com/maps?q=59.434992,-151.429035",,,,,
{D4480803-987D-48DA-80DF-D4C7F0E68FE3},1233,North Pole,Chena River Lakes Flood Control Project,64.7341778,-147.266703,,7000,boundary,boundary_mismatch,low,inside Badger; 2.01 km from own boundary,,,"https://www.google.com/maps?q=64.7341778,-147.266703",,,,,
{D5BCC064-B7B2-4BA0-8911-B9BB258591BB},900,Kenai,Federal Aviation Administration - Kenai - ENA ARSR,60.61556,-151.283,,3000,boundary,boundary_outside,low,inside no boundary; 2.33 km from own boundary,,,"https://www.google.com/maps?q=60.61556,-151.283",,,,,
{DDBEA947-84DD-4443-88BD-348496D95D9D},734,Homer,Federal Aviation Administration - Homer - HOM VOR,59.70942,-151.4565,,1000,boundary,boundary_mismatch,low,inside Diamond Ridge; 3.46 km from own boundary,,,"https://www.google.com/maps?q=59.70942,-151.4565",,,,,
{DEB163BB-3EFE-46BC-8642-B72714A3D58C},892,Kenai,North Kenai Highway Station,60.714203,-151.319408,,2000,boundary,boundary_mismatch,low,inside Nikiski; 12.99 km from own boundary,,,"https://www.google.com/maps?q=60.714203,-151.319408",,,,,
{DF7DE3EA-8366-4CB9-8D57-C492F2B43793},911,Ketchikan,Alaska Power & Telephone - High Mountain Microwave Tower,55.360889,-131.795861,,5000,boundary,boundary_outside,low,inside no boundary; 4.16 km from own boundary,,,"https://www.google.com/maps?q=55.360889,-131.795861",,,,,
{E32D2921-8176-4468-A0AB-9AE351693922},605,Fairbanks,Northern Air Cargo Fairbanks Station,64.812009,-147.880345,,2500,boundary,boundary_mismatch,low,inside South Van Horn; 3.78 km from own boundary,,,"https://www.google.com/maps?q=64.812009,-147.880345",,,,,
{EF799C7C-48D8-475B-816B-6D08F25BBB08},914,Ketchikan,Ward Cove Deli & Liquor,55.410868,-131.722042,,1200,boundary,boundary_outside,low,inside no boundary; 2.05 km from own boundary,,,"https://www.google.com/maps?q=55.410868,-131.722042",,,,,
{EFB8BB07-4BF6-42EF-8860-505B1E26AE40},1563,Soldotna,Kenai Peninsula Borough - Central Landill - Soldotna,60.44592,-151.109737,,1100,boundary,boundary_mismatch,low,inside Kalifornsky; 3.07 km from own boundary,,,"https://www.google.com/maps?q=60.44592,-151.109737",,,,,
{F838A24B-74C8-4827-BDA2-B393AB91F423},1560,Soldotna,Soldotna Highway Station,60.453137,-151.097387,,4000,boundary,boundary_mismatch,low,inside Kalifornsky; 2.26 km from own boundary,,,"https://www.google.com/maps?q=60.453137,-151.097387",,,,,
{F93EBEDC-66D5-4E8B-82A0-9F5BDB091DD5},895,Kenai,Kenai Peninsula Borough - Nikiski Fire Station 1,60.6293,-151.341665,,1000,boundary,boundary_mismatch,low,inside Salamatof; 4.52 km from own boundary,,,"https://www.google.com/maps?q=60.6293,-151.341665",,,,,
{FC344191-8F9F-4DF7-84FF-90BA3D492D11},555,Fairbanks,Claire Air LLC,64.810359,-147.881601,,2000,boundary,boundary_mismatch,low,inside South Van Horn; 3.95 km from own boundary,,,"https://www.google.com/maps?q=64.810359,-147.881601",,,,,
{FC4F1FED-EBC1-4847-BD73-63BF9DA79F57},1636,Togiak,GCI Communication Corp. - Caribou Microwave Repeater,59.169983,-160.6515,,9000,boundary,boundary_outside,low,inside no boundary; 8.08 km from own boundary,,,"https://www.google.com/maps?q=59.169983,-160.6515",,,,,
{FFFE3140-EE71-41D1-A6C0-CAE8A0D5466C},534,Elfin Cove,AT&T - Elfin Cove,58.1986,-136.6397,,4004,boundary,boundary_outside,low,inside no boundary; 16.2 km from own boundary,,,"https://www.google.com/maps?q=58.1986,-136.6397",,,,,
{7DAF9711-C096-4FF4-9D11-1669A43A122B},650,Galena,Galena City School District,64.746349,-156.878981,173,3000,structural,within_farm_copies,low,farm 173 (GALENA): 2 rows repeat total 3000; count it once,,farm:173,"https://www.google.com/maps?q=64.746349,-156.878981",,,,,
