hub_id,node_id,snap_dist_m,snap_surface,status
Hub_1,37746.0,32.8,Road,placed
Hub_2,49048.0,255.7,IceRoad,placed
Hub_3,,29311.2,Road,unplaced:beyond_cap
Hub_4,2653.0,4146.2,Road,placed
Hub_5,,26997.3,IceRoad,unplaced:beyond_cap
Hub_6,42256.0,213.2,Road,placed
Hub_7,4219.0,794.2,Road,placed
Hub_8,9231.0,9020.9,Road,placed
Hub_9,43589.0,91.0,Road,placed
Hub_10,,28598.1,Road,unplaced:beyond_cap
Hub_11,20756.0,2951.0,Road,placed
Hub_12,43212.0,6142.7,Road,placed
Hub_13,43349.0,51.0,Road,placed
Hub_14,2825.0,51.9,Road,placed
Hub_15,42535.0,86.5,Road,placed
Hub_16,,72506.0,Road,unplaced:beyond_cap
Hub_17,,47702.9,Road,unplaced:beyond_cap
Hub_18,42619.0,5098.1,Road,placed
Hub_19,42562.0,25.5,Road,placed
Hub_20,42689.0,86.4,Road,placed
Hub_21,39596.0,223.0,Road,placed
Hub_22,42657.0,169.1,Road,placed
Hub_23,43344.0,61.3,Road,placed
Hub_24,28544.0,68.9,Road,placed
Hub_25,1864.0,13886.7,Road,placed
Hub_26,30237.0,1043.9,Road,placed
Hub_27,,44804.1,Road,unplaced:beyond_cap
Hub_28,20515.0,2185.8,Road,placed
Hub_29,36483.0,122.7,Road,placed
Hub_30,,140202.9,Road,unplaced:beyond_cap
Hub_31,,78507.0,Road,unplaced:beyond_cap
Hub_32,39749.0,376.2,Road,placed
Hub_33,,29024.3,Road,unplaced:beyond_cap
Hub_34,39938.0,85.9,Road,placed
Hub_35,39300.0,22055.0,Road,placed
Hub_36,3171.0,136.5,Road,placed
Hub_37,41029.0,4.5,Road,placed
Hub_38,40288.0,1030.5,Road,placed
Hub_39,47171.0,1508.4,Road,placed
Hub_40,42695.0,120.8,Road,placed
Hub_41,48681.0,8376.1,Road,placed
Hub_42,48641.0,4468.6,Road,placed
Hub_43,,117712.8,Road,unplaced:beyond_cap
Hub_44,40952.0,22782.2,Road,placed
Hub_45,28898.0,1067.2,Road,placed
Hub_46,46984.0,769.4,Road,placed
Hub_47,40123.0,601.5,Road,placed
Hub_48,41261.0,419.3,Road,placed
Hub_49,36907.0,10469.3,Road,placed
Hub_50,40869.0,2715.8,Road,placed
Hub_51,42162.0,1157.0,Road,placed
Hub_52,27982.0,691.9,Road,placed
Hub_53,,131926.8,Road,unplaced:beyond_cap
Hub_54,,28572.5,Road,unplaced:beyond_cap
Hub_55,40528.0,211.1,Road,placed
Hub_56,36880.0,65.7,Road,placed
Hub_57,,36642.3,Road,unplaced:beyond_cap
Hub_58,35147.0,17831.0,Road,placed
Hub_59,47648.0,263.8,Road,placed
Hub_60,2836.0,1265.9,Road,placed
Hub_61,49878.0,821.9,IceRoad,placed
Hub_62,40563.0,625.5,Road,placed
Hub_63,45557.0,5331.3,Road,placed
Hub_64,45784.0,2678.5,Road,placed
Hub_65,41376.0,421.5,Road,placed
Hub_66,42334.0,15928.6,Road,placed
Hub_67,2564.0,19963.1,Road,placed
Hub_68,43783.0,4059.8,Road,placed
Hub_69,43612.0,2831.1,Road,placed
Hub_70,41356.0,836.3,Road,placed
Hub_71,,27574.5,Road,unplaced:beyond_cap
Hub_72,40897.0,23746.9,Road,placed
Hub_73,,34668.1,Road,unplaced:beyond_cap
Hub_74,,44178.5,Road,unplaced:beyond_cap
Hub_75,44018.0,24599.4,Road,placed
Hub_76,,31870.5,Road,unplaced:beyond_cap
Hub_77,,33816.3,Road,unplaced:beyond_cap
Hub_78,,34262.8,Road,unplaced:beyond_cap
Hub_79,,74604.2,Road,unplaced:beyond_cap
Hub_80,,26988.4,Road,unplaced:beyond_cap
Hub_81,42775.0,16472.0,Road,placed
Hub_82,,60739.0,Road,unplaced:beyond_cap
Hub_83,,35413.3,Road,unplaced:beyond_cap
Hub_84,44189.0,13090.2,Road,placed
Hub_85,39090.0,21648.4,Road,placed
Hub_86,42893.0,8022.5,Road,placed
Hub_87,,68610.1,Road,unplaced:beyond_cap
Hub_88,41321.0,59.2,Road,placed
Hub_89,24998.0,77.8,Road,placed
Hub_90,39489.0,262.0,Road,placed
Hub_91,9257.0,246.0,Road,placed
Hub_92,5042.0,88.6,Road,placed
Hub_93,42353.0,1702.3,Road,placed
Hub_94,42487.0,106.2,Road,placed
Hub_95,42051.0,314.6,Road,placed
Hub_96,42448.0,18.4,Road,placed
Hub_97,42480.0,60.1,Road,placed
Hub_98,2043.0,29.4,Road,placed
Hub_99,,29639.7,Road,unplaced:beyond_cap
Hub_100,2321.0,8.8,Road,placed
Hub_101,45788.0,1956.7,Road,placed
Hub_102,,41190.1,Road,unplaced:beyond_cap
Hub_103,41215.0,40.8,Road,placed
Hub_104,1236.0,831.2,Road,placed
Hub_105,44212.0,37.3,Road,placed
Hub_106,46655.0,5887.2,Road,placed
Hub_107,4350.0,306.5,Road,placed
Hub_108,499.0,72.7,Road,placed
Hub_109,7171.0,373.1,Road,placed
Hub_110,45828.0,32.7,Road,placed
Hub_111,47300.0,5871.8,Road,placed
Hub_112,35706.0,91.0,Road,placed
Hub_113,40117.0,16.8,Road,placed
Hub_114,26904.0,6086.3,Road,placed
Hub_115,48773.0,2120.4,Road,placed
Hub_116,40084.0,40.3,Road,placed
Hub_117,40185.0,113.0,Road,placed
Hub_118,40920.0,23.4,Road,placed
Hub_119,47834.0,19742.3,Road,placed
Hub_120,40966.0,164.5,Road,placed
Hub_121,40817.0,42.0,Road,placed
Hub_122,41164.0,70.8,Road,placed
Hub_123,41197.0,21.9,Road,placed
Hub_124,41059.0,30.8,Road,placed
Hub_125,36864.0,138.6,Road,placed
Hub_126,,41623.6,Road,unplaced:beyond_cap
Hub_127,40147.0,101.6,Road,placed
Hub_128,44332.0,30.8,Road,placed
Hub_129,35970.0,48.5,Road,placed
Hub_130,45887.0,774.3,Road,placed
Hub_131,35943.0,71.9,Road,placed
Hub_132,36830.0,123.8,Road,placed
Hub_133,36016.0,203.0,Road,placed
Hub_134,49946.0,17309.8,IceRoad,placed
Hub_135,,53954.8,Road,unplaced:beyond_cap
Hub_136,36419.0,642.6,Road,placed
Hub_137,2570.0,312.0,Road,placed
Hub_138,,56403.9,Road,unplaced:beyond_cap
Hub_139,44435.0,48.8,Road,placed
Hub_140,44476.0,20.2,Road,placed
Hub_141,44420.0,19.0,Road,placed
Hub_142,2866.0,147.1,Road,placed
Hub_143,,29026.7,Road,unplaced:beyond_cap
Hub_144,49878.0,18855.5,IceRoad,merged:Hub_61
Hub_145,47618.0,649.6,Road,placed
Hub_146,2277.0,4940.0,Road,placed
Hub_147,44152.0,7237.5,Road,placed
Hub_148,,36850.8,Road,unplaced:beyond_cap
Hub_149,46143.0,2539.3,Road,placed
Hub_150,42083.0,32.2,Road,placed
Hub_151,49932.0,1903.9,IceRoad,placed
Hub_152,47872.0,292.7,Road,placed
Hub_153,1131.0,47.1,Road,placed
Hub_154,2233.0,1704.2,Road,placed
Hub_155,2249.0,119.8,Road,placed
Hub_156,28234.0,136.2,Road,placed
Hub_157,39884.0,4369.1,Road,placed
Hub_158,,37946.7,Road,unplaced:beyond_cap
Hub_159,43009.0,61.0,Road,placed
Hub_160,39101.0,184.9,Road,placed
Hub_161,6841.0,116.3,Road,placed
Hub_162,40499.0,443.9,Road,placed
Hub_163,,36408.0,Road,unplaced:beyond_cap
Hub_164,38266.0,10.2,Road,placed
Hub_165,535.0,12372.0,Road,placed
Hub_166,41232.0,396.6,Road,placed
Hub_167,38647.0,16866.3,Road,placed
Hub_168,40697.0,549.7,Road,placed
Hub_169,44101.0,71.2,Road,placed
Hub_170,43548.0,967.8,Road,placed
Hub_171,,41650.9,Road,unplaced:beyond_cap
Hub_172,,28124.2,Road,unplaced:beyond_cap
Hub_173,,29268.7,Road,unplaced:beyond_cap
Hub_174,1235.0,4210.1,Road,placed
Hub_175,605.0,3237.2,Road,placed
Hub_176,1111.0,21064.0,Road,placed
Hub_177,,34457.7,Road,unplaced:beyond_cap
Hub_178,42322.0,270.6,Road,placed
Hub_179,43419.0,24567.5,Road,placed
Hub_180,42876.0,22.7,Road,placed
Hub_181,44128.0,28.7,Road,placed
Hub_182,,27977.7,Road,unplaced:beyond_cap
Hub_183,28568.0,13556.7,Road,placed
Hub_184,48823.0,9389.5,Road,placed
Hub_185,42101.0,10990.8,Road,placed
Hub_186,44009.0,50.3,Road,placed
Hub_187,48820.0,318.0,Road,placed
Hub_188,41540.0,62.3,Road,placed
Hub_189,47406.0,14787.1,Road,placed
Hub_190,41408.0,67.0,Road,placed
Hub_191,,49773.0,Road,unplaced:beyond_cap
Hub_192,,28943.2,Road,unplaced:beyond_cap
Hub_193,,30841.4,Road,unplaced:beyond_cap
Hub_194,44050.0,8.0,Road,placed
Hub_195,43859.0,416.3,Road,placed
Hub_196,43618.0,35.6,Road,placed
Hub_197,1941.0,475.4,Road,placed
Hub_198,38412.0,203.2,Road,placed
Hub_199,44859.0,171.1,Road,placed
Hub_200,,92185.4,Road,unplaced:beyond_cap
Hub_201,49063.0,3606.8,IceRoad,placed
Hub_202,2575.0,268.6,Road,placed
Hub_203,45551.0,115.2,Road,placed
Hub_204,1285.0,149.7,Road,placed
Hub_205,2710.0,9125.0,Road,placed
Hub_206,43148.0,462.4,Road,placed
Hub_207,43127.0,35.3,Road,placed
Hub_208,43111.0,105.8,Road,placed
Hub_209,2713.0,416.5,Road,placed
Hub_210,43312.0,26.1,Road,placed
Hub_211,5464.0,94.8,Road,placed
Hub_212,43087.0,25.4,Road,placed
Hub_213,42719.0,9113.6,Road,placed
Hub_214,,49363.7,Road,unplaced:beyond_cap
Hub_215,43034.0,270.8,Road,placed
Hub_216,42770.0,115.6,Road,placed
Hub_217,,45002.2,Road,unplaced:beyond_cap
Hub_218,42981.0,58.0,Road,placed
Hub_219,607.0,314.4,Road,placed
Hub_220,,29855.2,Road,unplaced:beyond_cap
Hub_221,1435.0,414.0,Road,placed
Hub_222,849.0,5368.4,Road,placed
Hub_223,1447.0,996.9,Road,placed
Hub_224,47868.0,51.2,Road,placed
Hub_225,2278.0,3809.1,Road,placed
Hub_226,35077.0,15198.3,Road,placed
Hub_227,2279.0,19969.0,Road,placed
Hub_228,1248.0,24557.3,Road,placed
Hub_229,19220.0,114.3,Road,placed
Hub_230,10155.0,137.9,Road,placed
Hub_231,493.0,593.6,Road,placed
Hub_232,39268.0,196.1,Road,placed
Hub_233,39243.0,22.1,Road,placed
Hub_234,261.0,342.8,Road,placed
Hub_235,553.0,413.8,Road,placed
Hub_236,916.0,279.5,Road,placed
Hub_237,22994.0,203.0,Road,placed
Hub_238,48761.0,453.6,Road,placed
Hub_239,1651.0,136.8,Road,placed
Hub_240,48825.0,849.8,Road,placed
Hub_241,41903.0,84.0,Road,placed
Hub_242,49049.0,385.9,IceRoad,placed
Hub_243,42105.0,18570.3,Road,placed
Hub_244,41471.0,259.5,Road,placed
Hub_245,41390.0,145.2,Road,placed
Hub_246,40948.0,80.8,Road,placed
Hub_247,41618.0,4987.3,Road,placed
Hub_248,,44823.6,Road,unplaced:beyond_cap
Hub_249,41890.0,578.7,Road,placed
Hub_250,42107.0,150.8,Road,placed
Hub_251,,50371.9,Road,unplaced:beyond_cap
Hub_252,41944.0,518.5,Road,placed
Hub_253,41489.0,15275.7,Road,placed
Hub_254,,36226.7,Road,unplaced:beyond_cap
Hub_255,49890.0,713.1,IceRoad,placed
Hub_256,48689.0,17931.9,Road,placed
Hub_257,42417.0,342.6,Road,placed
Hub_258,39697.0,134.5,Road,placed
Hub_259,44512.0,146.7,Road,placed
Hub_260,44748.0,36.2,Road,placed
Hub_261,49779.0,19479.8,IceRoad,placed
Hub_262,49102.0,2397.8,IceRoad,placed
Hub_263,,48341.6,Road,unplaced:beyond_cap
Hub_264,,65240.4,Road,unplaced:beyond_cap
Hub_265,1250.0,4359.8,Road,placed
Hub_266,38352.0,801.9,Road,placed
Hub_267,48744.0,160.2,Road,placed
Hub_268,47131.0,234.7,Road,placed
Hub_269,47226.0,241.4,Road,placed
Hub_270,,49759.3,Road,unplaced:beyond_cap
Hub_271,40076.0,464.7,Road,placed
Hub_272,19278.0,185.6,Road,placed
Hub_273,2086.0,23714.6,Road,placed
Hub_274,494.0,246.7,Road,placed
Hub_275,47854.0,16415.9,Road,placed
Hub_276,35766.0,1117.5,Road,placed
Hub_277,19311.0,51.2,Road,placed
Hub_278,11130.0,359.5,Road,placed
Hub_279,43613.0,12103.3,Road,placed
Hub_280,49518.0,3836.3,IceRoad,placed
Hub_281,,38348.7,Road,unplaced:beyond_cap
Hub_282,36205.0,4147.3,Road,placed
Hub_283,,56424.5,Road,unplaced:beyond_cap
Hub_284,,60354.0,Road,unplaced:beyond_cap
Hub_285,37493.0,20087.7,Road,placed
Hub_286,35666.0,904.4,Road,placed
Hub_287,34832.0,140.5,Road,placed
Hub_288,35956.0,308.7,Road,placed
Hub_289,35868.0,2739.3,Road,placed
Hub_290,35785.0,13.2,Road,placed
Hub_291,48683.0,10781.2,Road,placed
Hub_292,35936.0,100.1,Road,placed
Hub_293,49061.0,5979.6,IceRoad,placed
Hub_294,1629.0,283.6,Road,placed
Hub_295,42286.0,139.2,Road,placed
Hub_296,3539.0,63.0,Road,placed
Hub_297,42248.0,443.0,Road,placed
Hub_298,42119.0,12.2,Road,placed
Hub_299,42211.0,75.6,Road,placed
Hub_300,48834.0,495.3,Road,placed
Hub_301,42146.0,67.2,Road,placed
Hub_302,39491.0,245.9,Road,placed
Hub_303,39509.0,55.5,Road,placed
Hub_304,42157.0,16387.9,Road,placed
Hub_305,41610.0,97.2,Road,placed
Hub_306,47124.0,9602.7,Road,placed
Hub_307,1437.0,10875.6,Road,placed
Hub_308,,30066.7,Road,unplaced:beyond_cap
Hub_309,37017.0,12693.7,Road,placed
Hub_310,,38967.5,IceRoad,unplaced:beyond_cap
Hub_311,,42958.4,Road,unplaced:beyond_cap
Hub_312,,55182.6,Road,unplaced:beyond_cap
Hub_313,,44741.3,Road,unplaced:beyond_cap
Hub_314,42491.0,19155.8,Road,placed
Hub_315,44510.0,46.8,Road,placed
Hub_316,38378.0,62.6,Road,placed
Hub_317,39461.0,93.1,Road,placed
Hub_318,1836.0,990.0,Road,placed
Hub_319,44090.0,1056.5,Road,placed
Hub_320,42327.0,44.5,Road,placed
Hub_321,39104.0,102.7,Road,placed
Hub_322,41103.0,153.4,Road,placed
Hub_323,40380.0,32.8,Road,placed
Hub_324,36840.0,15.6,Road,placed
Hub_325,43318.0,139.3,Road,placed
Hub_326,41276.0,574.3,Road,placed
Hub_327,41246.0,153.1,Road,placed
Hub_328,39719.0,39.0,Road,placed
Hub_329,35901.0,5589.1,Road,placed
Hub_330,35901.0,2123.5,Road,merged:Hub_329
Hub_331,,57317.0,Road,unplaced:beyond_cap
Hub_332,41621.0,6.7,Road,placed
Hub_333,49061.0,5549.7,IceRoad,merged:Hub_293
Hub_334,43188.0,28.3,Road,placed
