facility_pid,facility_id,csv_row,label,kind,field,current_value,proposed_value,evidence,confidence
f000120,239,1011,Kodiak,coordinate typo,latitude,54.853056,57.79468,"AEA feature geometry (X/Y) puts the site at 57.79468,-152.39286 (Kodiak city); lat column 54.85306 is 328 km off. Builds a hub/position in open Pacific.",high
f000268,772,457,Coldfoot,coordinate typo,longitude;latitude,"67.252778,-131.699722","67.27808,-150.26877","AEA feature geometry gives -150.26877 (Coldfoot); lon column -131.69972 is in Yukon, Canada, 803 km away; site lies outside every AEA region. First audit missed it (single-site cluster).",high
f000283,600,313,Bethel,coordinate typo,latitude,67.79558,60.79558,"One-digit edit 67→60 lands in Bethel (60.79,-161.76); stored point is north of the Arctic Circle. Alone forms Hub_308 (h000054), not in the giant component.",high
f000093,407,1206,New Stuyahok,coordinate typo,longitude,-159.3748,-157.3748,"One-digit edit -159→-157 lands in New Stuyahok (59.45,-157.31); stored point is ~110 km west.",high
f000917,1197,507,Delta Junction,possible coordinate typo,longitude,-144.731094,-145.731094,"Delta Junction is at -145.73; stored -144.73 is ~50 km east. f001773 'Healy' sits on the same erroneous spot (copied). AEA geometry agrees with the stored value, so verify with AEA.",medium
f000228,815,1365,Petersburg,possible coordinate typo,latitude,56.236042,56.736042,"Petersburg area; stored 56.236 is ~55 km south in open water/Kupreanof south; candidate 56.736 is ~8 km from town. AEA geometry agrees with the stored value, so verify with AEA.",medium
f000486,452,1369,Pilot Point,possible coordinate typo,longitude,-157.053889,-157.453889,"Pilot Point is at -157.58; stored -157.054 is ~30 km east; candidate is ~8 km. AEA geometry agrees with the stored value, so verify with AEA.",medium
f000386,622,1833,Wrangell,possible coordinate typo,latitude,56.136278,56.436278,"Wrangell is at 56.47; stored 56.136 is ~35 km south; candidate within ~4 km. AEA geometry agrees with the stored value, so verify with AEA.",medium
f001606,1096,1770,Unalaska,swapped coordinates,latitude;longitude,"63.89194,-160.6842","53.88274,-166.550742","Coordinates swapped with f000147: this 'Unalaska' record sits in Unalakleet (15/15 neighbours Unalakleet) and f000147 'Unalakleet' sits in Dutch Harbor. CommunityID matches the label on both, so the positions are the swapped field. Alone creates Hub_62 (h000216) 'Unalaska' on Norton Sound.",medium-high
f000147,1255,1756,Unalakleet,swapped coordinates,latitude;longitude,"53.88274,-166.550742","63.89194,-160.6842",Pair of f001606 (see there). In the build it is dropped as a cross-borough conflict (tag.assign_community_region).,medium-high
f000534,1418,481,Craig,label names another community,community_name,Craig,Coffman Cove,"Independent point (0.3 km from the nearest other-community site); 5 of 5 sites within 15 km are 'Coffman Cove'. Label probably names the operator's home community, not the site.",medium
f000508,51,552,Eielson Afb,label names another community,community_name,Eielson Afb,Anchorage,"Independent point (1.9 km from the nearest other-community site); 40 of 45 sites within 15 km are 'Anchorage'. Label probably names the operator's home community, not the site.",medium
f001192,754,607,Fairbanks,label names another community,community_name,Fairbanks,Fort Yukon,"Independent point (0.1 km from the nearest other-community site); 20 of 22 sites within 15 km are 'Fort Yukon'. Label probably names the operator's home community, not the site.",medium
f000531,1058,626,Fairbanks,label names another community,community_name,Fairbanks,Nome,"Independent point (0.3 km from the nearest other-community site); 17 of 18 sites within 15 km are 'Nome'. Label probably names the operator's home community, not the site.",medium
f001218,1060,628,Fairbanks,label names another community,community_name,Fairbanks,Nome,"Independent point (0.3 km from the nearest other-community site); 17 of 18 sites within 15 km are 'Nome'. Label probably names the operator's home community, not the site.",medium
f000732,104,649,Fort Wainwright,label names another community,community_name,Fort Wainwright,Seward,"Independent point (0.2 km from the nearest other-community site); 12 of 12 sites within 15 km are 'Seward'. Label probably names the operator's home community, not the site.",medium
f001469,902,935,Kenai,copied coordinates,latitude;longitude,"64.856066,-147.802751","60.58319,-151.30288",Point duplicates a 'Fairbanks' site within 13 m (copied coordinates); CommunityID agrees with label 'Kenai'. Proposed = medoid of the other 15 'Kenai' sites (community-level precision).,medium
f001585,797,955,Ketchikan,label names another community,community_name,Ketchikan,Juneau,"Independent point (1.0 km from the nearest other-community site); 27 of 27 sites within 15 km are 'Juneau'. Label probably names the operator's home community, not the site.",medium
f000358,898,972,King Cove,label names another community,community_name,King Cove,King Salmon,"Independent point (0.1 km from the nearest other-community site); 7 of 7 sites within 15 km are 'King Salmon'. Label probably names the operator's home community, not the site.",medium
f000292,1595,1006,Klawock,copied coordinates,latitude;longitude,"66.54924307,-152.63272144","55.55317,-133.08533",Point duplicates a 'Allakaket' site within 7 m (copied coordinates); CommunityID agrees with label 'Klawock'. Proposed = medoid of the other 7 'Klawock' sites (community-level precision).,medium
f000129,1671,1218,Newtok,copied coordinates,latitude;longitude,"59.93413657,-164.03819378","60.94047,-164.63101",Point duplicates a 'Kipnuk' site within 14 m (copied coordinates); CommunityID agrees with label 'Newtok'. Proposed = medoid of the other 5 'Newtok' sites (community-level precision).,medium
f001579,1692,1273,Noorvik,copied coordinates,latitude;longitude,"64.32290209,-158.72405346","66.83375,-161.039",Point duplicates a 'Kaltag' site within 28 m (copied coordinates); CommunityID agrees with label 'Noorvik'. Proposed = medoid of the other 8 'Noorvik' sites (community-level precision).,medium
f001399,1858,1643,Stevens Village,label names another community,community_name,Stevens Village,Arctic Village,"Independent point (0.1 km from the nearest other-community site); 6 of 6 sites within 15 km are 'Arctic Village'. Label probably names the operator's home community, not the site.",medium
f001269,1372,376,Chefornak,copied coordinates (stack),latitude;longitude,"60.85685837,-162.27652783","60.15795,-164.2801","Exact point shared with facilities of ['Kipnuk', 'Nightmute', 'Tuntutuliak', 'Tununak']; the build merges the stack into ONE site labelled by the first CSV row (consolidate_facilities). Proposed = medoid of own-label sites.",medium
f001632,1373,377,Chefornak,copied coordinates (stack),latitude;longitude,"60.85685837,-162.27652783","60.15795,-164.2801","Exact point shared with facilities of ['Kipnuk', 'Nightmute', 'Tuntutuliak', 'Tununak']; the build merges the stack into ONE site labelled by the first CSV row (consolidate_facilities). Proposed = medoid of own-label sites.",medium
f001581,1375,379,Chefornak,copied coordinates (stack),latitude;longitude,"65.97994995,-161.13175297","60.15795,-164.2801","Exact point shared with facilities of ['Buckland', 'Kongiganak', 'Koyukuk', 'Kwigillingok']; the build merges the stack into ONE site labelled by the first CSV row (consolidate_facilities). Proposed = medoid of own-label sites.",medium
f001514,1385,395,Chevak,copied coordinates (stack),latitude;longitude,"65.33271165,-166.49422415","61.52809,-165.5862","Exact point shared with facilities of ['Brevig Mission', 'Nightmute', 'Stebbins', 'Toksook Bay', 'Tununak']; the build merges the stack into ONE site labelled by the first CSV row (consolidate_facilities). Proposed = medoid of own-label sites.",medium
f001486,1471,684,Galena,copied coordinates (stack),latitude;longitude,"66.56796229,-145.25809","64.74393,-156.87661",Exact point shared with facilities of ['Fort Yukon']; the build merges the stack into ONE site labelled by the first CSV row (consolidate_facilities). Proposed = medoid of own-label sites.,medium
f000066,1475,688,Galena,copied coordinates (stack),latitude;longitude,"66.564199,-145.25763939","64.74393,-156.87661",Exact point shared with facilities of ['Fort Yukon']; the build merges the stack into ONE site labelled by the first CSV row (consolidate_facilities). Proposed = medoid of own-label sites.,medium
f000216,1496,754,Holy Cross,copied coordinates (stack),latitude;longitude,"67.08767141,-157.85672217","62.19671,-159.77015",Exact point shared with facilities of ['Wales']; the build merges the stack into ONE site labelled by the first CSV row (consolidate_facilities). Proposed = medoid of own-label sites.,medium
f000650,1504,786,Hooper Bay,copied coordinates (stack),latitude;longitude,"64.73391882,-156.91880943","61.53062,-166.10234",Exact point shared with facilities of ['Galena']; the build merges the stack into ONE site labelled by the first CSV row (consolidate_facilities). Proposed = medoid of own-label sites.,medium
f000329,1560,891,Kaktovik,copied coordinates (stack),latitude;longitude,"70.48333467,-157.42603502","70.12888,-143.61834","Exact point shared with facilities of ['Atqasuk', 'Nuiqsut', 'Point Hope', 'Point Lay']; the build merges the stack into ONE site labelled by the first CSV row (consolidate_facilities). Proposed = medoid of own-label sites.",medium
f000058,1562,893,Kaktovik,copied coordinates (stack),latitude;longitude,"70.48153169,-157.42508015","70.12888,-143.61834","Exact point shared with facilities of ['Atqasuk', 'Nuiqsut']; the build merges the stack into ONE site labelled by the first CSV row (consolidate_facilities). Proposed = medoid of own-label sites.",medium
f000554,1563,903,Kaltag,copied coordinates (stack),latitude;longitude,"64.87964972,-157.71866756","64.32472,-158.72837",Exact point shared with facilities of ['Koyukuk']; the build merges the stack into ONE site labelled by the first CSV row (consolidate_facilities). Proposed = medoid of own-label sites.,medium
f000227,1578,969,Kiana,copied coordinates (stack),latitude;longitude,"65.98050676,-161.13845313","66.97022,-160.44308",Exact point shared with facilities of ['Selawik']; the build merges the stack into ONE site labelled by the first CSV row (consolidate_facilities). Proposed = medoid of own-label sites.,medium
f001448,1584,988,Kipnuk,copied coordinates (stack),latitude;longitude,"60.85685837,-162.27652783","59.94058,-164.03627","Exact point shared with facilities of ['Chefornak', 'Nightmute', 'Tuntutuliak', 'Tununak']; the build merges the stack into ONE site labelled by the first CSV row (consolidate_facilities). Proposed = medoid of own-label sites.",medium
f000391,1605,1052,Kongiganak,copied coordinates (stack),latitude;longitude,"65.97994995,-161.13175297","59.95892,-162.88771","Exact point shared with facilities of ['Buckland', 'Chefornak', 'Koyukuk', 'Kwigillingok']; the build merges the stack into ONE site labelled by the first CSV row (consolidate_facilities). Proposed = medoid of own-label sites.",medium
f001518,1614,1081,Koyukuk,copied coordinates (stack),latitude;longitude,"65.97994995,-161.13175297","64.88158,-157.7057","Exact point shared with facilities of ['Buckland', 'Chefornak', 'Kongiganak', 'Kwigillingok']; the build merges the stack into ONE site labelled by the first CSV row (consolidate_facilities). Proposed = medoid of own-label sites.",medium
f000435,1618,1095,Kwigillingok,copied coordinates (stack),latitude;longitude,"65.97994995,-161.13175297","59.88183,-163.15163","Exact point shared with facilities of ['Buckland', 'Chefornak', 'Kongiganak', 'Koyukuk']; the build merges the stack into ONE site labelled by the first CSV row (consolidate_facilities). Proposed = medoid of own-label sites.",medium
f000896,1630,1119,Lower Kalskag,copied coordinates (stack),latitude;longitude,"61.58083535,-159.55105162","61.51268,-160.36412","Exact point shared with facilities of ['Aniak', 'Chuathbaluk', 'Red Devil', 'Upper Kalskag']; the build merges the stack into ONE site labelled by the first CSV row (consolidate_facilities). Proposed = medoid of own-label sites.",medium
f000950,1654,1189,Napakiak,copied coordinates (stack),latitude;longitude,"60.8107704,-161.42255776","60.69617,-161.98203",Exact point shared with facilities of ['Toksook Bay']; the build merges the stack into ONE site labelled by the first CSV row (consolidate_facilities). Proposed = medoid of own-label sites.,medium
f000627,1676,1224,Nightmute,copied coordinates (stack),latitude;longitude,"60.85685837,-162.27652783","60.47936,-164.72564","Exact point shared with facilities of ['Chefornak', 'Kipnuk', 'Tuntutuliak', 'Tununak']; the build merges the stack into ONE site labelled by the first CSV row (consolidate_facilities). Proposed = medoid of own-label sites.",medium
f000764,1678,1226,Nightmute,copied coordinates (stack),latitude;longitude,"65.33271165,-166.49422415","60.47936,-164.72564","Exact point shared with facilities of ['Brevig Mission', 'Chevak', 'Stebbins', 'Toksook Bay', 'Tununak']; the build merges the stack into ONE site labelled by the first CSV row (consolidate_facilities). Proposed = medoid of own-label sites.",medium
f001250,1680,1228,Nightmute,copied coordinates (stack),latitude;longitude,"59.75552294,-154.90217449","60.47936,-164.72564",Exact point shared with facilities of ['Perryville']; the build merges the stack into ONE site labelled by the first CSV row (consolidate_facilities). Proposed = medoid of own-label sites.,medium
f001339,1693,1274,Noorvik,copied coordinates (stack),latitude;longitude,"66.97150852,-160.43825735","66.83375,-161.039",Exact point shared with facilities of ['Kiana']; the build merges the stack into ONE site labelled by the first CSV row (consolidate_facilities). Proposed = medoid of own-label sites.,medium
f001746,1696,1277,Noorvik,copied coordinates (stack),latitude;longitude,"66.97150852,-160.43825735","66.83375,-161.039",Exact point shared with facilities of ['Kiana']; the build merges the stack into ONE site labelled by the first CSV row (consolidate_facilities). Proposed = medoid of own-label sites.,medium
f001571,1716,1310,Nuiqsut,copied coordinates (stack),latitude;longitude,"70.48153169,-157.42508015","70.21607,-150.99798","Exact point shared with facilities of ['Atqasuk', 'Kaktovik']; the build merges the stack into ONE site labelled by the first CSV row (consolidate_facilities). Proposed = medoid of own-label sites.",medium
f000920,1717,1311,Nuiqsut,copied coordinates (stack),latitude;longitude,"70.48333467,-157.42603502","70.21607,-150.99798","Exact point shared with facilities of ['Atqasuk', 'Kaktovik', 'Point Hope', 'Point Lay']; the build merges the stack into ONE site labelled by the first CSV row (consolidate_facilities). Proposed = medoid of own-label sites.",medium
f000052,1718,1312,Nuiqsut,copied coordinates (stack),latitude;longitude,"70.48240452,-157.42530546","70.21607,-150.99798","Exact point shared with facilities of ['Atqasuk', 'Point Lay']; the build merges the stack into ONE site labelled by the first CSV row (consolidate_facilities). Proposed = medoid of own-label sites.",medium
f000632,1733,1362,Perryville,copied coordinates (stack),latitude;longitude,"59.75552294,-154.90217449","55.91043,-159.14614",Exact point shared with facilities of ['Nightmute']; the build merges the stack into ONE site labelled by the first CSV row (consolidate_facilities). Proposed = medoid of own-label sites.,medium
f000943,1752,1395,Point Hope,copied coordinates (stack),latitude;longitude,"70.48333467,-157.42603502","68.34952,-166.73593","Exact point shared with facilities of ['Atqasuk', 'Kaktovik', 'Nuiqsut', 'Point Lay']; the build merges the stack into ONE site labelled by the first CSV row (consolidate_facilities). Proposed = medoid of own-label sites.",medium
f001019,1761,1406,Point Lay,copied coordinates (stack),latitude;longitude,"70.12919302,-143.60957182","69.74182,-163.01075",Exact point shared with facilities of ['Kaktovik']; the build merges the stack into ONE site labelled by the first CSV row (consolidate_facilities). Proposed = medoid of own-label sites.,medium
f001590,1762,1407,Point Lay,copied coordinates (stack),latitude;longitude,"70.48240452,-157.42530546","69.74182,-163.01075","Exact point shared with facilities of ['Atqasuk', 'Nuiqsut']; the build merges the stack into ONE site labelled by the first CSV row (consolidate_facilities). Proposed = medoid of own-label sites.",medium
f001076,1763,1408,Point Lay,copied coordinates (stack),latitude;longitude,"70.48333467,-157.42603502","69.74182,-163.01075","Exact point shared with facilities of ['Atqasuk', 'Kaktovik', 'Nuiqsut', 'Point Hope']; the build merges the stack into ONE site labelled by the first CSV row (consolidate_facilities). Proposed = medoid of own-label sites.",medium
f001398,1790,1461,Red Devil,copied coordinates (stack),latitude;longitude,"61.58083535,-159.55105162","61.7825,-157.33684","Exact point shared with facilities of ['Aniak', 'Chuathbaluk', 'Lower Kalskag', 'Upper Kalskag']; the build merges the stack into ONE site labelled by the first CSV row (consolidate_facilities). Proposed = medoid of own-label sites.",medium
f001572,1811,1499,Saint Michael,copied coordinates (stack),latitude;longitude,"65.33289523,-166.48642428","63.47875,-162.03857","Exact point shared with facilities of ['Savoonga', 'Teller']; the build merges the stack into ONE site labelled by the first CSV row (consolidate_facilities). Proposed = medoid of own-label sites.",medium
f000443,1812,1500,Saint Michael,copied coordinates (stack),latitude;longitude,"65.33289523,-166.48642428","63.47875,-162.03857","Exact point shared with facilities of ['Savoonga', 'Teller']; the build merges the stack into ONE site labelled by the first CSV row (consolidate_facilities). Proposed = medoid of own-label sites.",medium
f000719,445,1516,Sand Point,copied coordinates (stack),latitude;longitude,"53.896944,-166.54","55.34522,-160.48963",Exact point shared with facilities of ['Dutch Harbor']; the build merges the stack into ONE site labelled by the first CSV row (consolidate_facilities). Proposed = medoid of own-label sites.,medium
f000139,1826,1527,Savoonga,copied coordinates (stack),latitude;longitude,"65.33289523,-166.48642428","63.69529,-170.48242","Exact point shared with facilities of ['Saint Michael', 'Teller']; the build merges the stack into ONE site labelled by the first CSV row (consolidate_facilities). Proposed = medoid of own-label sites.",medium
f000832,1830,1531,Savoonga,copied coordinates (stack),latitude;longitude,"63.77911319,-171.73405841","63.69529,-170.48242",Exact point shared with facilities of ['Gambell']; the build merges the stack into ONE site labelled by the first CSV row (consolidate_facilities). Proposed = medoid of own-label sites.,medium
f001422,1834,1545,Selawik,copied coordinates (stack),latitude;longitude,"66.97392587,-160.42911638","66.60506,-160.01359",Exact point shared with facilities of ['Kiana']; the build merges the stack into ONE site labelled by the first CSV row (consolidate_facilities). Proposed = medoid of own-label sites.,medium
f000090,1838,1549,Selawik,copied coordinates (stack),latitude;longitude,"65.98050676,-161.13845313","66.60506,-160.01359",Exact point shared with facilities of ['Kiana']; the build merges the stack into ONE site labelled by the first CSV row (consolidate_facilities). Proposed = medoid of own-label sites.,medium
f001261,1855,1639,Stebbins,copied coordinates (stack),latitude;longitude,"65.33271165,-166.49422415","63.51967,-162.28567","Exact point shared with facilities of ['Brevig Mission', 'Chevak', 'Nightmute', 'Toksook Bay', 'Tununak']; the build merges the stack into ONE site labelled by the first CSV row (consolidate_facilities). Proposed = medoid of own-label sites.",medium
f000140,1893,1713,Toksook Bay,copied coordinates (stack),latitude;longitude,"60.8107704,-161.42255776","60.52867,-165.10579",Exact point shared with facilities of ['Napakiak']; the build merges the stack into ONE site labelled by the first CSV row (consolidate_facilities). Proposed = medoid of own-label sites.,medium
f000154,1897,1717,Toksook Bay,copied coordinates (stack),latitude;longitude,"65.33271165,-166.49422415","60.52867,-165.10579","Exact point shared with facilities of ['Brevig Mission', 'Chevak', 'Nightmute', 'Stebbins', 'Tununak']; the build merges the stack into ONE site labelled by the first CSV row (consolidate_facilities). Proposed = medoid of own-label sites.",medium
f000649,1906,1731,Tuntutuliak,copied coordinates (stack),latitude;longitude,"60.85685837,-162.27652783","60.34307,-162.66696","Exact point shared with facilities of ['Chefornak', 'Kipnuk', 'Nightmute', 'Tununak']; the build merges the stack into ONE site labelled by the first CSV row (consolidate_facilities). Proposed = medoid of own-label sites.",medium
f000872,1907,1733,Tununak,copied coordinates (stack),latitude;longitude,"60.85685837,-162.27652783","60.5861,-165.25553","Exact point shared with facilities of ['Chefornak', 'Kipnuk', 'Nightmute', 'Tuntutuliak']; the build merges the stack into ONE site labelled by the first CSV row (consolidate_facilities). Proposed = medoid of own-label sites.",medium
f000368,1910,1736,Tununak,copied coordinates (stack),latitude;longitude,"60.85685837,-162.27652783","60.5861,-165.25553","Exact point shared with facilities of ['Chefornak', 'Kipnuk', 'Nightmute', 'Tuntutuliak']; the build merges the stack into ONE site labelled by the first CSV row (consolidate_facilities). Proposed = medoid of own-label sites.",medium
f000505,1913,1739,Tununak,copied coordinates (stack),latitude;longitude,"65.33271165,-166.49422415","60.5861,-165.25553","Exact point shared with facilities of ['Brevig Mission', 'Chevak', 'Nightmute', 'Stebbins', 'Toksook Bay']; the build merges the stack into ONE site labelled by the first CSV row (consolidate_facilities). Proposed = medoid of own-label sites.",medium
f000653,1923,1771,Upper Kalskag,copied coordinates (stack),latitude;longitude,"61.58083535,-159.55105162","61.53861,-160.3171","Exact point shared with facilities of ['Aniak', 'Chuathbaluk', 'Lower Kalskag', 'Red Devil']; the build merges the stack into ONE site labelled by the first CSV row (consolidate_facilities). Proposed = medoid of own-label sites.",medium
f000836,1924,1772,Upper Kalskag,copied coordinates (stack),latitude;longitude,"61.58083535,-159.55105162","61.53861,-160.3171","Exact point shared with facilities of ['Aniak', 'Chuathbaluk', 'Lower Kalskag', 'Red Devil']; the build merges the stack into ONE site labelled by the first CSV row (consolidate_facilities). Proposed = medoid of own-label sites.",medium
f000941,1937,1808,Wainwright,copied coordinates (stack),latitude;longitude,"70.12871985,-143.6220736","70.63766,-160.03223",Exact point shared with facilities of ['Kaktovik']; the build merges the stack into ONE site labelled by the first CSV row (consolidate_facilities). Proposed = medoid of own-label sites.,medium
f000804,1940,1813,Wales,copied coordinates (stack),latitude;longitude,"67.08767141,-157.85672217","65.60616,-168.08752",Exact point shared with facilities of ['Holy Cross']; the build merges the stack into ONE site labelled by the first CSV row (consolidate_facilities). Proposed = medoid of own-label sites.,medium
f001717,1942,1827,White Mountain,copied coordinates (stack),latitude;longitude,"63.51568716,-162.2855574","64.68376,-163.41349",Exact point shared with facilities of ['Stebbins']; the build merges the stack into ONE site labelled by the first CSV row (consolidate_facilities). Proposed = medoid of own-label sites.,medium
f001783,110,433,Clarks Point,spelling variant (same CommunityID),community_name,Clarks Point,Clark's Point,Same CommunityID as 'Clark's Point' ({16FFACBB-CCBD-4A00-829F-F89904105FD5}); the two spellings form separate hub groups in aggregate_hubs (group key is the raw string).,high
f001658,402,434,Clarks Point,spelling variant (same CommunityID),community_name,Clarks Point,Clark's Point,Same CommunityID as 'Clark's Point' ({16FFACBB-CCBD-4A00-829F-F89904105FD5}); the two spellings form separate hub groups in aggregate_hubs (group key is the raw string).,high
f000037,355,1483,Saint Marys,spelling variant (same CommunityID),community_name,Saint Marys,Saint Mary's,Same CommunityID as 'Saint Mary's' ({8AB67F75-EAB7-4DEB-8885-83230D155E9C}); the two spellings form separate hub groups in aggregate_hubs (group key is the raw string).,high
f001832,763,1484,Saint Marys,spelling variant (same CommunityID),community_name,Saint Marys,Saint Mary's,Same CommunityID as 'Saint Mary's' ({8AB67F75-EAB7-4DEB-8885-83230D155E9C}); the two spellings form separate hub groups in aggregate_hubs (group key is the raw string).,high
f000451,939,1485,Saint Marys,spelling variant (same CommunityID),community_name,Saint Marys,Saint Mary's,Same CommunityID as 'Saint Mary's' ({8AB67F75-EAB7-4DEB-8885-83230D155E9C}); the two spellings form separate hub groups in aggregate_hubs (group key is the raw string).,high
f001107,1093,1486,Saint Marys,spelling variant (same CommunityID),community_name,Saint Marys,Saint Mary's,Same CommunityID as 'Saint Mary's' ({8AB67F75-EAB7-4DEB-8885-83230D155E9C}); the two spellings form separate hub groups in aggregate_hubs (group key is the raw string).,high
f000726,1262,1487,Saint Marys,spelling variant (same CommunityID),community_name,Saint Marys,Saint Mary's,Same CommunityID as 'Saint Mary's' ({8AB67F75-EAB7-4DEB-8885-83230D155E9C}); the two spellings form separate hub groups in aggregate_hubs (group key is the raw string).,high
f000266,167,1480,Saint George Island,spelling variant (same CommunityID),community_name,Saint George Island,Saint George,Same CommunityID as 'Saint George' ({55AFA1A4-5677-44A5-A22C-9F9D370747CE}); the two spellings form separate hub groups in aggregate_hubs (group key is the raw string).,high
f000879,458,1481,Saint George Island,spelling variant (same CommunityID),community_name,Saint George Island,Saint George,Same CommunityID as 'Saint George' ({55AFA1A4-5677-44A5-A22C-9F9D370747CE}); the two spellings form separate hub groups in aggregate_hubs (group key is the raw string).,high
f001280,979,1482,Saint George Island,spelling variant (same CommunityID),community_name,Saint George Island,Saint George,Same CommunityID as 'Saint George' ({55AFA1A4-5677-44A5-A22C-9F9D370747CE}); the two spellings form separate hub groups in aggregate_hubs (group key is the raw string).,high
f000057,40,1509,Saint Paul Island,spelling variant (same CommunityID),community_name,Saint Paul Island,Saint Paul,Same CommunityID as 'Saint Paul' ({B7D914E8-D125-49F0-B374-8AE610E5DBC7}); the two spellings form separate hub groups in aggregate_hubs (group key is the raw string).,high
f000464,35,1510,Saint Paul Island,spelling variant (same CommunityID),community_name,Saint Paul Island,Saint Paul,Same CommunityID as 'Saint Paul' ({B7D914E8-D125-49F0-B374-8AE610E5DBC7}); the two spellings form separate hub groups in aggregate_hubs (group key is the raw string).,high
f000002,459,1511,Saint Paul Island,spelling variant (same CommunityID),community_name,Saint Paul Island,Saint Paul,Same CommunityID as 'Saint Paul' ({B7D914E8-D125-49F0-B374-8AE610E5DBC7}); the two spellings form separate hub groups in aggregate_hubs (group key is the raw string).,high
f001566,890,1512,Saint Paul Island,spelling variant (same CommunityID),community_name,Saint Paul Island,Saint Paul,Same CommunityID as 'Saint Paul' ({B7D914E8-D125-49F0-B374-8AE610E5DBC7}); the two spellings form separate hub groups in aggregate_hubs (group key is the raw string).,high
f001560,998,1513,Saint Paul Island,spelling variant (same CommunityID),community_name,Saint Paul Island,Saint Paul,Same CommunityID as 'Saint Paul' ({B7D914E8-D125-49F0-B374-8AE610E5DBC7}); the two spellings form separate hub groups in aggregate_hubs (group key is the raw string).,high
f000615,1088,1514,Saint Paul Island,spelling variant (same CommunityID),community_name,Saint Paul Island,Saint Paul,Same CommunityID as 'Saint Paul' ({B7D914E8-D125-49F0-B374-8AE610E5DBC7}); the two spellings form separate hub groups in aggregate_hubs (group key is the raw string).,high
f000087,1349,320,Bettles,spelling variant (same CommunityID),community_name,Bettles,Bettles Field,Same CommunityID as 'Bettles Field' ({C4674250-987C-40CD-B550-D246607343D4}); the two spellings form separate hub groups in aggregate_hubs (group key is the raw string).,medium
f000466,1350,321,Bettles,spelling variant (same CommunityID),community_name,Bettles,Bettles Field,Same CommunityID as 'Bettles Field' ({C4674250-987C-40CD-B550-D246607343D4}); the two spellings form separate hub groups in aggregate_hubs (group key is the raw string).,medium
f000762,1351,322,Bettles,spelling variant (same CommunityID),community_name,Bettles,Bettles Field,Same CommunityID as 'Bettles Field' ({C4674250-987C-40CD-B550-D246607343D4}); the two spellings form separate hub groups in aggregate_hubs (group key is the raw string).,medium
f001757,1352,323,Bettles,spelling variant (same CommunityID),community_name,Bettles,Bettles Field,Same CommunityID as 'Bettles Field' ({C4674250-987C-40CD-B550-D246607343D4}); the two spellings form separate hub groups in aggregate_hubs (group key is the raw string).,medium
f000105,1353,324,Bettles,spelling variant (same CommunityID),community_name,Bettles,Bettles Field,Same CommunityID as 'Bettles Field' ({C4674250-987C-40CD-B550-D246607343D4}); the two spellings form separate hub groups in aggregate_hubs (group key is the raw string).,medium
f001735,1219,1198,Naukati,spelling variant (same CommunityID),community_name,Naukati,Naukati Bay,Same CommunityID as 'Naukati Bay' ({D95D0788-C59A-4F16-AB72-3A049B1E1AFC}); the two spellings form separate hub groups in aggregate_hubs (group key is the raw string).,medium
f001058,464,894,Kalskag,spelling variant (same CommunityID),community_name,Kalskag,Upper Kalskag,Same CommunityID as 'Upper Kalskag' ({50BD3072-1166-4F66-BB42-2E68C28DE654}); the two spellings form separate hub groups in aggregate_hubs (group key is the raw string).,medium
f001538,465,895,Kalskag,spelling variant (same CommunityID),community_name,Kalskag,Upper Kalskag,Same CommunityID as 'Upper Kalskag' ({50BD3072-1166-4F66-BB42-2E68C28DE654}); the two spellings form separate hub groups in aggregate_hubs (group key is the raw string).,medium
f001396,916,896,Kalskag,spelling variant (same CommunityID),community_name,Kalskag,Upper Kalskag,Same CommunityID as 'Upper Kalskag' ({50BD3072-1166-4F66-BB42-2E68C28DE654}); the two spellings form separate hub groups in aggregate_hubs (group key is the raw string).,medium
f001160,1163,897,Kalskag,spelling variant (same CommunityID),community_name,Kalskag,Upper Kalskag,Same CommunityID as 'Upper Kalskag' ({50BD3072-1166-4F66-BB42-2E68C28DE654}); the two spellings form separate hub groups in aggregate_hubs (group key is the raw string).,medium
f001305,163,520,Dutch Harbor,spelling variant (same CommunityID),community_name,Dutch Harbor,Unalaska,Same CommunityID as 'Unalaska' ({F020D8C7-7FD0-4AFE-85DC-43D1C0A0B5F0}); the two spellings form separate hub groups in aggregate_hubs (group key is the raw string).,medium
f000895,443,521,Dutch Harbor,spelling variant (same CommunityID),community_name,Dutch Harbor,Unalaska,Same CommunityID as 'Unalaska' ({F020D8C7-7FD0-4AFE-85DC-43D1C0A0B5F0}); the two spellings form separate hub groups in aggregate_hubs (group key is the raw string).,medium
f000335,865,522,Dutch Harbor,spelling variant (same CommunityID),community_name,Dutch Harbor,Unalaska,Same CommunityID as 'Unalaska' ({F020D8C7-7FD0-4AFE-85DC-43D1C0A0B5F0}); the two spellings form separate hub groups in aggregate_hubs (group key is the raw string).,medium
f000532,1049,523,Dutch Harbor,spelling variant (same CommunityID),community_name,Dutch Harbor,Unalaska,Same CommunityID as 'Unalaska' ({F020D8C7-7FD0-4AFE-85DC-43D1C0A0B5F0}); the two spellings form separate hub groups in aggregate_hubs (group key is the raw string).,medium
