facility_pid,facility_id,csv_row,GlobalID,label,field,current_lat,current_lon,proposed_lat,proposed_lon,current_value,proposed_value,confidence,evidence,aea_2025_status,aea_2025_map_lat,aea_2025_map_lon,decision,your_value,notes,reviewed_by,reviewed_on,farm,farm_home,own_farm_ids,own_farm_pts,suggested_lat,suggested_lon,_had_own,recommended_action,why
f000896,1630.0,1119.0,{3EDD2A9C-65E1-4B69-95C6-B86EF44C2A59},Lower Kalskag,latitude;longitude,61.580835,-159.551052,61.51268,-160.36412,"61.58083535,-159.55105162","61.51268,-160.36412",medium,"Exact point shared with facilities of ['Aniak', 'Chuathbaluk', 'Red Devil', 'Upper Kalskag']; the build merges the stack into ONE site labelled by the first CSV row (consolidate_facilities). Proposed = medoid of own-label sites.",unchanged,61.57312,-159.24902,,,,,,108.0,Aniak,237;239,"61.51296,-160.36316;61.51268,-160.36412",61.51296,-160.36316,True,set coordinates + review capacity,Move to Lower Kalskag's own tank-farm area; capacity on this row is the farm 108 total from Aniak — treat as unknown.
f001398,1790.0,1461.0,{A6656A06-FB6E-44F6-8DEB-0A79C30970C9},Red Devil,latitude;longitude,61.580835,-159.551052,61.7825,-157.33684,"61.58083535,-159.55105162","61.7825,-157.33684",medium,"Exact point shared with facilities of ['Aniak', 'Chuathbaluk', 'Lower Kalskag', 'Upper Kalskag']; the build merges the stack into ONE site labelled by the first CSV row (consolidate_facilities). Proposed = medoid of own-label sites.",unchanged,61.57312,-159.24902,,,,,,108.0,Aniak,297;298;299,"61.78302,-157.33671;61.78081,-157.33455;61.78250,-157.33684",61.7825,-157.33684,True,set coordinates + review capacity,Move to Red Devil's own tank-farm area; capacity on this row is the farm 108 total from Aniak — treat as unknown.
f000653,1923.0,1771.0,{405CC19C-36AB-4808-8AB1-CDE994AED352},Upper Kalskag,latitude;longitude,61.580835,-159.551052,61.53861,-160.3171,"61.58083535,-159.55105162","61.53861,-160.3171",medium,"Exact point shared with facilities of ['Aniak', 'Chuathbaluk', 'Lower Kalskag', 'Red Devil']; the build merges the stack into ONE site labelled by the first CSV row (consolidate_facilities). Proposed = medoid of own-label sites.",unchanged,61.57312,-159.24902,,,,,,108.0,Aniak,334;336;337;338,"61.54025,-160.32789;61.53795,-160.32331;61.53861,-160.31710;61.53665,-160.30914",61.53861,-160.3171,True,set coordinates + review capacity,Move to Upper Kalskag's own tank-farm area; capacity on this row is the farm 108 total from Aniak — treat as unknown.
f000836,1924.0,1772.0,{A683A9D1-FB48-4678-8EFF-35498B21F2A5},Upper Kalskag,latitude;longitude,61.580835,-159.551052,61.53861,-160.3171,"61.58083535,-159.55105162","61.53861,-160.3171",medium,"Exact point shared with facilities of ['Aniak', 'Chuathbaluk', 'Lower Kalskag', 'Red Devil']; the build merges the stack into ONE site labelled by the first CSV row (consolidate_facilities). Proposed = medoid of own-label sites.",removed in 2025 file,,,,,,,,108.0,Aniak,334;336;337;338,"61.54025,-160.32789;61.53795,-160.32331;61.53861,-160.31710;61.53665,-160.30914",61.53861,-160.3171,True,drop record,AEA removed this record in the Dec 2025 file (a second copy of the same label on the same farm).
f001486,1471.0,684.0,{D16B7CA0-CE7A-4D65-864E-5B2599DECFA6},Galena,latitude;longitude,66.567962,-145.25809,64.74393,-156.87661,"66.56796229,-145.25809","64.74393,-156.87661",medium,Exact point shared with facilities of ['Fort Yukon']; the build merges the stack into ONE site labelled by the first CSV row (consolidate_facilities). Proposed = medoid of own-label sites.,unchanged,66.56787,-145.25812,,,,,,158.0,Fort Yukon,167;168;172;173;1083;1084,"64.74042,-156.96220;64.73893,-156.94416;64.74394,-156.87272;64.74635,-156.87898;64.74129,-156.87506;64.74280,-156.95198",64.73893,-156.94416,True,set coordinates + review capacity,Move to Galena's own tank-farm area; capacity on this row is the farm 158 total from Fort Yukon — treat as unknown.
f000650,1504.0,786.0,{5283F15A-66DA-4487-8444-EC1A2C43934D},Hooper Bay,latitude;longitude,64.733919,-156.918809,61.53062,-166.10234,"64.73391882,-156.91880943","61.53062,-166.10234",medium,Exact point shared with facilities of ['Galena']; the build merges the stack into ONE site labelled by the first CSV row (consolidate_facilities). Proposed = medoid of own-label sites.,map point corrected Dec 2025,61.52991,-166.1037,,,,,,171.0,Galena,569;570;572;573;575,"61.53062,-166.10234;61.52997,-166.10313;61.53402,-166.10041;61.53320,-166.10294;61.52995,-166.10419",61.52991,-166.1037,True,set coordinates (AEA 2025 point),"AEA moved this record into Hooper Bay in Dec 2025: use 61.52991, -166.1037. Capacity on this row is the other farm's total — treat as unknown."
f000216,1496.0,754.0,{C9AFF599-4CD8-41B4-97E2-04CEFD79683A},Holy Cross,latitude;longitude,67.087671,-157.856722,62.19671,-159.77015,"67.08767141,-157.85672217","62.19671,-159.77015",medium,Exact point shared with facilities of ['Wales']; the build merges the stack into ONE site labelled by the first CSV row (consolidate_facilities). Proposed = medoid of own-label sites.,unchanged,67.08771,-157.85669,,,,,,179.0,Ambler,178,"62.20088,-159.76965",62.20088,-159.76965,True,set coordinates + review capacity,Move to Holy Cross's own tank-farm area; capacity on this row is the farm 179 total from Ambler — treat as unknown.
f000804,1940.0,1813.0,{509CF7C1-AE7E-4289-8EFE-3298B15AD90D},Wales,latitude;longitude,67.087671,-157.856722,65.60616,-168.08752,"67.08767141,-157.85672217","65.60616,-168.08752",medium,Exact point shared with facilities of ['Holy Cross']; the build merges the stack into ONE site labelled by the first CSV row (consolidate_facilities). Proposed = medoid of own-label sites.,unchanged,67.08771,-157.85669,,,,,,179.0,Ambler,519;520,"65.60616,-168.08752;65.60838,-168.09109",65.60616,-168.08752,True,set coordinates + review capacity,Move to Wales's own tank-farm area; capacity on this row is the farm 179 total from Ambler — treat as unknown.
f000554,1563.0,903.0,{4EB90598-665E-44BF-BABD-1D75C638BCF2},Kaltag,latitude;longitude,64.87965,-157.718668,64.32472,-158.72837,"64.87964972,-157.71866756","64.32472,-158.72837",medium,Exact point shared with facilities of ['Koyukuk']; the build merges the stack into ONE site labelled by the first CSV row (consolidate_facilities). Proposed = medoid of own-label sites.,unchanged,64.8797,-157.71869,,,,,,219.0,Koyukuk,217;221;222,"64.32472,-158.72837;64.32558,-158.72293;64.32458,-158.72839",64.32472,-158.72837,True,set coordinates + review capacity,Move to Kaltag's own tank-farm area; capacity on this row is the farm 219 total from Koyukuk — treat as unknown.
f001514,1385.0,395.0,{C558007A-A0AB-4C4D-A836-9CA4EA3BD493},Chevak,latitude;longitude,65.332712,-166.494224,61.52809,-165.5862,"65.33271165,-166.49422415","61.52809,-165.5862",medium,"Exact point shared with facilities of ['Brevig Mission', 'Nightmute', 'Stebbins', 'Toksook Bay', 'Tununak']; the build merges the stack into ONE site labelled by the first CSV row (consolidate_facilities). Proposed = medoid of own-label sites.",unchanged,65.3327,-166.4942,,,,,,377.0,Brevig Mission,529;530;532;533;535;536,"61.52917,-165.58607;61.52809,-165.58620;61.52774,-165.58954;61.52742,-165.58544;61.52855,-165.58472;61.52918,-165.58635",61.52809,-165.5862,True,set coordinates + review capacity,Move to Chevak's own tank-farm area; capacity on this row is the farm 377 total from Brevig Mission — treat as unknown.
f000764,1678.0,1226.0,{6EF0C04D-FA10-46F4-A9C4-91EC73504366},Nightmute,latitude;longitude,65.332712,-166.494224,60.47936,-164.72564,"65.33271165,-166.49422415","60.47936,-164.72564",medium,"Exact point shared with facilities of ['Brevig Mission', 'Chevak', 'Stebbins', 'Toksook Bay', 'Tununak']; the build merges the stack into ONE site labelled by the first CSV row (consolidate_facilities). Proposed = medoid of own-label sites.",unchanged,65.3327,-166.4942,,,,,,377.0,Brevig Mission,620;622;624;626;627,"60.48070,-164.73502;60.47936,-164.72545;60.47927,-164.72551;60.47923,-164.72768;60.47936,-164.72564",60.47936,-164.72564,True,set coordinates + review capacity,Move to Nightmute's own tank-farm area; capacity on this row is the farm 377 total from Brevig Mission — treat as unknown.
f001261,1855.0,1639.0,{743459E3-FCB1-4860-9E07-61BE3B6A04B3},Stebbins,latitude;longitude,65.332712,-166.494224,63.51967,-162.28567,"65.33271165,-166.49422415","63.51967,-162.28567",medium,"Exact point shared with facilities of ['Brevig Mission', 'Chevak', 'Nightmute', 'Toksook Bay', 'Tununak']; the build merges the stack into ONE site labelled by the first CSV row (consolidate_facilities). Proposed = medoid of own-label sites.",unchanged,65.3327,-166.4942,,,,,,377.0,Brevig Mission,703;705,"63.51629,-162.28651;63.52017,-162.28414",63.51629,-162.28651,True,set coordinates + review capacity,Move to Stebbins's own tank-farm area; capacity on this row is the farm 377 total from Brevig Mission — treat as unknown.
f000154,1897.0,1717.0,{F3C6E0AA-DC43-46B0-9BBD-B22D1A9461DF},Toksook Bay,latitude;longitude,65.332712,-166.494224,60.52867,-165.10579,"65.33271165,-166.49422415","60.52867,-165.10579",medium,"Exact point shared with facilities of ['Brevig Mission', 'Chevak', 'Nightmute', 'Stebbins', 'Tununak']; the build merges the stack into ONE site labelled by the first CSV row (consolidate_facilities). Proposed = medoid of own-label sites.",unchanged,65.3327,-166.4942,,,,,,377.0,Brevig Mission,717;720,"60.52933,-165.10670;60.52867,-165.10579",60.52933,-165.1067,True,set coordinates + review capacity,Move to Toksook Bay's own tank-farm area; capacity on this row is the farm 377 total from Brevig Mission — treat as unknown.
f000505,1913.0,1739.0,{60EDEA84-04E5-4ED4-912D-1CDA85E970A2},Tununak,latitude;longitude,65.332712,-166.494224,60.5861,-165.25553,"65.33271165,-166.49422415","60.5861,-165.25553",medium,"Exact point shared with facilities of ['Brevig Mission', 'Chevak', 'Nightmute', 'Stebbins', 'Toksook Bay']; the build merges the stack into ONE site labelled by the first CSV row (consolidate_facilities). Proposed = medoid of own-label sites.",unchanged,65.3327,-166.4942,,,,,,377.0,Brevig Mission,708;709;711,"60.58295,-165.26005;60.58562,-165.25409;60.58610,-165.25553",60.5861,-165.25553,True,set coordinates + review capacity,Move to Tununak's own tank-farm area; capacity on this row is the farm 377 total from Brevig Mission — treat as unknown.
f001581,1375.0,379.0,{D87C846D-981B-4E88-AB27-A2DDBF25E98C},Chefornak,latitude;longitude,65.97995,-161.131753,60.15795,-164.2801,"65.97994995,-161.13175297","60.15795,-164.2801",medium,"Exact point shared with facilities of ['Buckland', 'Kongiganak', 'Koyukuk', 'Kwigillingok']; the build merges the stack into ONE site labelled by the first CSV row (consolidate_facilities). Proposed = medoid of own-label sites.",unchanged,65.97992,-161.13177,,,,,,385.0,Buckland,762;763;767,"60.15795,-164.28010;60.15824,-164.28074;60.15878,-164.27636",60.15795,-164.2801,True,set coordinates + review capacity,Move to Chefornak's own tank-farm area; capacity on this row is the farm 385 total from Buckland — treat as unknown.
f000391,1605.0,1052.0,{5966569A-E364-492E-AF3E-4EE7DCE3828B},Kongiganak,latitude;longitude,65.97995,-161.131753,59.95892,-162.88771,"65.97994995,-161.13175297","59.95892,-162.88771",medium,"Exact point shared with facilities of ['Buckland', 'Chefornak', 'Koyukuk', 'Kwigillingok']; the build merges the stack into ONE site labelled by the first CSV row (consolidate_facilities). Proposed = medoid of own-label sites.",unchanged,65.97992,-161.13177,,,,,,385.0,Buckland,804;806;807;808;809,"59.95891,-162.88926;59.95891,-162.88926;59.95884,-162.88742;59.95970,-162.89087;59.95892,-162.88771",59.95891,-162.88926,True,set coordinates + review capacity,Move to Kongiganak's own tank-farm area; capacity on this row is the farm 385 total from Buckland — treat as unknown.
f001518,1614.0,1081.0,{63C660C1-0960-4011-81E0-33F443CB730D},Koyukuk,latitude;longitude,65.97995,-161.131753,64.88158,-157.7057,"65.97994995,-161.13175297","64.88158,-157.7057",medium,"Exact point shared with facilities of ['Buckland', 'Chefornak', 'Kongiganak', 'Kwigillingok']; the build merges the stack into ONE site labelled by the first CSV row (consolidate_facilities). Proposed = medoid of own-label sites.",unchanged,65.97992,-161.13177,,,,,,385.0,Buckland,,,64.88158,-157.7057,False,set coordinates,No AEA tank-farm record for Koyukuk; suggested = typical Koyukuk site from other sources. Capacity on this row is the farm 385 total from Buckland — treat as unknown.
f000435,1618.0,1095.0,{BA9A56A1-5224-45F0-B0DD-070DBFFB2559},Kwigillingok,latitude;longitude,65.97995,-161.131753,59.88183,-163.15163,"65.97994995,-161.13175297","59.88183,-163.15163",medium,"Exact point shared with facilities of ['Buckland', 'Chefornak', 'Kongiganak', 'Koyukuk']; the build merges the stack into ONE site labelled by the first CSV row (consolidate_facilities). Proposed = medoid of own-label sites.",unchanged,65.97992,-161.13177,,,,,,385.0,Buckland,,,59.88183,-163.15163,False,set coordinates,No AEA tank-farm record for Kwigillingok; suggested = typical Kwigillingok site from other sources. Capacity on this row is the farm 385 total from Buckland — treat as unknown.
f001019,1761.0,1406.0,{11C61E2B-C979-4D51-A901-5BDF8ABBF907},Point Lay,latitude;longitude,70.129193,-143.609572,69.74182,-163.01075,"70.12919302,-143.60957182","69.74182,-163.01075",medium,Exact point shared with facilities of ['Kaktovik']; the build merges the stack into ONE site labelled by the first CSV row (consolidate_facilities). Proposed = medoid of own-label sites.,map point corrected Dec 2025,69.74353,-163.00189,,,,,,397.0,Kaktovik,461;463;464;465;466;1099,"69.74064,-163.00412;69.74182,-163.01075;69.74103,-163.00581;69.74086,-163.01218;69.74289,-163.00832;69.74125,-163.01308",69.74353,-163.00189,True,set coordinates (AEA 2025 point),"AEA moved this record into Point Lay in Dec 2025: use 69.74353, -163.00189. Capacity on this row is the other farm's total — treat as unknown."
f000941,1937.0,1808.0,{52EA8B6C-5DEE-4586-9B19-043A22000B12},Wainwright,latitude;longitude,70.12872,-143.622074,70.63766,-160.03223,"70.12871985,-143.6220736","70.63766,-160.03223",medium,Exact point shared with facilities of ['Kaktovik']; the build merges the stack into ONE site labelled by the first CSV row (consolidate_facilities). Proposed = medoid of own-label sites.,unchanged,70.12872,-143.62201,,,,,,403.0,Kaktovik,506;508;509;510;511;512;514;515,"70.63606,-160.03373;70.63716,-160.02891;70.63768,-160.02965;70.63786,-160.03289;70.63764,-160.03222;70.63818,-160.03281;70.64280,-160.02167;70.64005,-160.01103",70.63768,-160.02965,True,set coordinates + review capacity,Move to Wainwright's own tank-farm area; capacity on this row is the farm 403 total from Kaktovik — treat as unknown.
f001339,1693.0,1274.0,{41F25397-8168-4A24-BE43-C7E6935BB5AB},Noorvik,latitude;longitude,66.971509,-160.438257,66.83375,-161.039,"66.97150852,-160.43825735","66.83375,-161.039",medium,Exact point shared with facilities of ['Kiana']; the build merges the stack into ONE site labelled by the first CSV row (consolidate_facilities). Proposed = medoid of own-label sites.,map point corrected Dec 2025,66.83289,-161.04431,,,,,,408.0,Kiana,432;434;436;437,"64.32290,-158.72405;66.83374,-161.03908;66.83251,-161.04842;66.83652,-161.04026",66.83289,-161.04431,True,set coordinates (AEA 2025 point),"AEA moved this record into Noorvik in Dec 2025: use 66.83289, -161.04431. Capacity on this row is the other farm's total — treat as unknown."
f001746,1696.0,1277.0,{74D2D10D-C73A-4939-AF83-A4D6FE538506},Noorvik,latitude;longitude,66.971509,-160.438257,66.83375,-161.039,"66.97150852,-160.43825735","66.83375,-161.039",medium,Exact point shared with facilities of ['Kiana']; the build merges the stack into ONE site labelled by the first CSV row (consolidate_facilities). Proposed = medoid of own-label sites.,removed in 2025 file,,,,,,,,408.0,Kiana,432;434;436;437,"64.32290,-158.72405;66.83374,-161.03908;66.83251,-161.04842;66.83652,-161.04026",66.83374,-161.03908,True,drop record,AEA removed this record in the Dec 2025 file (a second copy of the same label on the same farm).
f001422,1834.0,1545.0,{2A288E05-E61D-4E46-AE4D-C7D9102802EA},Selawik,latitude;longitude,66.973926,-160.429116,66.60506,-160.01359,"66.97392587,-160.42911638","66.60506,-160.01359",medium,Exact point shared with facilities of ['Kiana']; the build merges the stack into ONE site labelled by the first CSV row (consolidate_facilities). Proposed = medoid of own-label sites.,unchanged,66.97388,-160.42908,,,,,,410.0,Kiana,469;470;471,"66.60635,-160.01539;66.59877,-160.00888;66.60506,-160.01359",66.60506,-160.01359,True,set coordinates + review capacity,Move to Selawik's own tank-farm area; capacity on this row is the farm 410 total from Kiana — treat as unknown.
f000227,1578.0,969.0,{E3EF8439-0613-41E1-B9C0-DC105BB3B3C0},Kiana,latitude;longitude,65.980507,-161.138453,66.97022,-160.44308,"65.98050676,-161.13845313","66.97022,-160.44308",medium,Exact point shared with facilities of ['Selawik']; the build merges the stack into ONE site labelled by the first CSV row (consolidate_facilities). Proposed = medoid of own-label sites.,unchanged,65.98053,-161.13843,,,,,,415.0,Buckland,412;413;414,"66.97529,-160.43403;66.97530,-160.43377;66.97276,-160.43679",66.97529,-160.43403,True,set coordinates + review capacity,Move to Kiana's own tank-farm area; capacity on this row is the farm 415 total from Buckland — treat as unknown.
f000090,1838.0,1549.0,{A5398AFB-3BA8-40B9-8A1A-2886C4335A54},Selawik,latitude;longitude,65.980507,-161.138453,66.60506,-160.01359,"65.98050676,-161.13845313","66.60506,-160.01359",medium,Exact point shared with facilities of ['Kiana']; the build merges the stack into ONE site labelled by the first CSV row (consolidate_facilities). Proposed = medoid of own-label sites.,unchanged,65.98053,-161.13843,,,,,,415.0,Buckland,469;470;471,"66.60635,-160.01539;66.59877,-160.00888;66.60506,-160.01359",66.60506,-160.01359,True,set coordinates + review capacity,Move to Selawik's own tank-farm area; capacity on this row is the farm 415 total from Buckland — treat as unknown.
f000832,1830.0,1531.0,{C8EC9D39-F5C7-4B8E-94A5-4B7BE891EF44},Savoonga,latitude;longitude,63.779113,-171.734058,63.69529,-170.48242,"63.77911319,-171.73405841","63.69529,-170.48242",medium,Exact point shared with facilities of ['Gambell']; the build merges the stack into ONE site labelled by the first CSV row (consolidate_facilities). Proposed = medoid of own-label sites.,unchanged,63.77911,-171.73401,,,,,,565.0,Gambell,644;648;649,"63.69638,-170.47821;63.69616,-170.47379;63.69556,-170.48432",63.69638,-170.47821,True,set coordinates + review capacity,Move to Savoonga's own tank-farm area; capacity on this row is the farm 565 total from Gambell — treat as unknown.
f001250,1680.0,1228.0,{39943186-EB34-4A7C-B510-E1F60F6E5B77},Nightmute,latitude;longitude,59.755523,-154.902174,60.47936,-164.72564,"59.75552294,-154.90217449","60.47936,-164.72564",medium,Exact point shared with facilities of ['Perryville']; the build merges the stack into ONE site labelled by the first CSV row (consolidate_facilities). Proposed = medoid of own-label sites.,unchanged,59.75549,-154.9021,,,,,,621.0,Iliamna,620;622;624;626;627,"60.48070,-164.73502;60.47936,-164.72545;60.47927,-164.72551;60.47923,-164.72768;60.47936,-164.72564",60.47936,-164.72564,True,set coordinates + review capacity,Move to Nightmute's own tank-farm area; capacity on this row is the farm 621 total from Iliamna — treat as unknown.
f000632,1733.0,1362.0,{4533136B-B178-4EEB-8F4E-1BBF21C03ABE},Perryville,latitude;longitude,59.755523,-154.902174,55.91043,-159.14614,"59.75552294,-154.90217449","55.91043,-159.14614",medium,Exact point shared with facilities of ['Nightmute']; the build merges the stack into ONE site labelled by the first CSV row (consolidate_facilities). Proposed = medoid of own-label sites.,unchanged,59.75549,-154.9021,,,,,,621.0,Iliamna,984,"55.91043,-159.14614",55.91043,-159.14614,True,set coordinates + review capacity,Move to Perryville's own tank-farm area; capacity on this row is the farm 621 total from Iliamna — treat as unknown.
f001572,1811.0,1499.0,{7A206A94-00D4-4121-BA0A-35593A0FADDC},Saint Michael,latitude;longitude,65.332895,-166.486424,63.47875,-162.03857,"65.33289523,-166.48642428","63.47875,-162.03857",medium,"Exact point shared with facilities of ['Savoonga', 'Teller']; the build merges the stack into ONE site labelled by the first CSV row (consolidate_facilities). Proposed = medoid of own-label sites.",unchanged,65.33289,-166.48639,,,,,,694.0,Brevig Mission,691;696;697;698,"63.47803,-162.03825;63.47743,-162.02938;63.47821,-162.04142;63.47941,-162.03336",63.47803,-162.03825,True,set coordinates + review capacity,Move to Saint Michael's own tank-farm area; capacity on this row is the farm 694 total from Brevig Mission — treat as unknown.
f000443,1812.0,1500.0,{E4603DF1-062E-46B4-B972-86EC06249D23},Saint Michael,latitude;longitude,65.332895,-166.486424,63.47875,-162.03857,"65.33289523,-166.48642428","63.47875,-162.03857",medium,"Exact point shared with facilities of ['Savoonga', 'Teller']; the build merges the stack into ONE site labelled by the first CSV row (consolidate_facilities). Proposed = medoid of own-label sites.",removed in 2025 file,,,,,,,,694.0,Brevig Mission,691;696;697;698,"63.47803,-162.03825;63.47743,-162.02938;63.47821,-162.04142;63.47941,-162.03336",63.47803,-162.03825,True,drop record,AEA removed this record in the Dec 2025 file (a second copy of the same label on the same farm).
f000139,1826.0,1527.0,{8970B1E0-DE4E-4A98-8A1B-5C858F18F05A},Savoonga,latitude;longitude,65.332895,-166.486424,63.69529,-170.48242,"65.33289523,-166.48642428","63.69529,-170.48242",medium,"Exact point shared with facilities of ['Saint Michael', 'Teller']; the build merges the stack into ONE site labelled by the first CSV row (consolidate_facilities). Proposed = medoid of own-label sites.",unchanged,65.33289,-166.48639,,,,,,694.0,Brevig Mission,644;648;649,"63.69638,-170.47821;63.69616,-170.47379;63.69556,-170.48432",63.69638,-170.47821,True,set coordinates + review capacity,Move to Savoonga's own tank-farm area; capacity on this row is the farm 694 total from Brevig Mission — treat as unknown.
f001717,1942.0,1827.0,{3758A00D-FA89-45EA-85FB-DE30F19E5DBC},White Mountain,latitude;longitude,63.515687,-162.285557,64.68376,-163.41349,"63.51568716,-162.2855574","64.68376,-163.41349",medium,Exact point shared with facilities of ['Stebbins']; the build merges the stack into ONE site labelled by the first CSV row (consolidate_facilities). Proposed = medoid of own-label sites.,unchanged,63.51569,-162.28558,,,,,,706.0,Stebbins,736;738,"64.68227,-163.41127;64.68376,-163.41349",64.68227,-163.41127,True,set coordinates + review capacity,Move to White Mountain's own tank-farm area; capacity on this row is the farm 706 total from Stebbins — treat as unknown.
f001269,1372.0,376.0,{5C01B036-AAC1-4876-BF5E-30428802A639},Chefornak,latitude;longitude,60.856858,-162.276528,60.15795,-164.2801,"60.85685837,-162.27652783","60.15795,-164.2801",medium,"Exact point shared with facilities of ['Kipnuk', 'Nightmute', 'Tuntutuliak', 'Tununak']; the build merges the stack into ONE site labelled by the first CSV row (consolidate_facilities). Proposed = medoid of own-label sites.",unchanged,60.85687,-162.27649,,,,,,710.0,Atmautluak,762;763;767,"60.15795,-164.28010;60.15824,-164.28074;60.15878,-164.27636",60.15795,-164.2801,True,set coordinates + review capacity,"Farm 710 (Atmautluak, 24,700 gal) has NO Atmautluak-labelled record; consider relabelling ONE of these 7 rows to 'Atmautluak' (keep its position) and moving the rest."
f001632,1373.0,377.0,{DACE43E7-3929-4EAF-A8BD-A30101E62AD1},Chefornak,latitude;longitude,60.856858,-162.276528,60.15795,-164.2801,"60.85685837,-162.27652783","60.15795,-164.2801",medium,"Exact point shared with facilities of ['Kipnuk', 'Nightmute', 'Tuntutuliak', 'Tununak']; the build merges the stack into ONE site labelled by the first CSV row (consolidate_facilities). Proposed = medoid of own-label sites.",removed in 2025 file,,,,,,,,710.0,Atmautluak,762;763;767,"60.15795,-164.28010;60.15824,-164.28074;60.15878,-164.27636",60.15795,-164.2801,True,drop record,AEA removed this record in the Dec 2025 file (a second copy of the same label on the same farm).
f001448,1584.0,988.0,{72E67206-F008-47E9-AE98-4C85EAD98765},Kipnuk,latitude;longitude,60.856858,-162.276528,59.94058,-164.03627,"60.85685837,-162.27652783","59.94058,-164.03627",medium,"Exact point shared with facilities of ['Chefornak', 'Nightmute', 'Tuntutuliak', 'Tununak']; the build merges the stack into ONE site labelled by the first CSV row (consolidate_facilities). Proposed = medoid of own-label sites.",unchanged,60.85687,-162.27649,,,,,,710.0,Atmautluak,799;800,"59.93774,-164.03998;59.93820,-164.03709",59.93774,-164.03998,True,set coordinates + review capacity,"Farm 710 (Atmautluak, 24,700 gal) has NO Atmautluak-labelled record; consider relabelling ONE of these 7 rows to 'Atmautluak' (keep its position) and moving the rest."
f000627,1676.0,1224.0,{AE061686-3F3E-4156-A901-5DDB6E3F0237},Nightmute,latitude;longitude,60.856858,-162.276528,60.47936,-164.72564,"60.85685837,-162.27652783","60.47936,-164.72564",medium,"Exact point shared with facilities of ['Chefornak', 'Kipnuk', 'Tuntutuliak', 'Tununak']; the build merges the stack into ONE site labelled by the first CSV row (consolidate_facilities). Proposed = medoid of own-label sites.",unchanged,60.85687,-162.27649,,,,,,710.0,Atmautluak,620;622;624;626;627,"60.48070,-164.73502;60.47936,-164.72545;60.47927,-164.72551;60.47923,-164.72768;60.47936,-164.72564",60.47936,-164.72564,True,set coordinates + review capacity,"Farm 710 (Atmautluak, 24,700 gal) has NO Atmautluak-labelled record; consider relabelling ONE of these 7 rows to 'Atmautluak' (keep its position) and moving the rest."
f000649,1906.0,1731.0,{96705E92-63AB-41A0-B0E8-52639E90CEC8},Tuntutuliak,latitude;longitude,60.856858,-162.276528,60.34307,-162.66696,"60.85685837,-162.27652783","60.34307,-162.66696",medium,"Exact point shared with facilities of ['Chefornak', 'Kipnuk', 'Nightmute', 'Tununak']; the build merges the stack into ONE site labelled by the first CSV row (consolidate_facilities). Proposed = medoid of own-label sites.",unchanged,60.85687,-162.27649,,,,,,710.0,Atmautluak,876;878,"60.34307,-162.66696;60.33872,-162.66535",60.34307,-162.66696,True,set coordinates + review capacity,"Farm 710 (Atmautluak, 24,700 gal) has NO Atmautluak-labelled record; consider relabelling ONE of these 7 rows to 'Atmautluak' (keep its position) and moving the rest."
f000872,1907.0,1733.0,{D32639C4-3E15-4313-904F-B53FE9C4C207},Tununak,latitude;longitude,60.856858,-162.276528,60.5861,-165.25553,"60.85685837,-162.27652783","60.5861,-165.25553",medium,"Exact point shared with facilities of ['Chefornak', 'Kipnuk', 'Nightmute', 'Tuntutuliak']; the build merges the stack into ONE site labelled by the first CSV row (consolidate_facilities). Proposed = medoid of own-label sites.",unchanged,60.85687,-162.27649,,,,,,710.0,Atmautluak,708;709;711,"60.58295,-165.26005;60.58562,-165.25409;60.58610,-165.25553",60.5861,-165.25553,True,set coordinates + review capacity,"Farm 710 (Atmautluak, 24,700 gal) has NO Atmautluak-labelled record; consider relabelling ONE of these 7 rows to 'Atmautluak' (keep its position) and moving the rest."
f000368,1910.0,1736.0,{558BB9D2-4F54-4E1C-95C2-9295EBEAC1CD},Tununak,latitude;longitude,60.856858,-162.276528,60.5861,-165.25553,"60.85685837,-162.27652783","60.5861,-165.25553",medium,"Exact point shared with facilities of ['Chefornak', 'Kipnuk', 'Nightmute', 'Tuntutuliak']; the build merges the stack into ONE site labelled by the first CSV row (consolidate_facilities). Proposed = medoid of own-label sites.",removed in 2025 file,,,,,,,,710.0,Atmautluak,708;709;711,"60.58295,-165.26005;60.58562,-165.25409;60.58610,-165.25553",60.5861,-165.25553,True,drop record,AEA removed this record in the Dec 2025 file (a second copy of the same label on the same farm).
f000950,1654.0,1189.0,{E8C7FE98-2833-47DB-A566-8D25750D48D2},Napakiak,latitude;longitude,60.81077,-161.422558,60.69617,-161.98203,"60.8107704,-161.42255776","60.69617,-161.98203",medium,Exact point shared with facilities of ['Toksook Bay']; the build merges the stack into ONE site labelled by the first CSV row (consolidate_facilities). Proposed = medoid of own-label sites.,unchanged,60.81091,-161.42249,,,,,,830.0,Kwethluk,831;833;834,"60.69617,-161.98203;60.69605,-161.97867;60.69351,-161.97263",60.69605,-161.97867,True,set coordinates + review capacity,Move to Napakiak's own tank-farm area; capacity on this row is the farm 830 total from Kwethluk — treat as unknown.
f000140,1893.0,1713.0,{83F3B425-DC65-4A0B-94B5-14D3D08E5901},Toksook Bay,latitude;longitude,60.81077,-161.422558,60.52867,-165.10579,"60.8107704,-161.42255776","60.52867,-165.10579",medium,Exact point shared with facilities of ['Napakiak']; the build merges the stack into ONE site labelled by the first CSV row (consolidate_facilities). Proposed = medoid of own-label sites.,unchanged,60.81091,-161.42249,,,,,,830.0,Kwethluk,717;720,"60.52933,-165.10670;60.52867,-165.10579",60.52933,-165.1067,True,set coordinates + review capacity,Move to Toksook Bay's own tank-farm area; capacity on this row is the farm 830 total from Kwethluk — treat as unknown.
f000058,1562.0,893.0,{29A9858B-A138-476A-942F-BA787BE7179B},Kaktovik,latitude;longitude,70.481532,-157.42508,70.12888,-143.61834,"70.48153169,-157.42508015","70.12888,-143.61834",medium,"Exact point shared with facilities of ['Atqasuk', 'Nuiqsut']; the build merges the stack into ONE site labelled by the first CSV row (consolidate_facilities). Proposed = medoid of own-label sites.",unchanged,70.48151,-157.42511,,,,,,1087.0,Atqasuk,396;398;399;400;401;402;404;405;406;407;1086,"70.12983,-143.62136;70.13045,-143.63616;70.12888,-143.61834;70.13255,-143.61862;70.13220,-143.61809;70.13209,-143.62018;70.12703,-143.61618;70.12577,-143.61955;70.12612,-143.61537;70.12938,-143.61026;70.12884,-143.60779",70.12888,-143.61834,True,set coordinates + review capacity,Move to Kaktovik's own tank-farm area; capacity on this row is the farm 1087 total from Atqasuk — treat as unknown.
f001571,1716.0,1310.0,{32E46B3B-A68A-4AED-A995-44AABFBA609D},Nuiqsut,latitude;longitude,70.481532,-157.42508,70.21607,-150.99798,"70.48153169,-157.42508015","70.21607,-150.99798",medium,"Exact point shared with facilities of ['Atqasuk', 'Kaktovik']; the build merges the stack into ONE site labelled by the first CSV row (consolidate_facilities). Proposed = medoid of own-label sites.",unchanged,70.48151,-157.42511,,,,,,1087.0,Atqasuk,438;439;440;441;442;443;444;445;446;447;448;449;450;1096,"70.22034,-150.99622;70.22212,-151.00076;70.21607,-150.99798;70.21364,-150.99820;70.21383,-150.99710;70.21812,-151.00056;70.21997,-150.99897;70.21667,-151.00096;70.21358,-150.99809;70.21523,-151.00004;70.21423,-150.99894;70.21427,-150.99901;70.21481,-150.99487;70.22026,-150.99439",70.21607,-150.99798,True,set coordinates + review capacity,Move to Nuiqsut's own tank-farm area; capacity on this row is the farm 1087 total from Atqasuk — treat as unknown.
f000329,1560.0,891.0,{CC2BF2C6-ADA9-481E-9BD6-76C5A72A34F4},Kaktovik,latitude;longitude,70.483335,-157.426035,70.12888,-143.61834,"70.48333467,-157.42603502","70.12888,-143.61834",medium,"Exact point shared with facilities of ['Atqasuk', 'Nuiqsut', 'Point Hope', 'Point Lay']; the build merges the stack into ONE site labelled by the first CSV row (consolidate_facilities). Proposed = medoid of own-label sites.",removed in 2025 file,,,,,,,,1094.0,Atqasuk,396;398;399;400;401;402;404;405;406;407;1086,"70.12983,-143.62136;70.13045,-143.63616;70.12888,-143.61834;70.13255,-143.61862;70.13220,-143.61809;70.13209,-143.62018;70.12703,-143.61618;70.12577,-143.61955;70.12612,-143.61537;70.12938,-143.61026;70.12884,-143.60779",70.12888,-143.61834,True,drop record,AEA removed this record in the Dec 2025 file (AEA deleted all four non-Atqasuk records on farm 1094).
f000920,1717.0,1311.0,{F5682527-F6B3-4629-A821-3EEFC8B9A7F1},Nuiqsut,latitude;longitude,70.483335,-157.426035,70.21607,-150.99798,"70.48333467,-157.42603502","70.21607,-150.99798",medium,"Exact point shared with facilities of ['Atqasuk', 'Kaktovik', 'Point Hope', 'Point Lay']; the build merges the stack into ONE site labelled by the first CSV row (consolidate_facilities). Proposed = medoid of own-label sites.",removed in 2025 file,,,,,,,,1094.0,Atqasuk,438;439;440;441;442;443;444;445;446;447;448;449;450;1096,"70.22034,-150.99622;70.22212,-151.00076;70.21607,-150.99798;70.21364,-150.99820;70.21383,-150.99710;70.21812,-151.00056;70.21997,-150.99897;70.21667,-151.00096;70.21358,-150.99809;70.21523,-151.00004;70.21423,-150.99894;70.21427,-150.99901;70.21481,-150.99487;70.22026,-150.99439",70.21607,-150.99798,True,drop record,AEA removed this record in the Dec 2025 file (AEA deleted all four non-Atqasuk records on farm 1094).
f000943,1752.0,1395.0,{7C70AEC7-1C3A-4867-92DF-B24C9EED18CF},Point Hope,latitude;longitude,70.483335,-157.426035,68.34952,-166.73593,"70.48333467,-157.42603502","68.34952,-166.73593",medium,"Exact point shared with facilities of ['Atqasuk', 'Kaktovik', 'Nuiqsut', 'Point Lay']; the build merges the stack into ONE site labelled by the first CSV row (consolidate_facilities). Proposed = medoid of own-label sites.",removed in 2025 file,,,,,,,,1094.0,Atqasuk,451;452;453;456;457;458;459;460;1097,"68.34837,-166.73739;68.34876,-166.73152;68.34984,-166.71778;68.34975,-166.73595;68.34973,-166.73566;68.34996,-166.71943;68.34726,-166.73992;68.34617,-166.74681;68.34988,-166.71858",68.34876,-166.73152,True,drop record,AEA removed this record in the Dec 2025 file (AEA deleted all four non-Atqasuk records on farm 1094).
f001076,1763.0,1408.0,{AC7AE947-7B03-4A9E-ADDF-90A993019617},Point Lay,latitude;longitude,70.483335,-157.426035,69.74182,-163.01075,"70.48333467,-157.42603502","69.74182,-163.01075",medium,"Exact point shared with facilities of ['Atqasuk', 'Kaktovik', 'Nuiqsut', 'Point Hope']; the build merges the stack into ONE site labelled by the first CSV row (consolidate_facilities). Proposed = medoid of own-label sites.",removed in 2025 file,,,,,,,,1094.0,Atqasuk,461;463;464;465;466;1099,"69.74064,-163.00412;69.74182,-163.01075;69.74103,-163.00581;69.74086,-163.01218;69.74289,-163.00832;69.74125,-163.01308",69.74182,-163.01075,True,drop record,AEA removed this record in the Dec 2025 file (AEA deleted all four non-Atqasuk records on farm 1094).
f000052,1718.0,1312.0,{EE035FC2-70D9-42A6-B940-D1F97F642616},Nuiqsut,latitude;longitude,70.482405,-157.425305,70.21607,-150.99798,"70.48240452,-157.42530546","70.21607,-150.99798",medium,"Exact point shared with facilities of ['Atqasuk', 'Point Lay']; the build merges the stack into ONE site labelled by the first CSV row (consolidate_facilities). Proposed = medoid of own-label sites.",unchanged,70.48248,-157.42529,,,,,,1095.0,Atqasuk,438;439;440;441;442;443;444;445;446;447;448;449;450;1096,"70.22034,-150.99622;70.22212,-151.00076;70.21607,-150.99798;70.21364,-150.99820;70.21383,-150.99710;70.21812,-151.00056;70.21997,-150.99897;70.21667,-151.00096;70.21358,-150.99809;70.21523,-151.00004;70.21423,-150.99894;70.21427,-150.99901;70.21481,-150.99487;70.22026,-150.99439",70.21607,-150.99798,True,set coordinates + review capacity,Move to Nuiqsut's own tank-farm area; capacity on this row is the farm 1095 total from Atqasuk — treat as unknown.
f001590,1762.0,1407.0,{678A81B7-2420-44FE-AABF-C45E6E48CC82},Point Lay,latitude;longitude,70.482405,-157.425305,69.74182,-163.01075,"70.48240452,-157.42530546","69.74182,-163.01075",medium,"Exact point shared with facilities of ['Atqasuk', 'Nuiqsut']; the build merges the stack into ONE site labelled by the first CSV row (consolidate_facilities). Proposed = medoid of own-label sites.",unchanged,70.48248,-157.42529,,,,,,1095.0,Atqasuk,461;463;464;465;466;1099,"69.74064,-163.00412;69.74182,-163.01075;69.74103,-163.00581;69.74086,-163.01218;69.74289,-163.00832;69.74125,-163.01308",69.74182,-163.01075,True,set coordinates + review capacity,Move to Point Lay's own tank-farm area; capacity on this row is the farm 1095 total from Atqasuk — treat as unknown.
f000066,1475.0,688.0,{F0FFCC8F-A5B7-4ADC-8C28-C7FC319FCDDB},Galena,latitude;longitude,66.564199,-145.257639,64.74393,-156.87661,"66.564199,-145.25763939","64.74393,-156.87661",medium,Exact point shared with facilities of ['Fort Yukon']; the build merges the stack into ONE site labelled by the first CSV row (consolidate_facilities). Proposed = medoid of own-label sites.,unchanged,66.56427,-145.25763,,,,,,,,,,64.74393,-156.87661,False,set coordinates,Not an AEA tank-farm record (source DEC/USCG); its point copies another community's site. Suggested = typical Galena site position.
f000719,445.0,1516.0,{EF7B6BA1-2FF6-404A-9A5F-01A83B09D969},Sand Point,latitude;longitude,53.896944,-166.54,55.34522,-160.48963,"53.896944,-166.54","55.34522,-160.48963",medium,Exact point shared with facilities of ['Dutch Harbor']; the build merges the stack into ONE site labelled by the first CSV row (consolidate_facilities). Proposed = medoid of own-label sites.,unchanged,53.89709,-166.53998,,,,,,,,,,55.34522,-160.48963,False,set coordinates,Not an AEA tank-farm record (source DEC/USCG); its point copies another community's site. Suggested = typical Sand Point site position.
