Origin,Destination,Carrier,Notes,Source,Origin_Airport_Name,Origin_FAA_ID,Origin_ICAO,Origin_Status,Origin_Region,Origin_Owner,Origin_Lat,Origin_Lon,Destination_Airport_Name,Destination_FAA_ID,Destination_ICAO,Destination_Status,Destination_Region,Destination_Owner,Destination_Lat,Destination_Lon
ANC,Aniak,Everts Air Cargo,By charter hire for fuel,"Schedule | Everts Air, Airline in Alaska",Ted Stevens Anchorage International Airport,ANC,PANC,Standard,Central,DOT&PF Controlled,61.1743611,-149.9963611,Aniak Apt,ANI,PANI,Standard,Central,DOT&PF Controlled,61.5815969,-159.5430428
ANC,Bethel,Everts Air Cargo,By charter hire for fuel,"Schedule | Everts Air, Airline in Alaska",Ted Stevens Anchorage International Airport,ANC,PANC,Standard,Central,DOT&PF Controlled,61.1743611,-149.9963611,Bethel Apt,BET,PABE,Standard,Central,DOT&PF Controlled,60.7785568,-161.8371774
ANC,Dillingham,Everts Air Cargo,By charter hire for fuel,"Schedule | Everts Air, Airline in Alaska",Ted Stevens Anchorage International Airport,ANC,PANC,Standard,Central,DOT&PF Controlled,61.1743611,-149.9963611,Dillingham Apt,DLG,PADL,Standard,Central,DOT&PF Controlled,59.0446667,-158.5055
ANC,Galena,Everts Air Cargo,By charter hire for fuel,"Schedule | Everts Air, Airline in Alaska",Ted Stevens Anchorage International Airport,ANC,PANC,Standard,Central,DOT&PF Controlled,61.1743611,-149.9963611,Galena Apt,GAL,PAGA,Standard,Northern,DOT&PF Controlled,64.7361667,-156.9373889
ANC,King Salmon,Everts Air Cargo,By charter hire for fuel,"Schedule | Everts Air, Airline in Alaska",Ted Stevens Anchorage International Airport,ANC,PANC,Standard,Central,DOT&PF Controlled,61.1743611,-149.9963611,King Salmon Apt,AKN,PAKN,Standard,Southcoast,DOT&PF Controlled,58.6764935,-156.648691
ANC,Kotzebue,Everts Air Cargo,By charter hire for fuel,"Schedule | Everts Air, Airline in Alaska",Ted Stevens Anchorage International Airport,ANC,PANC,Standard,Central,DOT&PF Controlled,61.1743611,-149.9963611,Kotzebue Ralph Wien Memorial Apt,OTZ,PAOT,Standard,Northern,DOT&PF Controlled,66.88806045,-162.59327529
ANC,Nome,Everts Air Cargo,By charter hire for fuel,"Schedule | Everts Air, Airline in Alaska",Ted Stevens Anchorage International Airport,ANC,PANC,Standard,Central,DOT&PF Controlled,61.1743611,-149.9963611,Nome Apt,OME,PAOM,Standard,Northern,DOT&PF Controlled,64.5122022,-165.4452458
ANC,Unalakleet,Everts Air Cargo,By charter hire for fuel,"Schedule | Everts Air, Airline in Alaska",Ted Stevens Anchorage International Airport,ANC,PANC,Standard,Central,DOT&PF Controlled,61.1743611,-149.9963611,Unalakleet Apt,UNK,PAUN,Standard,Northern,DOT&PF Controlled,63.8884956,-160.7991109
FAI,Kotzebue,Everts Air Cargo,By charter hire for fuel,"Schedule | Everts Air, Airline in Alaska",Fairbanks International Airport,FAI,PAFA,Standard,Northern,DOT&PF Controlled,64.8151101,-147.8564476,Kotzebue Ralph Wien Memorial Apt,OTZ,PAOT,Standard,Northern,DOT&PF Controlled,66.88806045,-162.59327529
FAI,Aniak,Everts Air Cargo,By charter hire for fuel,"Schedule | Everts Air, Airline in Alaska",Fairbanks International Airport,FAI,PAFA,Standard,Northern,DOT&PF Controlled,64.8151101,-147.8564476,Aniak Apt,ANI,PANI,Standard,Central,DOT&PF Controlled,61.5815969,-159.5430428
FAI,Bethel,Everts Air Cargo,By charter hire for fuel,"Schedule | Everts Air, Airline in Alaska",Fairbanks International Airport,FAI,PAFA,Standard,Northern,DOT&PF Controlled,64.8151101,-147.8564476,Bethel Apt,BET,PABE,Standard,Central,DOT&PF Controlled,60.7785568,-161.8371774
FAI,Dillingham,Everts Air Cargo,By charter hire for fuel,"Schedule | Everts Air, Airline in Alaska",Fairbanks International Airport,FAI,PAFA,Standard,Northern,DOT&PF Controlled,64.8151101,-147.8564476,Dillingham Apt,DLG,PADL,Standard,Central,DOT&PF Controlled,59.0446667,-158.5055
FAI,King Salmon,Everts Air Cargo,By charter hire for fuel,"Schedule | Everts Air, Airline in Alaska",Fairbanks International Airport,FAI,PAFA,Standard,Northern,DOT&PF Controlled,64.8151101,-147.8564476,King Salmon Apt,AKN,PAKN,Standard,Southcoast,DOT&PF Controlled,58.6764935,-156.648691
FAI,Nome,Everts Air Cargo,By charter hire for fuel,"Schedule | Everts Air, Airline in Alaska",Fairbanks International Airport,FAI,PAFA,Standard,Northern,DOT&PF Controlled,64.8151101,-147.8564476,Nome Apt,OME,PAOM,Standard,Northern,DOT&PF Controlled,64.5122022,-165.4452458
FAI,Unalakleet,Everts Air Cargo,By charter hire for fuel,"Schedule | Everts Air, Airline in Alaska",Fairbanks International Airport,FAI,PAFA,Standard,Northern,DOT&PF Controlled,64.8151101,-147.8564476,Unalakleet Apt,UNK,PAUN,Standard,Northern,DOT&PF Controlled,63.8884956,-160.7991109
FAI,Anaktuvuk Pass,Everts Air Cargo,By charter hire for fuel - historical flight record,Everts Air routes and airport map - Flightsfrom.com,Fairbanks International Airport,FAI,PAFA,Standard,Northern,DOT&PF Controlled,64.8151101,-147.8564476,Anaktuvuk Pass Apt,AKP,PAKP,Other,Northern,Other Government,68.1335972,-151.7433417
FAI,Fort Yukon,Everts Air Cargo,By charter hire for fuel - historical flight record,Everts Air routes and airport map - Flightsfrom.com,Fairbanks International Airport,FAI,PAFA,Standard,Northern,DOT&PF Controlled,64.8151101,-147.8564476,Fort Yukon Apt,FYU,PFYU,Standard,Northern,DOT&PF Controlled,66.5714903,-145.2504169
FAI,Deadhorse,Everts Air Cargo,By charter hire for fuel - historical flight record,Everts Air routes and airport map - Flightsfrom.com,Fairbanks International Airport,FAI,PAFA,Standard,Northern,DOT&PF Controlled,64.8151101,-147.8564476,Deadhorse Apt,SCC,PASC,Standard,Northern,DOT&PF Controlled,70.19475,-148.4651667
FAI,Galena,Everts Air Cargo,By charter hire for fuel - historical flight record,Everts Air routes and airport map - Flightsfrom.com,Fairbanks International Airport,FAI,PAFA,Standard,Northern,DOT&PF Controlled,64.8151101,-147.8564476,Galena Apt,GAL,PAGA,Standard,Northern,DOT&PF Controlled,64.7361667,-156.9373889
FAI,Arctic Village,Everts Air Cargo,By charter hire for fuel - historical flight record,Everts Air routes and airport map - Flightsfrom.com,Fairbanks International Airport,FAI,PAFA,Standard,Northern,DOT&PF Controlled,64.8151101,-147.8564476,Arctic Village Apt,ARC,PARC,Other,Northern,Other Government,68.1146694,-145.5794153
FAI,Venetie,Everts Air Cargo,By charter hire for fuel - historical flight record,Everts Air routes and airport map - Flightsfrom.com,Fairbanks International Airport,FAI,PAFA,Standard,Northern,DOT&PF Controlled,64.8151101,-147.8564476,Venetie Apt,VEE,PAVE,Other,Northern,Other Government,67.008675,-146.3663583
FAI,Allakaket,Everts Air Cargo,By charter hire for fuel - historical flight record,Everts Air routes and airport map - Flightsfrom.com,Fairbanks International Airport,FAI,PAFA,Standard,Northern,DOT&PF Controlled,64.8151101,-147.8564476,Allakaket Apt,6A8,PFAL,Standard,Northern,DOT&PF Controlled,66.5518333,-152.6221667
FAI,Barter Island,Everts Air Cargo,By charter hire for fuel - historical flight record,Everts Air routes and airport map - Flightsfrom.com,Fairbanks International Airport,FAI,PAFA,Standard,Northern,DOT&PF Controlled,64.8151101,-147.8564476,Kaktovik / Barter Island LRRS Apt,BTI,PABA,Other,Northern,Other Government,70.1339886,-143.5818669
FAI,Eagle,Everts Air Cargo,By charter hire for fuel - historical flight record,Everts Air routes and airport map - Flightsfrom.com,Fairbanks International Airport,FAI,PAFA,Standard,Northern,DOT&PF Controlled,64.8151101,-147.8564476,Eagle Apt,EAA,PAEG,Standard,Northern,DOT&PF Controlled,64.7780833,-141.1496111
FAI,Husila,Everts Air Cargo,By charter hire for fuel - historical flight record,Everts Air routes and airport map - Flightsfrom.com,Fairbanks International Airport,FAI,PAFA,Standard,Northern,DOT&PF Controlled,64.8151101,-147.8564476,Huslia Apt,HLA,PAHL,Standard,Northern,DOT&PF Controlled,65.6978611,-156.3513889
FAI,Nulato,Everts Air Cargo,By charter hire for fuel - historical flight record,Everts Air routes and airport map - Flightsfrom.com,Fairbanks International Airport,FAI,PAFA,Standard,Northern,DOT&PF Controlled,64.8151101,-147.8564476,Nulato Apt,NUL,PANU,Standard,Northern,DOT&PF Controlled,64.7293108,-158.0742219
FAI,Ruby,Everts Air Cargo,By charter hire for fuel - historical flight record,Everts Air routes and airport map - Flightsfrom.com,Fairbanks International Airport,FAI,PAFA,Standard,Northern,DOT&PF Controlled,64.8151101,-147.8564476,Ruby Apt,RBY,PARY,Standard,Northern,DOT&PF Controlled,64.7272222,-155.4698889
ANC,Bethel,Lynden Air Cargo,,Flight Schedules and Routes | Lynden Air Cargo,Ted Stevens Anchorage International Airport,ANC,PANC,Standard,Central,DOT&PF Controlled,61.1743611,-149.9963611,Bethel Apt,BET,PABE,Standard,Central,DOT&PF Controlled,60.7785568,-161.8371774
ANC,Emmonak,Lynden Air Cargo,,Flight Schedules and Routes | Lynden Air Cargo,Ted Stevens Anchorage International Airport,ANC,PANC,Standard,Central,DOT&PF Controlled,61.1743611,-149.9963611,Emmonak Apt,ENM,PAEM,Standard,Northern,DOT&PF Controlled,62.7861389,-164.49075
ANC,Kotzebue,Lynden Air Cargo,,Flight Schedules and Routes | Lynden Air Cargo,Ted Stevens Anchorage International Airport,ANC,PANC,Standard,Central,DOT&PF Controlled,61.1743611,-149.9963611,Kotzebue Ralph Wien Memorial Apt,OTZ,PAOT,Standard,Northern,DOT&PF Controlled,66.88806045,-162.59327529
ANC,Nome,Lynden Air Cargo,,Flight Schedules and Routes | Lynden Air Cargo,Ted Stevens Anchorage International Airport,ANC,PANC,Standard,Central,DOT&PF Controlled,61.1743611,-149.9963611,Nome Apt,OME,PAOM,Standard,Northern,DOT&PF Controlled,64.5122022,-165.4452458
ANC,St. Mary’s,Lynden Air Cargo,,Flight Schedules and Routes | Lynden Air Cargo,Ted Stevens Anchorage International Airport,ANC,PANC,Standard,Central,DOT&PF Controlled,61.1743611,-149.9963611,Saint Mary's Apt,KSM,PASM,Standard,Northern,DOT&PF Controlled,62.0608333,-163.3018333
Bethel,Atmauluak,Lynden Air Cargo,,Flight Schedules and Routes | Lynden Air Cargo,Bethel Apt,BET,PABE,Standard,Central,DOT&PF Controlled,60.7785568,-161.8371774,Atmautluak Apt,4A2,,SubStandard,Central,DOT&PF Controlled,60.8671389,-162.2733889
Bethel,Akiachak,Lynden Air Cargo,,Flight Schedules and Routes | Lynden Air Cargo,Bethel Apt,BET,PABE,Standard,Central,DOT&PF Controlled,60.7785568,-161.8371774,Akiachak Apt,Z13,PFZK,SubStandard,Central,DOT&PF Controlled,60.9048333,-161.4224444
Bethel,Akiak,Lynden Air Cargo,,Flight Schedules and Routes | Lynden Air Cargo,Bethel Apt,BET,PABE,Standard,Central,DOT&PF Controlled,60.7785568,-161.8371774,Akiak Apt,AKI,PFAK,Standard,Central,DOT&PF Controlled,60.9028889,-161.2305833
Bethel,Aniak,Lynden Air Cargo,,Flight Schedules and Routes | Lynden Air Cargo,Bethel Apt,BET,PABE,Standard,Central,DOT&PF Controlled,60.7785568,-161.8371774,Aniak Apt,ANI,PANI,Standard,Central,DOT&PF Controlled,61.5815969,-159.5430428
Bethel,Chefornak,Lynden Air Cargo,,Flight Schedules and Routes | Lynden Air Cargo,Bethel Apt,BET,PABE,Standard,Central,DOT&PF Controlled,60.7785568,-161.8371774,Chefornak Apt,CFK,PACK,SubStandard,Central,DOT&PF Controlled,60.13819592,-164.27929765
Bethel,Chevak,Lynden Air Cargo,,Flight Schedules and Routes | Lynden Air Cargo,Bethel Apt,BET,PABE,Standard,Central,DOT&PF Controlled,60.7785568,-161.8371774,Chevak Apt,VAK,PAVA,SubStandard,Central,DOT&PF Controlled,61.5408453,-165.6008919
Bethel,Eek,Lynden Air Cargo,,Flight Schedules and Routes | Lynden Air Cargo,Bethel Apt,BET,PABE,Standard,Central,DOT&PF Controlled,60.7785568,-161.8371774,Eek Apt,EEK,PAEE,SubStandard,Central,DOT&PF Controlled,60.2136711,-162.0438931
Bethel,Goodnews Bay,Lynden Air Cargo,,Flight Schedules and Routes | Lynden Air Cargo,Bethel Apt,BET,PABE,Standard,Central,DOT&PF Controlled,60.7785568,-161.8371774,Goodnews Apt,GNU,,SubStandard,Central,DOT&PF Controlled,59.1174167,-161.5774444
Bethel,Hooper Bay,Lynden Air Cargo,,Flight Schedules and Routes | Lynden Air Cargo,Bethel Apt,BET,PABE,Standard,Central,DOT&PF Controlled,60.7785568,-161.8371774,Hooper Bay Apt,HPB,PAHP,Standard,Central,DOT&PF Controlled,61.5238611,-166.1466389
Bethel,Kasigluk,Lynden Air Cargo,,Flight Schedules and Routes | Lynden Air Cargo,Bethel Apt,BET,PABE,Standard,Central,DOT&PF Controlled,60.7785568,-161.8371774,Kasigluk Apt,Z09,PFKA,Standard,Central,DOT&PF Controlled,60.8733333,-162.5243056
Bethel,Kipnuk,Lynden Air Cargo,,Flight Schedules and Routes | Lynden Air Cargo,Bethel Apt,BET,PABE,Standard,Central,DOT&PF Controlled,60.7785568,-161.8371774,Kipnuk Apt,IIK,PAKI,SubStandard,Central,DOT&PF Controlled,59.9329511,-164.0305131
Bethel,Kongiganak,Lynden Air Cargo,,Flight Schedules and Routes | Lynden Air Cargo,Bethel Apt,BET,PABE,Standard,Central,DOT&PF Controlled,60.7785568,-161.8371774,Kongiganak Apt,DUY,PADY,SubStandard,Central,DOT&PF Controlled,59.9608056,-162.88125
Bethel,Kwethluk,Lynden Air Cargo,,Flight Schedules and Routes | Lynden Air Cargo,Bethel Apt,BET,PABE,Standard,Central,DOT&PF Controlled,60.7785568,-161.8371774,Kwethluk Apt,KWT,PFKW,SubStandard,Central,DOT&PF Controlled,60.7903333,-161.4436944
Bethel,Kwigillingok,Lynden Air Cargo,,Flight Schedules and Routes | Lynden Air Cargo,Bethel Apt,BET,PABE,Standard,Central,DOT&PF Controlled,60.7785568,-161.8371774,Kwigillingok Apt,GGV,PAGG,SubStandard,Central,DOT&PF Controlled,59.8764694,-163.1685375
Bethel,Marshall,Lynden Air Cargo,,Flight Schedules and Routes | Lynden Air Cargo,Bethel Apt,BET,PABE,Standard,Central,DOT&PF Controlled,60.7785568,-161.8371774,Marshall Apt,MDM,PADM,Standard,Northern,DOT&PF Controlled,61.8642778,-162.0261097
Bethel,Mekoryuk,Lynden Air Cargo,,Flight Schedules and Routes | Lynden Air Cargo,Bethel Apt,BET,PABE,Standard,Central,DOT&PF Controlled,60.7785568,-161.8371774,Mekoryuk Apt,MYU,PAMY,Standard,Central,DOT&PF Controlled,60.37142,-166.2706083
Bethel,Metarvik,Lynden Air Cargo,,Flight Schedules and Routes | Lynden Air Cargo,Bethel Apt,BET,PABE,Standard,Central,DOT&PF Controlled,60.7785568,-161.8371774,Mertavik Apt,EWU,PAEW,SubStandard,Central,DOT&PF Controlled,60.810393,-164.499472
Bethel,Napakiak,Lynden Air Cargo,,Flight Schedules and Routes | Lynden Air Cargo,Bethel Apt,BET,PABE,Standard,Central,DOT&PF Controlled,60.7785568,-161.8371774,Napakiak Apt,WNA,PANA,Standard,Central,DOT&PF Controlled,60.6903333,-161.9785
Bethel,Napaskiak,Lynden Air Cargo,,Flight Schedules and Routes | Lynden Air Cargo,Bethel Apt,BET,PABE,Standard,Central,DOT&PF Controlled,60.7785568,-161.8371774,Napaskiak Apt,PKA,PAPK,Standard,Central,DOT&PF Controlled,60.7029167,-161.7783056
Bethel,Newtok,Lynden Air Cargo,,Flight Schedules and Routes | Lynden Air Cargo,Bethel Apt,BET,PABE,Standard,Central,DOT&PF Controlled,60.7785568,-161.8371774,,,,,,,,
Bethel,Nightmute,Lynden Air Cargo,,Flight Schedules and Routes | Lynden Air Cargo,Bethel Apt,BET,PABE,Standard,Central,DOT&PF Controlled,60.7785568,-161.8371774,Nightmute Apt,IGT,PAGT,SubStandard,Central,DOT&PF Controlled,60.4710472,-164.7008389
Bethel,Nunpitchuk,Lynden Air Cargo,,Flight Schedules and Routes | Lynden Air Cargo,Bethel Apt,BET,PABE,Standard,Central,DOT&PF Controlled,60.7785568,-161.8371774,Nunapitchuk Apt,16A,PPIT,SubStandard,Central,DOT&PF Controlled,60.9060108,-162.4405911
Bethel,Platinum,Lynden Air Cargo,,Flight Schedules and Routes | Lynden Air Cargo,Bethel Apt,BET,PABE,Standard,Central,DOT&PF Controlled,60.7785568,-161.8371774,Platinum Apt,PTU,PAPM,Standard,Central,DOT&PF Controlled,59.0157361,-161.8252111
Bethel,Quinhagak,Lynden Air Cargo,,Flight Schedules and Routes | Lynden Air Cargo,Bethel Apt,BET,PABE,Standard,Central,DOT&PF Controlled,60.7785568,-161.8371774,Quinhagak Apt,AQH,PAQH,Other,Central,Other Government,59.7550944,-161.8453667
Bethel,Russian Mission,Lynden Air Cargo,Out of Bethel first,Flight Schedules and Routes | Lynden Air Cargo,Bethel Apt,BET,PABE,Standard,Central,DOT&PF Controlled,60.7785568,-161.8371774,Russian Mission Apt,RSH,PARS,Standard,Northern,DOT&PF Controlled,61.7748903,-161.3193986
Bethel,Scammon Bay,Lynden Air Cargo,,Flight Schedules and Routes | Lynden Air Cargo,Bethel Apt,BET,PABE,Standard,Central,DOT&PF Controlled,60.7785568,-161.8371774,Scammon Bay Apt,SCM,PACM,SubStandard,Central,DOT&PF Controlled,61.8445411,-165.5737493
Bethel,Toksook Bay,Lynden Air Cargo,,Flight Schedules and Routes | Lynden Air Cargo,Bethel Apt,BET,PABE,Standard,Central,DOT&PF Controlled,60.7785568,-161.8371774,Toksook Bay Apt,OOK,PAOO,SubStandard,Central,DOT&PF Controlled,60.5413361,-165.0871847
Bethel,Tuluksak,Lynden Air Cargo,,Flight Schedules and Routes | Lynden Air Cargo,Bethel Apt,BET,PABE,Standard,Central,DOT&PF Controlled,60.7785568,-161.8371774,Tuluksak Apt,TLT,,SubStandard,Central,DOT&PF Controlled,61.0968333,-160.9694722
Bethel,Tuntutuliak,Lynden Air Cargo,,Flight Schedules and Routes | Lynden Air Cargo,Bethel Apt,BET,PABE,Standard,Central,DOT&PF Controlled,60.7785568,-161.8371774,Tuntutuliak Apt,A61,,SubStandard,Central,DOT&PF Controlled,60.3353456,-162.6670094
Bethel,Tununak,Lynden Air Cargo,,Flight Schedules and Routes | Lynden Air Cargo,Bethel Apt,BET,PABE,Standard,Central,DOT&PF Controlled,60.7785568,-161.8371774,Tununak Apt,4KA,,SubStandard,Central,DOT&PF Controlled,60.5711348941586,-165.247154142734
Kotzebue,Ambler,Lynden Air Cargo,,Flight Schedules and Routes | Lynden Air Cargo,Kotzebue Ralph Wien Memorial Apt,OTZ,PAOT,Standard,Northern,DOT&PF Controlled,66.88806045,-162.59327529,Ambler Apt,AFM,PAFM,SubStandard,Northern,DOT&PF Controlled,67.1063139,-157.8574722
Kotzebue,Buckland,Lynden Air Cargo,,Flight Schedules and Routes | Lynden Air Cargo,Kotzebue Ralph Wien Memorial Apt,OTZ,PAOT,Standard,Northern,DOT&PF Controlled,66.88806045,-162.59327529,Buckland Apt,BVK,PABL,Standard,Northern,DOT&PF Controlled,65.9815653,-161.1490708
Kotzebue,Deering,Lynden Air Cargo,,Flight Schedules and Routes | Lynden Air Cargo,Kotzebue Ralph Wien Memorial Apt,OTZ,PAOT,Standard,Northern,DOT&PF Controlled,66.88806045,-162.59327529,Deering Apt,DEE,PADE,Standard,Northern,DOT&PF Controlled,66.0695611,-162.7663675
Kotzebue,Kiana,Lynden Air Cargo,,Flight Schedules and Routes | Lynden Air Cargo,Kotzebue Ralph Wien Memorial Apt,OTZ,PAOT,Standard,Northern,DOT&PF Controlled,66.88806045,-162.59327529,Kiana Bob Baker Memorial Apt,IAN,PAIK,Standard,Northern,DOT&PF Controlled,66.9759539,-160.4365344
Kotzebue,Kivilina,Lynden Air Cargo,,Flight Schedules and Routes | Lynden Air Cargo,Kotzebue Ralph Wien Memorial Apt,OTZ,PAOT,Standard,Northern,DOT&PF Controlled,66.88806045,-162.59327529,Kivalina Apt,KVL,PAVL,SubStandard,Northern,DOT&PF Controlled,67.7361514,-164.5634961
Kotzebue,Kobuk,Lynden Air Cargo,,Flight Schedules and Routes | Lynden Air Cargo,Kotzebue Ralph Wien Memorial Apt,OTZ,PAOT,Standard,Northern,DOT&PF Controlled,66.88806045,-162.59327529,Kobuk Apt,OBU,PAOB,SubStandard,Northern,DOT&PF Controlled,66.9123417,-156.8973306
Kotzebue,Noatak,Lynden Air Cargo,,Flight Schedules and Routes | Lynden Air Cargo,Kotzebue Ralph Wien Memorial Apt,OTZ,PAOT,Standard,Northern,DOT&PF Controlled,66.88806045,-162.59327529,Noatak Apt,WTK,PAWN,Standard,Northern,DOT&PF Controlled,67.5610722,-162.9803528
Kotzebue,Noorvik,Lynden Air Cargo,,Flight Schedules and Routes | Lynden Air Cargo,Kotzebue Ralph Wien Memorial Apt,OTZ,PAOT,Standard,Northern,DOT&PF Controlled,66.88806045,-162.59327529,Noorvik Robert (Bob) Curtis Memorial Apt,D76,PFNO,Standard,Northern,DOT&PF Controlled,66.8175278,-161.02225
Kotzebue,Point Hope,Lynden Air Cargo,,Flight Schedules and Routes | Lynden Air Cargo,Kotzebue Ralph Wien Memorial Apt,OTZ,PAOT,Standard,Northern,DOT&PF Controlled,66.88806045,-162.59327529,Point Hope Apt,PHO,PAPO,Standard,Northern,DOT&PF Controlled,68.3488347,-166.79935
Kotzebue,Selawik,Lynden Air Cargo,,Flight Schedules and Routes | Lynden Air Cargo,Kotzebue Ralph Wien Memorial Apt,OTZ,PAOT,Standard,Northern,DOT&PF Controlled,66.88806045,-162.59327529,Selawik Apt,WLK,PASK,Standard,Northern,DOT&PF Controlled,66.6001389,-159.98575
Kotzebue,Shugnak,Lynden Air Cargo,,Flight Schedules and Routes | Lynden Air Cargo,Kotzebue Ralph Wien Memorial Apt,OTZ,PAOT,Standard,Northern,DOT&PF Controlled,66.88806045,-162.59327529,Shungnak Apt,SHG,PAGH,Standard,Northern,DOT&PF Controlled,66.8880767,-157.1624014
Nome,Brevig Mission,Lynden Air Cargo,,Flight Schedules and Routes | Lynden Air Cargo,Nome Apt,OME,PAOM,Standard,Northern,DOT&PF Controlled,64.5122022,-165.4452458,Brevig Mission Apt,KTS,PFKT,Standard,Northern,DOT&PF Controlled,65.3313333,-166.4657222
Nome,Elim,Lynden Air Cargo,,Flight Schedules and Routes | Lynden Air Cargo,Nome Apt,OME,PAOM,Standard,Northern,DOT&PF Controlled,64.5122022,-165.4452458,Elim Apt,ELI,PFEL,Standard,Northern,DOT&PF Controlled,64.6149722,-162.2705278
Nome,Gambell,Lynden Air Cargo,,Flight Schedules and Routes | Lynden Air Cargo,Nome Apt,OME,PAOM,Standard,Northern,DOT&PF Controlled,64.5122022,-165.4452458,Gambell Apt,GAM,PAGM,Standard,Northern,DOT&PF Controlled,63.7667656,-171.7328236
Nome,Golovin,Lynden Air Cargo,,Flight Schedules and Routes | Lynden Air Cargo,Nome Apt,OME,PAOM,Standard,Northern,DOT&PF Controlled,64.5122022,-165.4452458,New Golovin Apt,GLV,PAGL,Standard,Northern,DOT&PF Controlled,64.5504553,-163.0071703
Nome,Koyuk,Lynden Air Cargo,,Flight Schedules and Routes | Lynden Air Cargo,Nome Apt,OME,PAOM,Standard,Northern,DOT&PF Controlled,64.5122022,-165.4452458,Koyuk Apt,KKA,PAKK,Standard,Northern,DOT&PF Controlled,64.9394894,-161.1542656
Nome,St. Michael,Lynden Air Cargo,Out of Nome - Unalkleet,Flight Schedules and Routes | Lynden Air Cargo,Nome Apt,OME,PAOM,Standard,Northern,DOT&PF Controlled,64.5122022,-165.4452458,Saint Michael Apt,SMK,PAMK,Standard,Northern,DOT&PF Controlled,63.4900556,-162.1103889
Nome,Savoonga,Lynden Air Cargo,,Flight Schedules and Routes | Lynden Air Cargo,Nome Apt,OME,PAOM,Standard,Northern,DOT&PF Controlled,64.5122022,-165.4452458,Savoonga Apt,SVA,PASA,Standard,Northern,DOT&PF Controlled,63.6862667,-170.4931639
Nome,Shaktoolik,Lynden Air Cargo,,Flight Schedules and Routes | Lynden Air Cargo,Nome Apt,OME,PAOM,Standard,Northern,DOT&PF Controlled,64.5122022,-165.4452458,Shaktoolik Apt,2C7,PFSH,Standard,Northern,DOT&PF Controlled,64.3710833,-161.2239722
Nome,Shishmaref,Lynden Air Cargo,,Flight Schedules and Routes | Lynden Air Cargo,Nome Apt,OME,PAOM,Standard,Northern,DOT&PF Controlled,64.5122022,-165.4452458,Shishmaref Apt,SHH,PASH,Standard,Northern,DOT&PF Controlled,66.2495667,-166.0893458
Nome,Stebbins,Lynden Air Cargo,,Flight Schedules and Routes | Lynden Air Cargo,Nome Apt,OME,PAOM,Standard,Northern,DOT&PF Controlled,64.5122022,-165.4452458,Stebbins Apt,WBB,,Standard,Northern,DOT&PF Controlled,63.5159708,-162.2779931
Nome,Teller,Lynden Air Cargo,,Flight Schedules and Routes | Lynden Air Cargo,Nome Apt,OME,PAOM,Standard,Northern,DOT&PF Controlled,64.5122022,-165.4452458,Teller Apt,TER,PATE,Standard,Northern,DOT&PF Controlled,65.2403794,-166.3393397
Nome,Tin City,Lynden Air Cargo,,Flight Schedules and Routes | Lynden Air Cargo,Nome Apt,OME,PAOM,Standard,Northern,DOT&PF Controlled,64.5122022,-165.4452458,Tin City LRRS Airport,TNC,PATC,Other,Northern,US Air Force,65.5634,-167.9217
Nome,Unalakleet,Lynden Air Cargo,,Flight Schedules and Routes | Lynden Air Cargo,Nome Apt,OME,PAOM,Standard,Northern,DOT&PF Controlled,64.5122022,-165.4452458,Unalakleet Apt,UNK,PAUN,Standard,Northern,DOT&PF Controlled,63.8884956,-160.7991109
Nome,Wales,Lynden Air Cargo,,Flight Schedules and Routes | Lynden Air Cargo,Nome Apt,OME,PAOM,Standard,Northern,DOT&PF Controlled,64.5122022,-165.4452458,Wales Apt,IWK,PAIW,Standard,Northern,DOT&PF Controlled,65.6225847,-168.0949389
Nome,White Mountain,Lynden Air Cargo,,Flight Schedules and Routes | Lynden Air Cargo,Nome Apt,OME,PAOM,Standard,Northern,DOT&PF Controlled,64.5122022,-165.4452458,White Mountain Apt,WMO,PAWM,Standard,Northern,DOT&PF Controlled,64.6891944,-163.41275
Nome,Council,Bering Air,,https://www.beringair.com/about/our-destinations/,Nome Apt,OME,PAOM,Standard,Northern,DOT&PF Controlled,64.5122022,-165.4452458,Council No 1 Apt,K29,,Standard,Northern,DOT&PF Controlled,64.8978828,-163.7034472
Nome,Little Diomede,Bering Air,,https://www.beringair.com/about/our-destinations/,Nome Apt,OME,PAOM,Standard,Northern,DOT&PF Controlled,64.5122022,-165.4452458,Little Diomede Heliport,DM2,PPDM,Standard,Northern,DOT&PF Controlled,65.75866667,-168.953
St. Mary’s,Mountain Village,Lynden Air Cargo,,Flight Schedules and Routes | Lynden Air Cargo,Saint Mary's Apt,KSM,PASM,Standard,Northern,DOT&PF Controlled,62.0608333,-163.3018333,Mountain Village Apt,MOU,PAMO,Standard,Northern,DOT&PF Controlled,62.0953622,-163.6820594
St. Mary’s,Pilot Station,Lynden Air Cargo,,Flight Schedules and Routes | Lynden Air Cargo,Saint Mary's Apt,KSM,PASM,Standard,Northern,DOT&PF Controlled,62.0608333,-163.3018333,Pilot Station Apt,0AK,,SubStandard,Northern,DOT&PF Controlled,61.9613,-162.942872
Emmonak,Alakanuk,Lynden Air Cargo,,Flight Schedules and Routes | Lynden Air Cargo,Emmonak Apt,ENM,PAEM,Standard,Northern,DOT&PF Controlled,62.7861389,-164.49075,Alakanuk Apt,AUK,PAUK,SubStandard,Northern,DOT&PF Controlled,62.68305,-164.72222
Emmonak,Kotlik,Lynden Air Cargo,,Flight Schedules and Routes | Lynden Air Cargo,Emmonak Apt,ENM,PAEM,Standard,Northern,DOT&PF Controlled,62.7861389,-164.49075,Kotlik Apt,2A9,PFKO,Standard,Northern,DOT&PF Controlled,63.0305833,-163.5326389
Emmonak,Nunam Iqua,Lynden Air Cargo,,Flight Schedules and Routes | Lynden Air Cargo,Emmonak Apt,ENM,PAEM,Standard,Northern,DOT&PF Controlled,62.7861389,-164.49075,Nunam Iqua Apt,SXP,,SubStandard,Northern,DOT&PF Controlled,62.5205556,-164.8477778
St. Michael,Nome,Bering Air,,,Saint Michael Apt,SMK,PAMK,Standard,Northern,DOT&PF Controlled,63.4900556,-162.1103889,Nome Apt,OME,PAOM,Standard,Northern,DOT&PF Controlled,64.5122022,-165.4452458
Kenai,Nondalton Runway,Everts Air Cargo,Historical finding,,Kenai Municipal Apt,ENA,PAEN,Other,Central,Other Government,60.5733068,-151.2447778,Nondalton Apt,5NN,PANO,SubStandard,Southcoast,DOT&PF Controlled,59.9802303,-154.8391747
Wales,Little Diomede,Bering Air,Historical flight - helicopter,,Wales Apt,IWK,PAIW,Standard,Northern,DOT&PF Controlled,65.6225847,-168.0949389,Little Diomede Heliport,DM2,PPDM,Standard,Northern,DOT&PF Controlled,65.75866667,-168.953
